{"type":"FeatureCollection","features":[
{"type":"Feature","properties":{},"geometry":{"type":"Polygon","coordinates":[[[-79.990138,40.467858],[-79.990103,40.467973],[-79.990112,40.468447],[-79.990078,40.468587],[-79.990122,40.468751],[-79.990154,40.469019],[-79.990076,40.469221],[-79.99001,40.469406],[-79.989884,40.469529],[-79.98962,40.469633],[-79.989252,40.469755],[-79.989058,40.469834],[-79.98895,40.469921],[-79.988946,40.469991],[-79.989001,40.470064],[-79.989114,40.470137],[-79.989728,40.47025],[-79.990097,40.470332],[-79.990651,40.470327],[-79.991068,40.470289],[-79.991639,40.470178],[-79.991909,40.470058],[-79.992182,40.470013],[-79.992757,40.469942],[-79.993232,40.469883],[-79.993573,40.469926],[-79.993739,40.470022],[-79.993841,40.47014],[-79.993885,40.470299],[-79.993752,40.470416],[-79.993445,40.470592],[-79.992821,40.470878],[-79.992023,40.471238],[-79.991711,40.471473],[-79.991539,40.471696],[-79.991435,40.471913],[-79.991471,40.472196],[-79.991465,40.472406],[-79.991413,40.472602],[-79.991261,40.472764],[-79.991158,40.472791],[-79.990962,40.4728],[-79.990825,40.472788],[-79.990659,40.472706],[-79.990472,40.4726],[-79.990379,40.472552],[-79.990327,40.472548],[-79.990283,40.472594],[-79.990319,40.472688],[-79.990425,40.47276],[-79.99051,40.472953],[-79.990531,40.473187],[-79.990628,40.47355],[-79.99069,40.474032],[-79.990718,40.474211],[-79.990862,40.474418],[-79.991071,40.474588],[-79.991445,40.474856],[-79.991748,40.474939],[-79.992081,40.474933],[-79.992374,40.474902],[-79.992714,40.474726],[-79.993244,40.474534],[-79.993278,40.474574],[-79.993321,40.475783],[-79.993015,40.475893],[-79.992609,40.475934],[-79.992214,40.475908],[-79.991819,40.47586],[-79.991228,40.475828],[-79.990777,40.475843],[-79.990584,40.475781],[-79.990416,40.475684],[-79.990175,40.475503],[-79.990054,40.475253],[-79.989995,40.475029],[-79.98994,40.474811],[-79.989829,40.474614],[-79.989625,40.47422],[-79.989427,40.474025],[-79.989178,40.473831],[-79.988928,40.473636],[-79.988707,40.473269],[-79.988446,40.472737],[-79.988092,40.472266],[-79.987927,40.471997],[-79.987929,40.471811],[-79.987959,40.471645],[-79.987981,40.471525],[-79.987978,40.471452],[-79.987925,40.471407],[-79.987845,40.471362],[-79.987617,40.471306],[-79.98737,40.471192],[-79.98728,40.471074],[-79.987148,40.470771],[-79.987077,40.470474],[-79.987084,40.470003],[-79.987083,40.469738],[-79.987015,40.4695],[-79.986858,40.469231],[-79.986766,40.469067],[-79.986737,40.468975],[-79.986769,40.468901],[-79.986835,40.468807],[-79.986842,40.468754],[-79.986823,40.468701],[-79.986717,40.468637],[-79.986496,40.468535],[-79.986325,40.468326],[-79.98616,40.468064],[-79.986091,40.467839],[-79.986085,40.467654],[-79.986148,40.467328],[-79.986129,40.467023],[-79.986062,40.466566],[-79.986059,40.466221],[-79.98613,40.465994],[-79.986173,40.465728],[-79.986169,40.465469],[-79.986141,40.464886],[-79.986146,40.464657],[-79.986212,40.464473],[-79.986401,40.464151],[-79.986642,40.463828],[-79.987004,40.463483],[-79.987138,40.463341],[-79.987276,40.463298],[-79.987431,40.463269],[-79.987543,40.463233],[-79.987627,40.463165],[-79.987729,40.46309],[-79.987847,40.462995],[-79.988056,40.462878],[-79.988331,40.462774],[-79.988517,40.462651],[-79.988685,40.462462],[-79.988698,40.462322],[-79.988664,40.462084],[-79.988663,40.461812],[-79.988735,40.461631],[-79.989075,40.461406],[-79.989467,40.461166],[-79.98981,40.46104],[-79.990382,40.460879],[-79.990771,40.460819],[-79.991395,40.460813],[-79.991523,40.460874],[-79.99156,40.460916],[-79.99166,40.460924],[-79.991733,40.460903],[-79.991797,40.460865],[-79.991866,40.460861],[-79.991978,40.460852],[-79.992064,40.46081],[-79.992201,40.460751],[-79.992338,40.460712],[-79.992725,40.460572],[-79.993014,40.460477],[-79.993281,40.460342],[-79.993329,40.460285],[-79.99344,40.46016],[-79.993743,40.459988],[-79.993874,40.459886],[-79.994109,40.459719],[-79.994321,40.459556],[-79.994509,40.459353],[-79.994661,40.459204],[-79.994786,40.459042],[-79.994973,40.458926],[-79.995193,40.458749],[-79.995411,40.458519],[-79.995691,40.458322],[-79.995981,40.45819],[-79.996619,40.458045],[-79.996888,40.458026],[-79.997116,40.458095],[-79.997283,40.458158],[-79.997395,40.458149],[-79.997509,40.458173],[-79.997863,40.458372],[-79.998191,40.458591],[-79.998473,40.458845],[-79.998642,40.459213],[-79.998772,40.459476],[-79.998835,40.459793],[-79.998898,40.460124],[-79.999028,40.460386],[-79.999072,40.460651],[-79.999101,40.460995],[-79.999142,40.46118],[-79.999048,40.461501],[-79.999106,40.461938],[-79.999086,40.46213],[-79.999077,40.462356],[-79.999008,40.462643],[-79.998964,40.462889],[-79.999018,40.46308],[-79.99912,40.463277],[-79.999215,40.463514],[-79.99926,40.463806],[-79.999234,40.464085],[-79.999278,40.464343],[-79.999376,40.464686],[-79.999454,40.46494],[-79.999533,40.465107],[-79.999534,40.46527],[-79.999543,40.465402],[-79.999517,40.465542],[-79.999484,40.465709],[-79.999483,40.465815],[-79.999498,40.465927],[-79.999554,40.466066],[-79.99956,40.466225],[-79.999518,40.466418],[-79.999453,40.466549],[-79.999394,40.466599],[-79.999326,40.466641],[-79.999284,40.466678],[-79.999289,40.466718],[-79.999312,40.466757],[-79.999284,40.466804],[-79.999259,40.466858],[-79.99927,40.466917],[-79.99935,40.466962],[-79.999443,40.467023],[-79.999549,40.467068],[-79.999647,40.467155],[-79.999778,40.467274],[-79.999883,40.467425],[-80.000132,40.467637],[-80.000279,40.467798],[-80.000643,40.468247],[-80.000851,40.46851],[-80.000869,40.468634],[-80.001331,40.469153],[-80.001535,40.469486],[-80.001705,40.46989],[-80.001776,40.470226],[-80.001857,40.470518],[-80.002044,40.470775],[-80.002408,40.47123],[-80.002508,40.471462],[-80.002493,40.471653],[-80.002609,40.471727],[-80.003357,40.471734],[-80.003671,40.47176],[-80.003836,40.471822],[-80.004072,40.472052],[-80.004318,40.4724],[-80.004451,40.47274],[-80.004922,40.47353],[-80.005133,40.473874],[-80.005483,40.474362],[-80.005804,40.474791],[-80.005906,40.474876],[-80.006131,40.475007],[-80.006431,40.475241],[-80.006706,40.4756],[-80.007029,40.476001],[-80.007179,40.476444],[-80.00723,40.476693],[-80.007219,40.476987],[-80.007194,40.477324],[-80.007164,40.477591],[-80.00712,40.477978],[-80.007096,40.478321],[-80.007062,40.478806],[-80.007038,40.479258],[-80.007012,40.47953],[-80.006921,40.479896],[-80.006917,40.48019],[-80.006985,40.480536],[-80.007061,40.480682],[-80.007047,40.480899],[-80.007011,40.48109],[-80.006926,40.48131],[-80.006798,40.481443],[-80.006695,40.481532],[-80.006612,40.481604],[-80.006551,40.481703],[-80.006547,40.481785],[-80.006607,40.481887],[-80.006764,40.482101],[-80.006934,40.482299],[-80.007018,40.482466],[-80.007052,40.482743],[-80.007072,40.482905],[-80.007272,40.483146],[-80.007431,40.483426],[-80.007465,40.48361],[-80.007466,40.483833],[-80.007623,40.48408],[-80.007805,40.484305],[-80.007842,40.484538],[-80.008029,40.485257],[-80.008191,40.485928],[-80.008204,40.486526],[-80.008244,40.486683],[-80.008348,40.486795],[-80.008594,40.486921],[-80.008847,40.487035],[-80.00915,40.487252],[-80.009238,40.487343],[-80.009372,40.487525],[-80.009422,40.487726],[-80.009465,40.487942],[-80.009509,40.488191],[-80.009524,40.48843],[-80.009627,40.488548],[-80.009767,40.488681],[-80.009843,40.48881],[-80.009816,40.488974],[-80.009747,40.489051],[-80.009579,40.489131],[-80.009319,40.489212],[-80.009193,40.489296],[-80.009161,40.489394],[-80.009029,40.489495],[-80.008995,40.48955],[-80.009047,40.489614],[-80.00917,40.489655],[-80.009433,40.489639],[-80.009552,40.489795],[-80.009544,40.489985],[-80.009595,40.490131],[-80.009786,40.490306],[-80.010011,40.490443],[-80.010063,40.490714],[-80.010055,40.490894],[-80.010139,40.491077],[-80.010215,40.491228],[-80.010288,40.491281],[-80.010327,40.491356],[-80.010236,40.491423],[-80.01009,40.491518],[-80.009937,40.491619],[-80.009884,40.491756],[-80.009873,40.491838],[-80.009882,40.491887],[-80.009997,40.491923],[-80.010133,40.491947],[-80.010404,40.492067],[-80.010843,40.492439],[-80.011173,40.492835],[-80.011246,40.493105],[-80.011192,40.493384],[-80.010946,40.493687],[-80.010746,40.493876],[-80.010368,40.494079],[-80.009869,40.494263],[-80.009281,40.494367],[-80.008617,40.494399],[-80.008061,40.494388],[-80.008067,40.494464],[-80.00798,40.494523],[-80.00791,40.494546],[-80.007934,40.494635],[-80.008076,40.494728],[-80.008422,40.495004],[-80.008766,40.49528],[-80.009064,40.49547],[-80.00928,40.495531],[-80.009401,40.495534],[-80.009498,40.495456],[-80.009572,40.495324],[-80.009723,40.495163],[-80.009919,40.495061],[-80.010206,40.494914],[-80.010488,40.494838],[-80.010801,40.494832],[-80.011102,40.494902],[-80.011284,40.495018],[-80.011409,40.49513],[-80.011461,40.495194],[-80.011531,40.49516],[-80.011557,40.495089],[-80.011576,40.495013],[-80.011534,40.49478],[-80.011453,40.494526],[-80.01153,40.494453],[-80.011719,40.494363],[-80.011952,40.494293],[-80.012186,40.494261],[-80.01271,40.494403],[-80.013133,40.494585],[-80.013381,40.494776],[-80.013578,40.494908],[-80.014136,40.495223],[-80.014724,40.495549],[-80.014941,40.495648],[-80.015032,40.495603],[-80.015019,40.495424],[-80.014947,40.495186],[-80.01477,40.495004],[-80.014336,40.494649],[-80.012949,40.493616],[-80.012913,40.493404],[-80.01293,40.493257],[-80.013368,40.492944],[-80.01356,40.492842],[-80.013666,40.492808],[-80.013815,40.492797],[-80.013963,40.492767],[-80.014079,40.492721],[-80.014186,40.492618],[-80.014229,40.492533],[-80.014248,40.492465],[-80.014207,40.492408],[-80.014153,40.492388],[-80.014029,40.492401],[-80.013816,40.492408],[-80.013654,40.492452],[-80.013414,40.492527],[-80.01327,40.492533],[-80.013071,40.492531],[-80.012793,40.492526],[-80.012598,40.492453],[-80.012409,40.492316],[-80.012085,40.492012],[-80.011896,40.49188],[-80.01159,40.491674],[-80.011403,40.4914],[-80.011112,40.490895],[-80.011029,40.490641],[-80.010931,40.490224],[-80.01089,40.489855],[-80.010949,40.489604],[-80.011014,40.489418],[-80.011031,40.489271],[-80.010974,40.489054],[-80.01089,40.488686],[-80.01087,40.488502],[-80.01096,40.488435],[-80.011065,40.488373],[-80.011077,40.488308],[-80.011011,40.48826],[-80.010895,40.488202],[-80.010656,40.488077],[-80.010459,40.487882],[-80.010264,40.487581],[-80.010065,40.487177],[-80.009852,40.486768],[-80.009554,40.486356],[-80.009347,40.486229],[-80.009219,40.48603],[-80.009177,40.485844],[-80.009241,40.485736],[-80.009413,40.485611],[-80.009529,40.485551],[-80.009652,40.485522],[-80.009858,40.485512],[-80.010004,40.485504],[-80.010156,40.485471],[-80.010247,40.485429],[-80.010308,40.485338],[-80.010279,40.485274],[-80.010205,40.485203],[-80.010033,40.48509],[-80.009685,40.48495],[-80.009326,40.484761],[-80.008963,40.48442],[-80.008503,40.483873],[-80.007963,40.482924],[-80.00766,40.482484],[-80.007564,40.482229],[-80.007562,40.481942],[-80.00761,40.481715],[-80.0077,40.481524],[-80.00782,40.481271],[-80.007872,40.481044],[-80.007857,40.480824],[-80.007777,40.480606],[-80.007619,40.480432],[-80.007527,40.480287],[-80.007535,40.480049],[-80.007553,40.47904],[-80.007631,40.478024],[-80.007743,40.477191],[-80.007839,40.476945],[-80.008072,40.476738],[-80.008172,40.476639],[-80.008186,40.476583],[-80.008081,40.47653],[-80.007753,40.476299],[-80.007529,40.476052],[-80.007326,40.475726],[-80.00712,40.475431],[-80.00671,40.474901],[-80.006259,40.474305],[-80.005983,40.473834],[-80.005599,40.473126],[-80.005526,40.472853],[-80.005513,40.472468],[-80.005469,40.472338],[-80.005298,40.472124],[-80.005019,40.471903],[-80.004573,40.471622],[-80.004044,40.471293],[-80.003784,40.471145],[-80.003548,40.471022],[-80.003302,40.470861],[-80.002913,40.470686],[-80.002693,40.470568],[-80.002421,40.47009],[-80.002309,40.469848],[-80.002299,40.469671],[-80.002317,40.4695],[-80.002223,40.46933],[-80.001835,40.468727],[-80.001464,40.468154],[-80.00135,40.46796],[-80.001279,40.467742],[-80.001128,40.467549],[-80.00101,40.467356],[-80.000972,40.467185],[-80.000838,40.466993],[-80.000641,40.466838],[-80.000557,40.466717],[-80.000516,40.466449],[-80.000493,40.466254],[-80.000358,40.466036],[-80.00019,40.465795],[-80.000263,40.465574],[-80.000465,40.465411],[-80.000616,40.465139],[-80.000767,40.464855],[-80.00079,40.464598],[-80.000654,40.464369],[-80.000392,40.464178],[-80.000263,40.4639],[-80.000195,40.462813],[-80.000134,40.461947],[-80.000087,40.461275],[-79.999999,40.46035],[-79.999988,40.460021],[-79.999959,40.45961],[-79.999926,40.459141],[-79.999838,40.458732],[-79.999781,40.458416],[-79.9998,40.458051],[-79.99993,40.457825],[-80.000191,40.457668],[-80.000575,40.457685],[-80.001065,40.457737],[-80.00171,40.457908],[-80.002373,40.458139],[-80.00292,40.458214],[-80.003352,40.45823],[-80.003674,40.458297],[-80.004253,40.458408],[-80.004673,40.458522],[-80.005013,40.45865],[-80.0055,40.458872],[-80.005791,40.458952],[-80.006207,40.458956],[-80.006621,40.458912],[-80.006973,40.458929],[-80.007521,40.459041],[-80.007958,40.459215],[-80.008283,40.459344],[-80.008641,40.459312],[-80.009181,40.459179],[-80.009812,40.458947],[-80.010177,40.458842],[-80.010529,40.458847],[-80.010738,40.458892],[-80.010931,40.458925],[-80.011105,40.458873],[-80.011359,40.458819],[-80.011695,40.458812],[-80.012032,40.458842],[-80.012323,40.458935],[-80.012517,40.459004],[-80.012776,40.459085],[-80.013095,40.459078],[-80.013545,40.459143],[-80.01393,40.459172],[-80.014218,40.459179],[-80.01443,40.459309],[-80.014688,40.459377],[-80.014898,40.459422],[-80.015219,40.459452],[-80.015396,40.459498],[-80.015527,40.459593],[-80.016225,40.460361],[-80.016623,40.460543],[-80.016891,40.460678],[-80.01705,40.460871],[-80.017251,40.461154],[-80.017575,40.461752],[-80.01769,40.461952],[-80.017736,40.462153],[-80.017639,40.46235],[-80.017212,40.462719],[-80.017129,40.462879],[-80.017179,40.462933],[-80.017236,40.462957],[-80.01733,40.462912],[-80.017545,40.462877],[-80.017831,40.462835],[-80.018317,40.462764],[-80.018733,40.462787],[-80.019013,40.462904],[-80.019335,40.463197],[-80.019563,40.463553],[-80.019677,40.463856],[-80.019637,40.464333],[-80.019595,40.46486],[-80.019689,40.465053],[-80.019722,40.465322],[-80.019543,40.465698],[-80.019257,40.465991],[-80.01854,40.466316],[-80.018154,40.466483],[-80.017766,40.466588],[-80.017343,40.466755],[-80.016273,40.467259],[-80.01601,40.467289],[-80.015732,40.467355],[-80.015505,40.467488],[-80.014979,40.467792],[-80.014539,40.468033],[-80.014252,40.46805],[-80.014226,40.467978],[-80.014341,40.467853],[-80.014743,40.467552],[-80.015182,40.467281],[-80.015511,40.467079],[-80.015914,40.466936],[-80.016331,40.466733],[-80.017148,40.466301],[-80.017761,40.465965],[-80.01832,40.465484],[-80.018583,40.4651],[-80.018729,40.464693],[-80.018731,40.464516],[-80.018689,40.464321],[-80.018535,40.463775],[-80.018297,40.463608],[-80.018014,40.463528],[-80.017751,40.463546],[-80.017236,40.463696],[-80.016638,40.463958],[-80.016214,40.464211],[-80.015519,40.464451],[-80.015267,40.464572],[-80.014973,40.464639],[-80.014565,40.464635],[-80.014307,40.46456],[-80.014205,40.464391],[-80.014297,40.464261],[-80.014673,40.464028],[-80.015279,40.463502],[-80.01589,40.462898],[-80.016161,40.46252],[-80.01618,40.462354],[-80.016141,40.462141],[-80.015737,40.461789],[-80.015593,40.461779],[-80.015426,40.461819],[-80.015091,40.461948],[-80.01469,40.46217],[-80.013993,40.462605],[-80.013818,40.462627],[-80.013609,40.462582],[-80.013422,40.4625],[-80.013343,40.462288],[-80.013316,40.461976],[-80.013292,40.461714],[-80.013257,40.461397],[-80.013298,40.460956],[-80.013221,40.460805],[-80.01309,40.460722],[-80.01285,40.460709],[-80.012444,40.460765],[-80.010824,40.460852],[-80.010617,40.460881],[-80.0105,40.460981],[-80.010442,40.461135],[-80.010416,40.461575],[-80.010382,40.461741],[-80.010234,40.46186],[-80.01009,40.462095],[-80.010085,40.462599],[-80.010173,40.463428],[-80.010175,40.463972],[-80.010102,40.464181],[-80.009916,40.4646],[-80.009654,40.465015],[-80.009482,40.465134],[-80.009246,40.465249],[-80.008993,40.465321],[-80.008722,40.465369],[-80.008539,40.465379],[-80.008313,40.465328],[-80.007972,40.465182],[-80.007752,40.46504],[-80.007481,40.46485],[-80.007022,40.464516],[-80.006582,40.46425],[-80.006242,40.464128],[-80.005961,40.464091],[-80.005787,40.464143],[-80.005717,40.464212],[-80.005747,40.464407],[-80.005791,40.464742],[-80.005766,40.464956],[-80.005699,40.465104],[-80.005498,40.465322],[-80.005263,40.465467],[-80.005003,40.465609],[-80.004842,40.465665],[-80.004422,40.465783],[-80.004417,40.465869],[-80.004548,40.465958],[-80.004725,40.466009],[-80.004991,40.466059],[-80.005265,40.466115],[-80.005621,40.466261],[-80.006098,40.466392],[-80.006453,40.466507],[-80.006647,40.466675],[-80.006806,40.466891],[-80.006877,40.467098],[-80.006937,40.467457],[-80.006938,40.467738],[-80.006828,40.468021],[-80.006643,40.468239],[-80.006267,40.468466],[-80.006066,40.468537],[-80.005821,40.46864],[-80.005616,40.468736],[-80.005434,40.468782],[-80.005244,40.468853],[-80.005175,40.46894],[-80.005138,40.469032],[-80.005133,40.469118],[-80.005169,40.469221],[-80.005252,40.469305],[-80.005286,40.469371],[-80.005305,40.469463],[-80.00538,40.469571],[-80.005544,40.469678],[-80.005684,40.469798],[-80.005736,40.469925],[-80.005784,40.470156],[-80.005811,40.470266],[-80.00591,40.470349],[-80.006057,40.470444],[-80.006213,40.470551],[-80.006424,40.470639],[-80.006648,40.470756],[-80.006782,40.470943],[-80.007024,40.47125],[-80.007344,40.471611],[-80.007373,40.471763],[-80.007384,40.472074],[-80.00727,40.472272],[-80.007047,40.472545],[-80.007055,40.472765],[-80.007194,40.473111],[-80.007374,40.473571],[-80.007546,40.473825],[-80.007787,40.474083],[-80.007974,40.474293],[-80.008295,40.474568],[-80.008656,40.474833],[-80.008885,40.475051],[-80.009213,40.475298],[-80.009412,40.475398],[-80.009724,40.475508],[-80.010182,40.475579],[-80.010608,40.47565],[-80.011123,40.475799],[-80.011252,40.47594],[-80.011289,40.476196],[-80.011259,40.476517],[-80.011212,40.476708],[-80.011075,40.476918],[-80.011084,40.477177],[-80.011068,40.477419],[-80.011026,40.477603],[-80.010909,40.477749],[-80.010652,40.477846],[-80.010322,40.477889],[-80.010117,40.477875],[-80.009903,40.477809],[-80.009651,40.477807],[-80.00939,40.477907],[-80.009191,40.478149],[-80.00907,40.478363],[-80.009051,40.478742],[-80.009024,40.479026],[-80.00903,40.479194],[-80.00909,40.479428],[-80.009223,40.479649],[-80.009403,40.47982],[-80.009836,40.480098],[-80.01014,40.480337],[-80.010283,40.480566],[-80.010307,40.48078],[-80.010236,40.481056],[-80.010014,40.481464],[-80.009828,40.481701],[-80.009619,40.481998],[-80.009522,40.482384],[-80.009549,40.482842],[-80.009989,40.48341],[-80.010118,40.483666],[-80.010268,40.483914],[-80.010583,40.484192],[-80.011048,40.484366],[-80.011695,40.484429],[-80.012319,40.484442],[-80.012683,40.484535],[-80.01306,40.484694],[-80.013444,40.484754],[-80.01388,40.484712],[-80.01434,40.484736],[-80.014747,40.484812],[-80.015003,40.48494],[-80.015105,40.485214],[-80.015034,40.485382],[-80.014779,40.485604],[-80.01434,40.485864],[-80.013833,40.486082],[-80.01327,40.486219],[-80.012558,40.486174],[-80.011704,40.486157],[-80.01084,40.486141],[-80.010529,40.485988],[-80.010374,40.485933],[-80.010267,40.485993],[-80.010231,40.486236],[-80.010616,40.486638],[-80.010967,40.487007],[-80.011464,40.487156],[-80.011904,40.487222],[-80.012396,40.487229],[-80.012903,40.487336],[-80.013656,40.487313],[-80.014432,40.48729],[-80.015025,40.487395],[-80.015365,40.487572],[-80.015602,40.487793],[-80.015658,40.488168],[-80.015885,40.488414],[-80.016427,40.488612],[-80.016774,40.488831],[-80.017018,40.488943],[-80.017156,40.48914],[-80.017089,40.489417],[-80.016878,40.489647],[-80.016432,40.489731],[-80.015786,40.489693],[-80.014869,40.489402],[-80.014569,40.489266],[-80.014162,40.489199],[-80.013791,40.489215],[-80.013422,40.489297],[-80.01322,40.489476],[-80.013043,40.489722],[-80.012863,40.489901],[-80.012636,40.489972],[-80.012339,40.489928],[-80.0122,40.489688],[-80.012059,40.489407],[-80.011934,40.489259],[-80.01177,40.489254],[-80.011642,40.489365],[-80.011606,40.489592],[-80.011716,40.489932],[-80.012075,40.490685],[-80.012237,40.490965],[-80.012595,40.49151],[-80.012909,40.491771],[-80.013446,40.49181],[-80.01423,40.491695],[-80.01484,40.491624],[-80.015204,40.491742],[-80.015325,40.492074],[-80.015238,40.492585],[-80.015293,40.49291],[-80.015238,40.493228],[-80.015002,40.493375],[-80.014779,40.493546],[-80.01471,40.49379],[-80.01497,40.494027],[-80.016087,40.494915],[-80.01676,40.49542],[-80.017531,40.495914],[-80.0177,40.49637],[-80.017713,40.496762],[-80.017549,40.497083],[-80.016989,40.497344],[-80.016488,40.497404],[-80.01595,40.497331],[-80.01525,40.497003],[-80.015062,40.496903],[-80.014936,40.496847],[-80.014872,40.496824],[-80.014807,40.496813],[-80.014743,40.49682],[-80.014696,40.496839],[-80.014603,40.496904],[-80.014573,40.49695],[-80.014559,40.497035],[-80.014559,40.49713],[-80.014601,40.497366],[-80.014426,40.497687],[-80.013914,40.498073],[-80.013701,40.49857],[-80.013671,40.498858],[-80.013106,40.49857],[-80.012484,40.49854],[-80.0123,40.498935],[-80.012214,40.499309],[-80.011653,40.500288],[-80.011091,40.500865],[-80.010816,40.501014],[-80.010686,40.499124],[-80.008904,40.499169],[-80.009225,40.498505],[-80.009138,40.497582],[-80.007847,40.497559],[-80.00783,40.498132],[-80.006488,40.497497],[-80.006424,40.497467],[-80.006425,40.497448],[-80.0061,40.49739],[-80.006202,40.49707],[-80.006288,40.496633],[-80.006484,40.496118],[-80.006632,40.49587],[-80.006766,40.495835],[-80.006921,40.495767],[-80.007182,40.495718],[-80.007358,40.495661],[-80.00742,40.495589],[-80.007417,40.495502],[-80.007315,40.495417],[-80.007118,40.495295],[-80.006806,40.495117],[-80.006602,40.494963],[-80.006479,40.494791],[-80.006413,40.494521],[-80.006289,40.49423],[-80.006125,40.494015],[-80.005949,40.493845],[-80.005959,40.493725],[-80.006083,40.493603],[-80.006308,40.493512],[-80.007275,40.493493],[-80.007877,40.493611],[-80.008406,40.493677],[-80.00879,40.493659],[-80.009114,40.493566],[-80.009377,40.493332],[-80.009428,40.493179],[-80.009293,40.492964],[-80.009059,40.492773],[-80.00852,40.492403],[-80.008123,40.492019],[-80.008068,40.491672],[-80.008058,40.491574],[-80.008159,40.491393],[-80.008211,40.491256],[-80.008155,40.491061],[-80.008014,40.490907],[-80.007875,40.490806],[-80.007629,40.49068],[-80.007382,40.490527],[-80.007279,40.490421],[-80.007251,40.490231],[-80.007309,40.489953],[-80.007297,40.48979],[-80.007236,40.489677],[-80.007155,40.48939],[-80.007201,40.489264],[-80.00729,40.489159],[-80.007385,40.489027],[-80.007443,40.488846],[-80.007534,40.488589],[-80.007519,40.488459],[-80.007362,40.488239],[-80.007216,40.488117],[-80.007072,40.488081],[-80.006901,40.488074],[-80.006665,40.48803],[-80.006377,40.487921],[-80.006,40.487733],[-80.005811,40.487595],[-80.005674,40.487337],[-80.005612,40.48699],[-80.005611,40.486726],[-80.005611,40.486522],[-80.005715,40.486395],[-80.005936,40.486173],[-80.006123,40.486039],[-80.006283,40.485922],[-80.006386,40.485817],[-80.006446,40.485685],[-80.006453,40.485467],[-80.006446,40.485277],[-80.006365,40.48517],[-80.006225,40.485037],[-80.00599,40.484829],[-80.00576,40.484546],[-80.005486,40.484111],[-80.005265,40.483908],[-80.005007,40.483848],[-80.004791,40.483776],[-80.004443,40.483566],[-80.004035,40.483302],[-80.003888,40.483152],[-80.003695,40.482928],[-80.003388,40.482673],[-80.003234,40.482586],[-80.003225,40.482434],[-80.003078,40.482437],[-80.003021,40.482332],[-80.003197,40.482078],[-80.003473,40.481823],[-80.003726,40.481709],[-80.004077,40.481583],[-80.004556,40.481421],[-80.004863,40.48123],[-80.00511,40.480975],[-80.005279,40.4807],[-80.005331,40.480536],[-80.005309,40.480308],[-80.005143,40.48004],[-80.005035,40.479781],[-80.005053,40.479487],[-80.005238,40.479048],[-80.005299,40.478732],[-80.005343,40.478366],[-80.00534,40.478051],[-80.005368,40.477621],[-80.00541,40.477376],[-80.005502,40.477156],[-80.005539,40.476971],[-80.005488,40.476743],[-80.005397,40.476582],[-80.005267,40.476498],[-80.005159,40.476472],[-80.005032,40.476497],[-80.004806,40.476561],[-80.004451,40.476704],[-80.0041,40.476841],[-80.003542,40.476961],[-80.002962,40.477059],[-80.002439,40.477162],[-80.002193,40.477259],[-80.00203,40.477273],[-80.001928,40.477226],[-80.001892,40.477189],[-80.00173,40.477045],[-80.001727,40.476953],[-80.001704,40.476893],[-80.001666,40.476829],[-80.00145,40.476425],[-80.001458,40.47624],[-80.0015,40.476],[-80.001682,40.475725],[-80.002025,40.475327],[-80.002584,40.474902],[-80.002985,40.474552],[-80.003198,40.474347],[-80.003301,40.474214],[-80.003298,40.47391],[-80.003265,40.473579],[-80.003186,40.473347],[-80.003092,40.473185],[-80.002914,40.472977],[-80.00279,40.472887],[-80.002661,40.472857],[-80.002319,40.472842],[-80.002071,40.472874],[-80.001818,40.472971],[-80.001622,40.473056],[-80.001456,40.473206],[-80.001309,40.473291],[-80.000677,40.473319],[-80.00047,40.473312],[-80.000361,40.473233],[-80.000345,40.472951],[-80.000392,40.472656],[-80.000557,40.472294],[-80.000732,40.472079],[-80.001063,40.471779],[-80.001269,40.471546],[-80.001274,40.47147],[-80.001177,40.471358],[-80.001031,40.471241],[-80.000893,40.471167],[-80.000755,40.471072],[-80.000534,40.470859],[-80.000186,40.470436],[-79.999771,40.469944],[-79.999542,40.469685],[-79.999386,40.469534],[-79.999267,40.469466],[-79.998999,40.469456],[-79.998798,40.4695],[-79.99867,40.469577],[-79.998531,40.46973],[-79.998444,40.469846],[-79.998362,40.469958],[-79.998215,40.47005],[-79.997976,40.47012],[-79.99767,40.470146],[-79.997474,40.470139],[-79.997329,40.470082],[-79.997231,40.470089],[-79.997141,40.470131],[-79.996986,40.470184],[-79.996692,40.47018],[-79.996404,40.47016],[-79.996105,40.470016],[-79.995802,40.469932],[-79.995662,40.46983],[-79.99561,40.469652],[-79.995575,40.469388],[-79.995623,40.469243],[-79.995668,40.468843],[-79.995725,40.468592],[-79.995821,40.468351],[-79.996025,40.468177],[-79.99619,40.468044],[-79.996301,40.467863],[-79.99632,40.467653],[-79.996287,40.467434],[-79.996112,40.467278],[-79.996069,40.467149],[-79.995979,40.466821],[-79.996014,40.466681],[-79.996101,40.46655],[-79.996111,40.46646],[-79.996278,40.466387],[-79.996496,40.466273],[-79.996667,40.466195],[-79.996869,40.466181],[-79.997098,40.466191],[-79.997306,40.466162],[-79.997473,40.466079],[-79.997593,40.465962],[-79.997635,40.465861],[-79.99755,40.465659],[-79.997265,40.46515],[-79.997201,40.464797],[-79.997153,40.46423],[-79.997147,40.46405],[-79.997078,40.463947],[-79.996918,40.463825],[-79.996708,40.463799],[-79.995935,40.46372],[-79.995021,40.463727],[-79.994854,40.463691],[-79.994521,40.463493],[-79.994176,40.463155],[-79.993926,40.46308],[-79.993771,40.463128],[-79.993631,40.463231],[-79.993495,40.463283],[-79.993425,40.463344],[-79.993415,40.463434],[-79.993275,40.463542],[-79.992963,40.463762],[-79.99278,40.463945],[-79.992643,40.464148],[-79.99256,40.464419],[-79.992577,40.464907],[-79.992792,40.465292],[-79.99315,40.465564],[-79.993386,40.465799],[-79.993646,40.465964],[-79.99378,40.466046],[-79.993842,40.46615],[-79.99382,40.466285],[-79.993623,40.466433],[-79.993395,40.466537],[-79.993232,40.466551],[-79.992937,40.466711],[-79.992643,40.466891],[-79.992449,40.466965],[-79.992064,40.466952],[-79.991686,40.466785],[-79.991361,40.466637],[-79.991113,40.466646],[-79.990965,40.466689],[-79.990787,40.466842],[-79.990641,40.46697],[-79.990614,40.467145],[-79.990593,40.467305],[-79.990558,40.46752],[-79.990451,40.467637],[-79.990324,40.467749],[-79.990201,40.467782],[-79.990138,40.467858]]]}},
{"type":"Feature","properties":{},"geometry":{"type":"Polygon","coordinates":[[[-80.02396,40.469338],[-80.024196,40.469363],[-80.02432,40.469403],[-80.02435,40.469461],[-80.0243,40.469634],[-80.024266,40.470046],[-80.024236,40.470248],[-80.024165,40.470401],[-80.02387,40.470587],[-80.02363,40.47075],[-80.023485,40.470912],[-80.023398,40.471137],[-80.023272,40.471319],[-80.023154,40.471459],[-80.023054,40.471576],[-80.02302,40.471685],[-80.022978,40.471823],[-80.02298,40.47188],[-80.023037,40.471893],[-80.023253,40.471868],[-80.023458,40.471791],[-80.023752,40.471577],[-80.023974,40.471443],[-80.024205,40.471308],[-80.024308,40.47127],[-80.024468,40.47126],[-80.024902,40.471259],[-80.025359,40.471408],[-80.026062,40.471531],[-80.026539,40.471648],[-80.027038,40.47188],[-80.027641,40.472228],[-80.028095,40.47281],[-80.028375,40.473295],[-80.028496,40.473508],[-80.028539,40.473666],[-80.028523,40.474027],[-80.028506,40.47438],[-80.028408,40.474541],[-80.028289,40.474637],[-80.028111,40.474676],[-80.027941,40.474672],[-80.027619,40.474628],[-80.027268,40.474578],[-80.02688,40.474535],[-80.026492,40.474506],[-80.025897,40.474489],[-80.025464,40.474488],[-80.024969,40.474534],[-80.024616,40.474586],[-80.024383,40.47469],[-80.024234,40.474828],[-80.023772,40.475136],[-80.023553,40.475293],[-80.023352,40.475306],[-80.023151,40.475292],[-80.022798,40.475362],[-80.022363,40.475425],[-80.02203,40.475378],[-80.021674,40.475312],[-80.021076,40.475116],[-80.020715,40.474943],[-80.02045,40.474794],[-80.020234,40.474699],[-80.020066,40.474612],[-80.019971,40.474596],[-80.01996,40.474641],[-80.020013,40.474794],[-80.020172,40.474962],[-80.020354,40.475094],[-80.020535,40.475199],[-80.020702,40.475259],[-80.02106,40.475342],[-80.021395,40.475471],[-80.021707,40.475592],[-80.021923,40.475696],[-80.022022,40.475838],[-80.022064,40.476018],[-80.022021,40.476145],[-80.021848,40.476293],[-80.021686,40.476396],[-80.021468,40.476581],[-80.021236,40.476712],[-80.021061,40.476779],[-80.02105,40.476806],[-80.02118,40.476794],[-80.02145,40.476735],[-80.021849,40.476655],[-80.022106,40.476568],[-80.02243,40.476372],[-80.022688,40.476286],[-80.02326,40.476085],[-80.023682,40.475986],[-80.02437,40.475684],[-80.024848,40.475494],[-80.025152,40.475397],[-80.025467,40.475283],[-80.025773,40.475232],[-80.026057,40.475226],[-80.026353,40.475238],[-80.026794,40.475347],[-80.027212,40.475474],[-80.027405,40.475606],[-80.027574,40.475711],[-80.027744,40.475816],[-80.027971,40.475902],[-80.02815,40.475962],[-80.028354,40.476039],[-80.028534,40.476117],[-80.028822,40.476246],[-80.029064,40.476413],[-80.02928,40.476508],[-80.029391,40.476633],[-80.029502,40.476766],[-80.029477,40.477083],[-80.0294,40.477247],[-80.029146,40.477423],[-80.028781,40.477566],[-80.028535,40.477643],[-80.028266,40.477707],[-80.028155,40.477745],[-80.027952,40.477862],[-80.027739,40.478034],[-80.027624,40.478144],[-80.027617,40.478293],[-80.027499,40.478454],[-80.027277,40.478707],[-80.027141,40.478899],[-80.027021,40.479044],[-80.026873,40.479236],[-80.026787,40.479301],[-80.02674,40.47932],[-80.026606,40.479451],[-80.026595,40.479492],[-80.026452,40.479631],[-80.026335,40.47975],[-80.026263,40.479842],[-80.026159,40.479905],[-80.02592,40.480005],[-80.025829,40.480025],[-80.025728,40.480027],[-80.025411,40.480003],[-80.025209,40.479971],[-80.025064,40.47992],[-80.024977,40.479888],[-80.024882,40.479881],[-80.024871,40.479903],[-80.024896,40.479932],[-80.025108,40.480077],[-80.025313,40.480288],[-80.025368,40.480395],[-80.02533,40.480854],[-80.025316,40.481259],[-80.02529,40.481451],[-80.02532,40.482207],[-80.02531,40.48297],[-80.025296,40.483323],[-80.025246,40.483793],[-80.025182,40.483989],[-80.025033,40.484114],[-80.02488,40.484153],[-80.024709,40.48417],[-80.024568,40.484186],[-80.024528,40.484232],[-80.024565,40.484272],[-80.02472,40.484319],[-80.024824,40.484425],[-80.024985,40.484557],[-80.025026,40.484701],[-80.025038,40.4849],[-80.024967,40.485064],[-80.02483,40.485215],[-80.02453,40.485411],[-80.024267,40.485524],[-80.024099,40.485605],[-80.023938,40.485666],[-80.023857,40.485713],[-80.023829,40.485754],[-80.023848,40.485786],[-80.023918,40.48578],[-80.02413,40.485753],[-80.024429,40.48567],[-80.024635,40.485648],[-80.024817,40.485622],[-80.024895,40.485643],[-80.024962,40.485705],[-80.024952,40.485764],[-80.025132,40.486013],[-80.025162,40.486031],[-80.025191,40.486008],[-80.025189,40.485773],[-80.025192,40.485678],[-80.025214,40.485646],[-80.025273,40.48564],[-80.025315,40.485635],[-80.025446,40.485506],[-80.025566,40.485368],[-80.025784,40.485169],[-80.025887,40.485086],[-80.025909,40.485022],[-80.025889,40.484969],[-80.025815,40.48488],[-80.025789,40.484813],[-80.02579,40.484645],[-80.025806,40.484424],[-80.025852,40.484301],[-80.025885,40.484228],[-80.026001,40.484163],[-80.02632,40.484152],[-80.026745,40.484134],[-80.027047,40.484151],[-80.02716,40.484176],[-80.027273,40.484187],[-80.027373,40.484181],[-80.027443,40.484157],[-80.027412,40.484112],[-80.027256,40.484047],[-80.026884,40.483892],[-80.026609,40.483785],[-80.026487,40.483692],[-80.0264,40.483549],[-80.026324,40.483411],[-80.026329,40.483275],[-80.026407,40.483143],[-80.026568,40.483],[-80.026695,40.482934],[-80.026801,40.482905],[-80.026847,40.482877],[-80.026852,40.48285],[-80.026763,40.482838],[-80.026615,40.482827],[-80.026477,40.482767],[-80.026338,40.48267],[-80.026262,40.482527],[-80.026247,40.482428],[-80.026247,40.482261],[-80.026222,40.482054],[-80.026234,40.481782],[-80.026232,40.481394],[-80.026227,40.481051],[-80.026207,40.480807],[-80.02622,40.480663],[-80.026396,40.48046],[-80.026658,40.480356],[-80.026875,40.480279],[-80.027037,40.480172],[-80.027181,40.48007],[-80.02728,40.480032],[-80.027362,40.480021],[-80.027439,40.480002],[-80.027467,40.479961],[-80.027465,40.479721],[-80.027568,40.479444],[-80.027699,40.479139],[-80.027814,40.47886],[-80.027887,40.478679],[-80.028008,40.478484],[-80.028146,40.478268],[-80.028289,40.478135],[-80.028551,40.477995],[-80.028876,40.477851],[-80.029211,40.47779],[-80.029359,40.477768],[-80.029507,40.477698],[-80.029656,40.477556],[-80.029815,40.477385],[-80.029925,40.477148],[-80.030006,40.476912],[-80.029997,40.476822],[-80.029994,40.476722],[-80.03005,40.476635],[-80.030136,40.476566],[-80.030335,40.476503],[-80.030737,40.476486],[-80.031103,40.476497],[-80.031352,40.47651],[-80.031529,40.476597],[-80.031639,40.476676],[-80.031682,40.47673],[-80.031701,40.476784],[-80.031697,40.476833],[-80.031663,40.476888],[-80.031706,40.47691],[-80.031788,40.476904],[-80.031846,40.476857],[-80.031936,40.476729],[-80.031993,40.476669],[-80.032126,40.47659],[-80.032612,40.476449],[-80.033062,40.476301],[-80.033505,40.47612],[-80.033791,40.475997],[-80.034244,40.475708],[-80.034599,40.475462],[-80.034772,40.475354],[-80.034877,40.475298],[-80.035045,40.475281],[-80.035234,40.475282],[-80.035465,40.475368],[-80.035918,40.475675],[-80.035978,40.475696],[-80.036019,40.475678],[-80.036013,40.475339],[-80.035934,40.475268],[-80.035837,40.475193],[-80.035747,40.47515],[-80.035658,40.475143],[-80.03561,40.475135],[-80.035356,40.474968],[-80.03528,40.474897],[-80.035239,40.474717],[-80.035088,40.474553],[-80.034955,40.474375],[-80.03488,40.474241],[-80.034859,40.474147],[-80.034909,40.474069],[-80.035288,40.473732],[-80.035574,40.473455],[-80.035786,40.473261],[-80.035962,40.47305],[-80.03608,40.472867],[-80.036186,40.472766],[-80.03628,40.472746],[-80.036355,40.472695],[-80.036814,40.472288],[-80.037009,40.472108],[-80.03729,40.472012],[-80.037589,40.471966],[-80.037766,40.471953],[-80.037997,40.471967],[-80.038171,40.472049],[-80.03842,40.472229],[-80.03873,40.472657],[-80.039003,40.473121],[-80.039528,40.473784],[-80.040319,40.474707],[-80.040975,40.475494],[-80.041832,40.476443],[-80.042335,40.476989],[-80.042714,40.477342],[-80.042946,40.477582],[-80.043107,40.477768],[-80.043245,40.478027],[-80.043309,40.478171],[-80.043396,40.478286],[-80.043506,40.478402],[-80.043678,40.478576],[-80.043815,40.478735],[-80.043924,40.478845],[-80.044172,40.479021],[-80.044291,40.479103],[-80.044421,40.479285],[-80.044582,40.479391],[-80.044807,40.479519],[-80.04523,40.479872],[-80.045598,40.480235],[-80.045852,40.480439],[-80.046346,40.480735],[-80.046796,40.480975],[-80.047428,40.481361],[-80.047779,40.481639],[-80.048328,40.48199],[-80.049166,40.482552],[-80.049731,40.482931],[-80.050716,40.483639],[-80.05079,40.483734],[-80.050782,40.483795],[-80.050669,40.483889],[-80.050288,40.484118],[-80.049925,40.484294],[-80.049693,40.484435],[-80.049561,40.484563],[-80.049495,40.484648],[-80.049519,40.485042],[-80.049605,40.48531],[-80.04963,40.485446],[-80.04957,40.485536],[-80.049462,40.485602],[-80.049275,40.485674],[-80.048936,40.485769],[-80.048749,40.485845],[-80.048505,40.485951],[-80.048248,40.486121],[-80.048094,40.48622],[-80.047908,40.486264],[-80.047699,40.4863],[-80.04749,40.486337],[-80.047269,40.486337],[-80.047153,40.486352],[-80.046966,40.486408],[-80.046757,40.486464],[-80.046679,40.486482],[-80.046554,40.486528],[-80.046328,40.486529],[-80.046133,40.486529],[-80.046029,40.486478],[-80.045965,40.486456],[-80.045929,40.486476],[-80.045946,40.486536],[-80.046024,40.486643],[-80.046218,40.486788],[-80.046386,40.486918],[-80.046407,40.487066],[-80.046383,40.487245],[-80.045847,40.487644],[-80.043176,40.489644],[-80.040718,40.491474],[-80.039125,40.490776],[-80.038644,40.490566],[-80.03751,40.490064],[-80.036692,40.490472],[-80.036572,40.490535],[-80.035746,40.490941],[-80.035626,40.490941],[-80.035409,40.49095],[-80.034657,40.490973],[-80.034615,40.490874],[-80.034573,40.490788],[-80.034485,40.490714],[-80.034364,40.490628],[-80.034207,40.490572],[-80.034015,40.490558],[-80.033651,40.490565],[-80.033326,40.490568],[-80.033156,40.490577],[-80.032771,40.490587],[-80.03271,40.490602],[-80.032658,40.49067],[-80.032665,40.49075],[-80.032713,40.490868],[-80.032793,40.491016],[-80.027833,40.491118],[-80.027811,40.494384],[-80.027795,40.496539],[-80.025975,40.496829],[-80.025457,40.495412],[-80.025539,40.49533],[-80.025585,40.49522],[-80.02561,40.49509],[-80.025592,40.494926],[-80.025511,40.494769],[-80.025451,40.49467],[-80.025468,40.494597],[-80.025524,40.494452],[-80.025446,40.494381],[-80.025302,40.494298],[-80.024997,40.494217],[-80.024576,40.494038],[-80.024279,40.493893],[-80.024095,40.493767],[-80.023959,40.493632],[-80.023889,40.493526],[-80.023755,40.493471],[-80.023535,40.493374],[-80.023248,40.493264],[-80.023074,40.493145],[-80.023042,40.493045],[-80.022975,40.492737],[-80.022956,40.492441],[-80.023064,40.492364],[-80.023257,40.492284],[-80.023537,40.492171],[-80.023654,40.492074],[-80.023756,40.491972],[-80.023759,40.491859],[-80.023721,40.491756],[-80.02379,40.491582],[-80.023795,40.491445],[-80.023905,40.491349],[-80.023909,40.491183],[-80.023812,40.491113],[-80.023475,40.490911],[-80.023262,40.490742],[-80.023079,40.490637],[-80.022812,40.490542],[-80.022364,40.490414],[-80.022235,40.490503],[-80.022102,40.490757],[-80.021992,40.49112],[-80.021817,40.491253],[-80.021499,40.491331],[-80.0213,40.491328],[-80.021019,40.49137],[-80.020725,40.491332],[-80.020359,40.491116],[-80.019818,40.490723],[-80.019536,40.490545],[-80.019107,40.49029],[-80.018933,40.490164],[-80.018865,40.490086],[-80.01888,40.489855],[-80.018995,40.489745],[-80.019182,40.489568],[-80.019373,40.489431],[-80.019642,40.489008],[-80.019789,40.488745],[-80.019875,40.488402],[-80.019864,40.488078],[-80.019728,40.48786],[-80.01961,40.4877],[-80.019361,40.48746],[-80.019216,40.487294],[-80.019105,40.487224],[-80.018815,40.487157],[-80.018403,40.487104],[-80.018233,40.4871],[-80.01806,40.487143],[-80.017846,40.487223],[-80.017663,40.487241],[-80.017383,40.4872],[-80.017177,40.48711],[-80.017056,40.487008],[-80.016981,40.48688],[-80.016879,40.486658],[-80.016696,40.486284],[-80.016629,40.485672],[-80.016671,40.485535],[-80.016963,40.484945],[-80.017082,40.484561],[-80.017068,40.484417],[-80.017191,40.484033],[-80.017487,40.483558],[-80.017735,40.483352],[-80.018247,40.483162],[-80.018577,40.483162],[-80.018882,40.483243],[-80.019329,40.483342],[-80.01966,40.483393],[-80.02016,40.483369],[-80.020702,40.483236],[-80.021037,40.4831],[-80.021399,40.482905],[-80.021601,40.482833],[-80.021847,40.482709],[-80.022052,40.48264],[-80.022257,40.48255],[-80.022366,40.482425],[-80.022356,40.482274],[-80.022267,40.482146],[-80.022046,40.482028],[-80.0216,40.481964],[-80.021074,40.481892],[-80.020675,40.481799],[-80.020128,40.481813],[-80.019883,40.481944],[-80.019682,40.482002],[-80.019333,40.482012],[-80.018927,40.481988],[-80.018574,40.481865],[-80.018275,40.481684],[-80.018118,40.481514],[-80.018026,40.481292],[-80.017961,40.481027],[-80.017941,40.480732],[-80.018099,40.480375],[-80.018213,40.480121],[-80.0185,40.479805],[-80.018878,40.479553],[-80.019108,40.479383],[-80.019291,40.479221],[-80.019457,40.479109],[-80.019654,40.479069],[-80.019851,40.479044],[-80.02,40.478969],[-80.020091,40.478881],[-80.020123,40.4787],[-80.020145,40.478512],[-80.020573,40.478359],[-80.021024,40.478307],[-80.021649,40.478367],[-80.021939,40.478304],[-80.022294,40.478196],[-80.022595,40.478161],[-80.022752,40.478194],[-80.023006,40.478196],[-80.023232,40.478163],[-80.023504,40.478129],[-80.023985,40.478134],[-80.024288,40.478171],[-80.024469,40.478225],[-80.024602,40.478251],[-80.024677,40.478221],[-80.024794,40.478053],[-80.025021,40.477789],[-80.025361,40.477523],[-80.025656,40.47733],[-80.02588,40.477253],[-80.025991,40.477208],[-80.026102,40.477134],[-80.026175,40.477046],[-80.026145,40.476996],[-80.026029,40.476912],[-80.025893,40.476806],[-80.025859,40.476641],[-80.025855,40.476533],[-80.025908,40.476402],[-80.025933,40.476323],[-80.025903,40.476273],[-80.025797,40.476203],[-80.025684,40.476198],[-80.025506,40.476252],[-80.025229,40.476423],[-80.024825,40.476741],[-80.024404,40.477138],[-80.024082,40.477382],[-80.023646,40.477586],[-80.02328,40.477629],[-80.023053,40.477612],[-80.022837,40.477652],[-80.022613,40.477736],[-80.022529,40.477759],[-80.022086,40.47776],[-80.02187,40.477786],[-80.021608,40.477863],[-80.021312,40.478021],[-80.021228,40.478058],[-80.021049,40.478047],[-80.020783,40.478017],[-80.02048,40.477972],[-80.020226,40.477992],[-80.019982,40.478032],[-80.019639,40.478212],[-80.019235,40.478537],[-80.018915,40.478846],[-80.018668,40.479074],[-80.018465,40.479208],[-80.01826,40.479277],[-80.018031,40.479332],[-80.017752,40.479467],[-80.017475,40.479624],[-80.017282,40.479779],[-80.017109,40.479977],[-80.017031,40.480173],[-80.017031,40.480468],[-80.017133,40.480697],[-80.017267,40.481026],[-80.017494,40.481317],[-80.017684,40.481638],[-80.01779,40.481837],[-80.017796,40.482025],[-80.017736,40.482213],[-80.017581,40.482375],[-80.017277,40.482575],[-80.016906,40.482755],[-80.01649,40.483009],[-80.01623,40.483143],[-80.016024,40.483191],[-80.015669,40.483284],[-80.015342,40.483384],[-80.014988,40.483535],[-80.014821,40.483618],[-80.014681,40.483657],[-80.014153,40.48366],[-80.013888,40.483622],[-80.013752,40.483531],[-80.01371,40.483402],[-80.013723,40.483214],[-80.013772,40.482975],[-80.013902,40.482656],[-80.014049,40.482516],[-80.014296,40.482295],[-80.014357,40.482164],[-80.014373,40.48207],[-80.014341,40.481955],[-80.014262,40.481863],[-80.014002,40.481695],[-80.013845,40.481518],[-80.013776,40.481426],[-80.013698,40.481334],[-80.013617,40.481177],[-80.013536,40.481005],[-80.0135,40.480776],[-80.013519,40.480523],[-80.013646,40.480347],[-80.013641,40.480218],[-80.013588,40.480039],[-80.01345,40.479868],[-80.013238,40.479743],[-80.012784,40.47955],[-80.012515,40.479411],[-80.012484,40.479325],[-80.012486,40.479116],[-80.012601,40.478891],[-80.012913,40.478632],[-80.013161,40.478411],[-80.01343,40.478269],[-80.013683,40.478221],[-80.013869,40.478152],[-80.014373,40.477703],[-80.014478,40.47747],[-80.014659,40.477394],[-80.01495,40.477346],[-80.015186,40.477334],[-80.015336,40.477316],[-80.01554,40.477211],[-80.015667,40.477072],[-80.015653,40.476928],[-80.015581,40.476757],[-80.01553,40.476635],[-80.015509,40.476556],[-80.015468,40.476485],[-80.015276,40.476359],[-80.015007,40.47622],[-80.014795,40.476095],[-80.01463,40.475961],[-80.014493,40.475812],[-80.014326,40.475621],[-80.014284,40.47547],[-80.014313,40.475218],[-80.014363,40.475101],[-80.014448,40.474966],[-80.014648,40.474746],[-80.014972,40.474545],[-80.015495,40.474398],[-80.016022,40.474352],[-80.016285,40.474332],[-80.016529,40.474299],[-80.01663,40.474225],[-80.016702,40.474101],[-80.016708,40.474],[-80.016675,40.473856],[-80.016566,40.473714],[-80.01636,40.473488],[-80.016222,40.473303],[-80.016119,40.473031],[-80.016018,40.472831],[-80.015917,40.472646],[-80.015845,40.472474],[-80.015772,40.472252],[-80.01575,40.472029],[-80.015829,40.47184],[-80.015909,40.471702],[-80.016026,40.471548],[-80.016164,40.471423],[-80.016306,40.471372],[-80.016425,40.471355],[-80.016606,40.471386],[-80.016835,40.47146],[-80.016983,40.471522],[-80.017103,40.471578],[-80.017199,40.471648],[-80.017305,40.471711],[-80.01742,40.471766],[-80.017508,40.471851],[-80.017585,40.471892],[-80.01769,40.471934],[-80.017795,40.471975],[-80.017909,40.472009],[-80.018016,40.472086],[-80.018098,40.472135],[-80.018247,40.472225],[-80.018358,40.472295],[-80.018554,40.472378],[-80.018841,40.472502],[-80.019022,40.47257],[-80.019146,40.472611],[-80.019285,40.472652],[-80.019441,40.47267],[-80.019657,40.472659],[-80.02004,40.47268],[-80.020351,40.472667],[-80.020603,40.47259],[-80.020901,40.472469],[-80.021041,40.472437],[-80.021218,40.472376],[-80.021414,40.472293],[-80.021578,40.472146],[-80.02164,40.472007],[-80.021855,40.471672],[-80.021968,40.471403],[-80.022186,40.471153],[-80.022424,40.47094],[-80.022645,40.470762],[-80.022922,40.470591],[-80.02319,40.47042],[-80.023346,40.470295],[-80.023501,40.470155],[-80.023633,40.470001],[-80.02374,40.469826],[-80.023801,40.469673],[-80.023824,40.469507],[-80.023858,40.469405],[-80.02396,40.469338]],[[-80.020053,40.475684],[-80.019976,40.47569],[-80.019923,40.475723],[-80.019889,40.475779],[-80.019801,40.475858],[-80.019638,40.475981],[-80.019467,40.476085],[-80.01934,40.476225],[-80.01926,40.476341],[-80.019231,40.476373],[-80.019229,40.476381],[-80.019234,40.47639],[-80.019246,40.476393],[-80.019262,40.476391],[-80.019333,40.476367],[-80.019427,40.476324],[-80.019546,40.476276],[-80.019754,40.476226],[-80.019974,40.476171],[-80.020237,40.476147],[-80.020631,40.476094],[-80.020893,40.476038],[-80.020922,40.476023],[-80.020939,40.475996],[-80.02094,40.475979],[-80.020932,40.475964],[-80.020889,40.475933],[-80.020822,40.475898],[-80.020695,40.475859],[-80.020525,40.475789],[-80.020361,40.475737],[-80.020198,40.475695],[-80.020053,40.475684]],[[-80.037701,40.472307],[-80.037597,40.472368],[-80.037354,40.472476],[-80.037215,40.472559],[-80.037133,40.47262],[-80.036995,40.472731],[-80.0369,40.47283],[-80.036869,40.472955],[-80.036831,40.473101],[-80.036791,40.473172],[-80.036709,40.473239],[-80.036459,40.473324],[-80.036278,40.473402],[-80.036074,40.473512],[-80.03591,40.473644],[-80.035785,40.473759],[-80.035784,40.473858],[-80.035772,40.473941],[-80.03569,40.473999],[-80.035545,40.474097],[-80.035487,40.474139],[-80.035455,40.474268],[-80.035476,40.474442],[-80.035531,40.474614],[-80.035604,40.474704],[-80.03572,40.474777],[-80.035805,40.474813],[-80.035924,40.474829],[-80.036008,40.474824],[-80.036133,40.474852],[-80.036263,40.474913],[-80.03632,40.474969],[-80.036413,40.475103],[-80.036465,40.475162],[-80.036515,40.475188],[-80.036575,40.475213],[-80.036724,40.475225],[-80.037001,40.475231],[-80.03712,40.475244],[-80.037225,40.47528],[-80.037317,40.475353],[-80.03736,40.475422],[-80.037359,40.475481],[-80.037268,40.475626],[-80.037155,40.475793],[-80.037074,40.475955],[-80.037087,40.476351],[-80.036962,40.476445],[-80.036744,40.476589],[-80.03669,40.476654],[-80.036584,40.476739],[-80.03647,40.476753],[-80.036319,40.476673],[-80.036209,40.476626],[-80.036053,40.476542],[-80.036021,40.476482],[-80.03592,40.476409],[-80.035859,40.476376],[-80.035799,40.476343],[-80.035699,40.476307],[-80.035535,40.476299],[-80.035318,40.476307],[-80.035186,40.47634],[-80.035041,40.476437],[-80.034935,40.476541],[-80.034934,40.476632],[-80.034878,40.476739],[-80.034792,40.476827],[-80.034714,40.476871],[-80.034611,40.476899],[-80.034469,40.476921],[-80.034246,40.476921],[-80.03389,40.476925],[-80.033778,40.476921],[-80.033721,40.476935],[-80.033663,40.476973],[-80.033598,40.477025],[-80.033515,40.477053],[-80.033312,40.477038],[-80.033154,40.477045],[-80.033016,40.477074],[-80.032905,40.477133],[-80.032731,40.477325],[-80.03265,40.477425],[-80.032624,40.477516],[-80.032607,40.477622],[-80.032627,40.477765],[-80.032705,40.477877],[-80.032848,40.478022],[-80.032987,40.478163],[-80.033136,40.478333],[-80.0332,40.478479],[-80.033206,40.478721],[-80.033126,40.478836],[-80.033015,40.478925],[-80.032864,40.478985],[-80.032602,40.478997],[-80.032393,40.478952],[-80.032169,40.478908],[-80.03197,40.478863],[-80.031747,40.478859],[-80.031595,40.478896],[-80.031444,40.478956],[-80.031309,40.479072],[-80.031268,40.47916],[-80.031222,40.479282],[-80.031271,40.479394],[-80.031335,40.479536],[-80.031427,40.479636],[-80.03149,40.47973],[-80.031543,40.479846],[-80.031586,40.479958],[-80.031655,40.480074],[-80.031745,40.480333],[-80.031773,40.480434],[-80.031765,40.480495],[-80.031708,40.48056],[-80.031624,40.480569],[-80.031505,40.480549],[-80.031339,40.480454],[-80.031193,40.480393],[-80.031028,40.480336],[-80.030891,40.480232],[-80.030739,40.480111],[-80.030615,40.479977],[-80.030489,40.479742],[-80.030392,40.479521],[-80.030343,40.479367],[-80.030333,40.479016],[-80.030424,40.478776],[-80.030429,40.478489],[-80.030281,40.478363],[-80.030166,40.478313],[-80.030052,40.4783],[-80.029924,40.478333],[-80.029631,40.478429],[-80.029498,40.478435],[-80.029372,40.478389],[-80.029243,40.478361],[-80.029079,40.478342],[-80.028927,40.47836],[-80.028815,40.478438],[-80.028701,40.478553],[-80.028566,40.478677],[-80.028481,40.478769],[-80.028492,40.47895],[-80.028444,40.47914],[-80.028392,40.479235],[-80.028311,40.479328],[-80.028286,40.47946],[-80.028325,40.479569],[-80.028328,40.479675],[-80.028267,40.479755],[-80.028241,40.479881],[-80.028256,40.48002],[-80.028323,40.480102],[-80.028444,40.480164],[-80.028487,40.480208],[-80.028494,40.480272],[-80.028429,40.48034],[-80.028263,40.480486],[-80.028015,40.480767],[-80.027696,40.481203],[-80.02762,40.481332],[-80.027537,40.481439],[-80.027469,40.481535],[-80.02738,40.481559],[-80.027246,40.481558],[-80.027141,40.481538],[-80.027067,40.481463],[-80.026992,40.481366],[-80.027009,40.481293],[-80.027049,40.481216],[-80.027032,40.481129],[-80.026978,40.481086],[-80.026896,40.481055],[-80.026829,40.48106],[-80.026781,40.481192],[-80.026725,40.481353],[-80.026672,40.481496],[-80.026611,40.481657],[-80.0266,40.481756],[-80.026633,40.481944],[-80.026742,40.482073],[-80.026908,40.482201],[-80.027209,40.482377],[-80.027445,40.482584],[-80.027634,40.482805],[-80.027677,40.482972],[-80.027634,40.483097],[-80.027522,40.483172],[-80.027419,40.483232],[-80.027335,40.48327],[-80.027186,40.483382],[-80.027199,40.483491],[-80.027308,40.483605],[-80.027598,40.483723],[-80.027735,40.483822],[-80.027859,40.483842],[-80.027992,40.48381],[-80.028083,40.483706],[-80.028088,40.483568],[-80.028018,40.483453],[-80.028015,40.483366],[-80.028058,40.483227],[-80.028081,40.483073],[-80.028054,40.482841],[-80.027964,40.482726],[-80.027874,40.48259],[-80.02786,40.482444],[-80.027903,40.48232],[-80.027965,40.482173],[-80.028179,40.482016],[-80.028553,40.481827],[-80.029017,40.481723],[-80.029521,40.481706],[-80.030076,40.481775],[-80.03068,40.481886],[-80.031065,40.482003],[-80.031377,40.482135],[-80.031666,40.482369],[-80.031887,40.48258],[-80.031978,40.482712],[-80.032006,40.482836],[-80.032036,40.48297],[-80.032082,40.483053],[-80.032131,40.483106],[-80.032224,40.483177],[-80.032316,40.483219],[-80.032422,40.483239],[-80.032627,40.483264],[-80.032789,40.483264],[-80.033034,40.483299],[-80.033222,40.48339],[-80.033338,40.483501],[-80.033416,40.483543],[-80.033551,40.483599],[-80.033663,40.483684],[-80.033695,40.483756],[-80.033769,40.483853],[-80.033839,40.483928],[-80.033921,40.483984],[-80.034037,40.484011],[-80.034234,40.484058],[-80.03433,40.484093],[-80.034486,40.484199],[-80.034621,40.484393],[-80.034671,40.484537],[-80.034624,40.484691],[-80.034525,40.484846],[-80.034484,40.484898],[-80.034487,40.484992],[-80.034549,40.485355],[-80.034558,40.485478],[-80.034608,40.485557],[-80.034765,40.485678],[-80.035111,40.485911],[-80.035288,40.486064],[-80.035639,40.486374],[-80.035852,40.486614],[-80.03598,40.486739],[-80.036234,40.486923],[-80.036371,40.48704],[-80.036441,40.487119],[-80.036591,40.487258],[-80.036809,40.487508],[-80.036952,40.487651],[-80.037059,40.487874],[-80.037072,40.487951],[-80.037132,40.488248],[-80.03712,40.488459],[-80.037086,40.488573],[-80.037116,40.488641],[-80.037243,40.488733],[-80.037345,40.488779],[-80.037441,40.48881],[-80.037613,40.488802],[-80.037716,40.488979],[-80.037845,40.489122],[-80.038056,40.489296],[-80.03828,40.48943],[-80.038412,40.489616],[-80.038538,40.489814],[-80.038636,40.489907],[-80.038759,40.490003],[-80.03889,40.490095],[-80.03895,40.49017],[-80.038983,40.490282],[-80.038979,40.490457],[-80.038927,40.490523],[-80.038905,40.490589],[-80.038939,40.49061],[-80.039086,40.490586],[-80.039249,40.490491],[-80.039439,40.49032],[-80.039562,40.490161],[-80.039583,40.489932],[-80.039534,40.48974],[-80.039389,40.489539],[-80.039234,40.489331],[-80.039136,40.489198],[-80.039103,40.489071],[-80.039147,40.488954],[-80.039222,40.488916],[-80.03936,40.488899],[-80.039565,40.488913],[-80.039788,40.489014],[-80.04008,40.489212],[-80.04028,40.489347],[-80.040433,40.489489],[-80.04056,40.489596],[-80.040697,40.489688],[-80.040846,40.48975],[-80.041135,40.489828],[-80.041298,40.489854],[-80.041649,40.489876],[-80.04195,40.489896],[-80.042136,40.489903],[-80.042266,40.48989],[-80.042412,40.489847],[-80.042531,40.489792],[-80.042648,40.48969],[-80.042648,40.489537],[-80.042585,40.489381],[-80.042523,40.489246],[-80.042466,40.489118],[-80.042382,40.488991],[-80.042257,40.488861],[-80.042138,40.488759],[-80.04204,40.488672],[-80.041969,40.488581],[-80.041942,40.488501],[-80.041951,40.488457],[-80.04204,40.488427],[-80.042208,40.48842],[-80.042575,40.488529],[-80.042879,40.488644],[-80.043022,40.488669],[-80.043111,40.488679],[-80.043224,40.488729],[-80.043347,40.488787],[-80.043437,40.488814],[-80.043568,40.488821],[-80.043747,40.488821],[-80.043898,40.48879],[-80.044032,40.488707],[-80.044181,40.488608],[-80.044278,40.488497],[-80.044367,40.488351],[-80.044539,40.48815],[-80.044697,40.48797],[-80.044897,40.487822],[-80.045125,40.487721],[-80.045335,40.487696],[-80.045484,40.487597],[-80.045658,40.487457],[-80.045707,40.487335],[-80.045712,40.487198],[-80.045654,40.487023],[-80.045562,40.486791],[-80.045377,40.486634],[-80.045299,40.486491],[-80.045164,40.486236],[-80.044999,40.486047],[-80.044836,40.485889],[-80.04462,40.485716],[-80.044243,40.485458],[-80.044104,40.485345],[-80.043937,40.485207],[-80.043876,40.485132],[-80.043889,40.485043],[-80.043924,40.484978],[-80.044017,40.484936],[-80.044211,40.484912],[-80.044411,40.484916],[-80.044804,40.485025],[-80.045216,40.485206],[-80.045517,40.485409],[-80.045723,40.48557],[-80.045886,40.485719],[-80.046121,40.485908],[-80.04623,40.486002],[-80.046326,40.486056],[-80.04641,40.486059],[-80.046526,40.486044],[-80.04666,40.485973],[-80.046914,40.485848],[-80.047182,40.485686],[-80.047381,40.485513],[-80.047555,40.485361],[-80.047673,40.485258],[-80.047869,40.485165],[-80.048162,40.485099],[-80.048245,40.485081],[-80.048434,40.484981],[-80.048583,40.48487],[-80.048669,40.484759],[-80.048702,40.484642],[-80.048707,40.484493],[-80.048759,40.484319],[-80.048786,40.484182],[-80.04888,40.483999],[-80.048975,40.483869],[-80.049121,40.483749],[-80.049259,40.483626],[-80.049371,40.483515],[-80.049416,40.483454],[-80.049462,40.483401],[-80.04947,40.483328],[-80.049398,40.483241],[-80.04936,40.48319],[-80.048943,40.482925],[-80.048594,40.48271],[-80.04805,40.482371],[-80.047737,40.482132],[-80.047452,40.481961],[-80.047173,40.481794],[-80.046942,40.48167],[-80.046675,40.481534],[-80.046384,40.481359],[-80.045983,40.481098],[-80.0458,40.480969],[-80.045604,40.480776],[-80.04528,40.480525],[-80.044898,40.480219],[-80.044702,40.480022],[-80.044687,40.48034],[-80.044661,40.480525],[-80.044602,40.480623],[-80.044437,40.480747],[-80.044313,40.480789],[-80.044146,40.480857],[-80.044066,40.480971],[-80.043989,40.481166],[-80.043878,40.481329],[-80.043695,40.481509],[-80.043572,40.481616],[-80.043406,40.481692],[-80.043198,40.481744],[-80.04304,40.481747],[-80.04289,40.481662],[-80.042834,40.481558],[-80.042797,40.481406],[-80.042812,40.481245],[-80.042915,40.481155],[-80.043067,40.480999],[-80.043239,40.480794],[-80.043347,40.480567],[-80.043414,40.480365],[-80.04342,40.48022],[-80.043447,40.480107],[-80.043422,40.479995],[-80.043375,40.479835],[-80.043369,40.479666],[-80.043385,40.479521],[-80.043422,40.479368],[-80.043421,40.479319],[-80.043365,40.479248],[-80.043181,40.479083],[-80.043087,40.479101],[-80.04294,40.47912],[-80.04275,40.479091],[-80.042619,40.478973],[-80.042583,40.478837],[-80.042548,40.478725],[-80.042606,40.478588],[-80.042635,40.478507],[-80.042535,40.478364],[-80.04237,40.478134],[-80.042215,40.477904],[-80.041957,40.477595],[-80.04161,40.477313],[-80.041328,40.477045],[-80.040968,40.476674],[-80.040651,40.476327],[-80.04044,40.476025],[-80.040242,40.475748],[-80.039945,40.475392],[-80.039726,40.475131],[-80.039334,40.474592],[-80.038995,40.4741],[-80.038712,40.473685],[-80.038504,40.473387],[-80.038309,40.473056],[-80.03811,40.472709],[-80.038005,40.472517],[-80.037931,40.47241],[-80.0378,40.472316],[-80.037701,40.472307]],[[-80.029813,40.482156],[-80.029556,40.482161],[-80.029277,40.482236],[-80.02908,40.48231],[-80.028934,40.482395],[-80.028838,40.482498],[-80.028783,40.482601],[-80.028754,40.482703],[-80.028764,40.482759],[-80.028842,40.482878],[-80.028853,40.482941],[-80.02885,40.483106],[-80.02883,40.483258],[-80.028876,40.483365],[-80.028923,40.483529],[-80.02907,40.483716],[-80.029142,40.483892],[-80.029313,40.484059],[-80.029468,40.484208],[-80.02974,40.484412],[-80.029877,40.484561],[-80.030014,40.484691],[-80.03008,40.484899],[-80.030602,40.485287],[-80.030824,40.485454],[-80.030893,40.485548],[-80.031293,40.485869],[-80.03138,40.485969],[-80.031511,40.486175],[-80.031699,40.486349],[-80.031887,40.486522],[-80.032108,40.486796],[-80.032229,40.48694],[-80.032275,40.487059],[-80.032263,40.487205],[-80.032135,40.487334],[-80.031997,40.487438],[-80.031817,40.487511],[-80.031693,40.487507],[-80.031402,40.487481],[-80.031076,40.487399],[-80.030842,40.487347],[-80.030597,40.487219],[-80.030367,40.48704],[-80.03018,40.486904],[-80.030013,40.486844],[-80.029805,40.486823],[-80.029607,40.486852],[-80.029369,40.486933],[-80.029262,40.486954],[-80.029169,40.486905],[-80.029075,40.486812],[-80.029014,40.486731],[-80.028912,40.486638],[-80.028784,40.486539],[-80.028746,40.4864],[-80.028693,40.486288],[-80.0286,40.486191],[-80.028495,40.486158],[-80.028371,40.486148],[-80.028292,40.486134],[-80.028169,40.486067],[-80.027985,40.48601],[-80.027784,40.485967],[-80.027631,40.485954],[-80.02744,40.485951],[-80.027299,40.485948],[-80.027155,40.485989],[-80.026974,40.486033],[-80.026889,40.486086],[-80.026818,40.486146],[-80.026758,40.486209],[-80.026626,40.486371],[-80.026614,40.48643],[-80.026619,40.486484],[-80.02669,40.486625],[-80.026795,40.4868],[-80.026947,40.486892],[-80.027076,40.486976],[-80.027203,40.487075],[-80.027306,40.487162],[-80.027357,40.487218],[-80.027389,40.487293],[-80.027383,40.487372],[-80.027402,40.487438],[-80.027467,40.487526],[-80.027523,40.487594],[-80.027558,40.487629],[-80.027633,40.487659],[-80.027716,40.487657],[-80.027786,40.487627],[-80.027888,40.48759],[-80.02797,40.487551],[-80.028105,40.487516],[-80.028258,40.487498],[-80.02837,40.487505],[-80.028509,40.487578],[-80.028643,40.48767],[-80.028789,40.487829],[-80.028986,40.488025],[-80.029032,40.488121],[-80.029067,40.4882],[-80.02909,40.488279],[-80.029142,40.488322],[-80.029161,40.488284],[-80.02916,40.488203],[-80.029204,40.488087],[-80.029262,40.487956],[-80.029316,40.487857],[-80.029422,40.487782],[-80.029668,40.487698],[-80.029841,40.487675],[-80.030271,40.487664],[-80.030698,40.487776],[-80.030991,40.487871],[-80.031271,40.488049],[-80.031475,40.488216],[-80.0316,40.488454],[-80.031632,40.488663],[-80.03162,40.488821],[-80.031596,40.488888],[-80.031601,40.488939],[-80.031632,40.488982],[-80.031683,40.489016],[-80.031749,40.489015],[-80.031873,40.488993],[-80.032047,40.488999],[-80.032293,40.489045],[-80.03244,40.489093],[-80.032605,40.489188],[-80.032774,40.489286],[-80.032873,40.48935],[-80.033058,40.489429],[-80.033141,40.489434],[-80.033338,40.489354],[-80.033493,40.489306],[-80.033698,40.489233],[-80.033829,40.489167],[-80.033992,40.489107],[-80.034145,40.488964],[-80.03433,40.488809],[-80.034436,40.488737],[-80.03465,40.488714],[-80.034834,40.488735],[-80.035058,40.48875],[-80.035266,40.488771],[-80.035408,40.488729],[-80.035551,40.48866],[-80.035615,40.488585],[-80.035674,40.488489],[-80.035675,40.488388],[-80.035602,40.488332],[-80.035488,40.488259],[-80.035325,40.488224],[-80.035147,40.488218],[-80.035051,40.488207],[-80.034965,40.488123],[-80.034871,40.488027],[-80.034855,40.487942],[-80.034881,40.48784],[-80.034948,40.487747],[-80.035006,40.487686],[-80.035017,40.487638],[-80.034989,40.487556],[-80.034891,40.487466],[-80.034794,40.487402],[-80.03462,40.487405],[-80.034505,40.487325],[-80.034415,40.487251],[-80.0344,40.486932],[-80.034444,40.486763],[-80.034457,40.486649],[-80.034445,40.486541],[-80.034333,40.486423],[-80.034172,40.486306],[-80.034037,40.486233],[-80.033895,40.486204],[-80.033712,40.486176],[-80.033553,40.486128],[-80.03341,40.486074],[-80.033317,40.486019],[-80.033263,40.485887],[-80.03329,40.485722],[-80.033327,40.485576],[-80.033281,40.485437],[-80.033153,40.485332],[-80.03295,40.485228],[-80.032872,40.485179],[-80.032853,40.48512],[-80.03287,40.484999],[-80.032911,40.484875],[-80.032957,40.48476],[-80.032945,40.484659],[-80.032931,40.484586],[-80.032869,40.484492],[-80.032702,40.484334],[-80.032625,40.48426],[-80.032517,40.484243],[-80.032408,40.484194],[-80.032206,40.484103],[-80.032021,40.483984],[-80.031848,40.483895],[-80.031638,40.483817],[-80.031405,40.483777],[-80.031147,40.483754],[-80.031006,40.483731],[-80.030884,40.483683],[-80.030796,40.483647],[-80.030714,40.483569],[-80.030674,40.483475],[-80.030646,40.483384],[-80.030642,40.483162],[-80.030753,40.483005],[-80.030765,40.482866],[-80.030727,40.482721],[-80.030714,40.482582],[-80.030668,40.48245],[-80.030549,40.482357],[-80.030414,40.482277],[-80.030121,40.482201],[-80.029813,40.482156]]]}},
{"type":"Feature","properties":{},"geometry":{"type":"Polygon","coordinates":[[[-80.003806,40.493319],[-80.003624,40.489646],[-80.003542,40.487993],[-80.00381,40.488093],[-80.004414,40.488337],[-80.005109,40.488668],[-80.005535,40.488885],[-80.005823,40.489079],[-80.006045,40.48924],[-80.006181,40.489392],[-80.00627,40.48952],[-80.006302,40.48969],[-80.006287,40.48983],[-80.006205,40.489927],[-80.00605,40.489995],[-80.00581,40.490064],[-80.005616,40.490128],[-80.005481,40.490191],[-80.005389,40.490282],[-80.005237,40.490435],[-80.005125,40.490608],[-80.005091,40.490758],[-80.005125,40.491008],[-80.005183,40.491156],[-80.005122,40.491298],[-80.005118,40.491558],[-80.005033,40.491769],[-80.005057,40.492099],[-80.005156,40.492717],[-80.005084,40.492888],[-80.004815,40.493074],[-80.004452,40.493171],[-80.003806,40.493319]]]}},
{"type":"Feature","properties":{},"geometry":{"type":"Polygon","coordinates":[[[-79.925176,40.489401],[-79.924709,40.489259],[-79.924207,40.489314],[-79.923703,40.489324],[-79.923239,40.489317],[-79.92257,40.489222],[-79.920987,40.488897],[-79.918996,40.488426],[-79.916924,40.487972],[-79.916616,40.487809],[-79.916287,40.487615],[-79.91608,40.487434],[-79.915813,40.48727],[-79.915447,40.487153],[-79.914523,40.486949],[-79.913585,40.486701],[-79.912101,40.486276],[-79.911082,40.48603],[-79.910914,40.4859],[-79.91073,40.485776],[-79.910611,40.485685],[-79.910507,40.485652],[-79.910475,40.485663],[-79.91047,40.485702],[-79.910484,40.485746],[-79.910388,40.485763],[-79.910252,40.485726],[-79.909738,40.485549],[-79.909701,40.485397],[-79.909795,40.485326],[-79.910137,40.485344],[-79.910954,40.485545],[-79.912733,40.486024],[-79.913187,40.486123],[-79.913272,40.486186],[-79.91332,40.486253],[-79.913444,40.486315],[-79.913548,40.486338],[-79.914245,40.486511],[-79.915212,40.486744],[-79.915503,40.486798],[-79.916803,40.487098],[-79.917375,40.487264],[-79.917661,40.487357],[-79.917735,40.487439],[-79.917853,40.487501],[-79.918034,40.487542],[-79.918176,40.487559],[-79.918291,40.487517],[-79.918366,40.487457],[-79.918456,40.487436],[-79.91861,40.487438],[-79.918734,40.487504],[-79.918762,40.487553],[-79.918828,40.487611],[-79.918895,40.487646],[-79.918935,40.487663],[-79.919207,40.487708],[-79.919498,40.487766],[-79.91977,40.487775],[-79.920027,40.487813],[-79.920302,40.487915],[-79.92053,40.488047],[-79.920888,40.488161],[-79.921454,40.488336],[-79.922037,40.48846],[-79.922967,40.488628],[-79.9237,40.488771],[-79.924608,40.488997],[-79.925559,40.489243],[-79.926556,40.489459],[-79.927592,40.489604],[-79.927967,40.489654],[-79.928537,40.489658],[-79.929172,40.489667],[-79.929667,40.489679],[-79.930032,40.489679],[-79.930502,40.489635],[-79.930976,40.489569],[-79.931309,40.489491],[-79.931792,40.489397],[-79.932004,40.489321],[-79.932192,40.489346],[-79.93226,40.489438],[-79.93217,40.489546],[-79.931818,40.489638],[-79.931061,40.489881],[-79.92999,40.489973],[-79.929206,40.490002],[-79.928442,40.490037],[-79.927429,40.489907],[-79.926584,40.489766],[-79.925308,40.489433],[-79.925176,40.489401]]]}},
{"type":"Feature","properties":{},"geometry":{"type":"Polygon","coordinates":[[[-79.952331,40.475392],[-79.952192,40.475416],[-79.95198,40.475499],[-79.951831,40.475509],[-79.951708,40.475468],[-79.951594,40.475399],[-79.951464,40.475437],[-79.951297,40.475469],[-79.950906,40.475476],[-79.950531,40.475455],[-79.950044,40.475393],[-79.949706,40.475321],[-79.949367,40.475235],[-79.949174,40.475053],[-79.948959,40.474743],[-79.948887,40.474538],[-79.94878,40.474418],[-79.948683,40.474306],[-79.94852,40.474188],[-79.948394,40.474034],[-79.948338,40.473749],[-79.948309,40.473137],[-79.948151,40.472869],[-79.948058,40.472599],[-79.948057,40.472286],[-79.948081,40.47215],[-79.948032,40.471958],[-79.947933,40.471789],[-79.947857,40.471733],[-79.947832,40.47184],[-79.947811,40.472625],[-79.94779,40.473118],[-79.94777,40.473361],[-79.947673,40.473534],[-79.947527,40.473651],[-79.947316,40.473769],[-79.947121,40.47378],[-79.946794,40.473779],[-79.946447,40.473714],[-79.945892,40.473596],[-79.945245,40.473523],[-79.94484,40.473409],[-79.944465,40.473352],[-79.944466,40.473388],[-79.944892,40.473565],[-79.946109,40.473941],[-79.947125,40.474193],[-79.947609,40.474426],[-79.947836,40.474665],[-79.94788,40.474871],[-79.947874,40.474985],[-79.947964,40.475161],[-79.948139,40.475379],[-79.948304,40.475576],[-79.948422,40.475745],[-79.948418,40.475909],[-79.948347,40.476017],[-79.94821,40.476127],[-79.94806,40.476244],[-79.948025,40.476301],[-79.948026,40.476337],[-79.94827,40.476389],[-79.948647,40.476482],[-79.948938,40.476541],[-79.949312,40.476569],[-79.949714,40.476569],[-79.950228,40.476609],[-79.95063,40.476616],[-79.951078,40.476607],[-79.951322,40.476645],[-79.951501,40.476699],[-79.95167,40.476717],[-79.952073,40.476781],[-79.952316,40.476783],[-79.95259,40.476892],[-79.952868,40.476958],[-79.952965,40.47707],[-79.952941,40.477206],[-79.952853,40.477351],[-79.952761,40.477409],[-79.952708,40.477496],[-79.952617,40.477583],[-79.952356,40.477581],[-79.951893,40.477398],[-79.95163,40.477374],[-79.951381,40.477471],[-79.951262,40.477524],[-79.951019,40.477528],[-79.950749,40.477548],[-79.950433,40.477596],[-79.950147,40.477687],[-79.949891,40.477864],[-79.949767,40.478051],[-79.94957,40.478305],[-79.949389,40.478479],[-79.949244,40.478625],[-79.949249,40.478981],[-79.949211,40.479128],[-79.949131,40.479244],[-79.949088,40.479344],[-79.949105,40.479444],[-79.949146,40.479547],[-79.94914,40.47965],[-79.94908,40.479687],[-79.948796,40.479835],[-79.948518,40.479908],[-79.948389,40.47996],[-79.948326,40.480047],[-79.948267,40.480234],[-79.948211,40.480506],[-79.94825,40.48084],[-79.948476,40.480907],[-79.948766,40.480923],[-79.948972,40.480962],[-79.949193,40.481143],[-79.949255,40.481313],[-79.94916,40.481565],[-79.949096,40.48173],[-79.949078,40.48178],[-79.949156,40.481871],[-79.949206,40.481977],[-79.949163,40.482078],[-79.948944,40.482246],[-79.948522,40.482475],[-79.948311,40.482594],[-79.948193,40.482696],[-79.94814,40.482761],[-79.948133,40.482832],[-79.948127,40.482954],[-79.948095,40.483125],[-79.948035,40.483291],[-79.947845,40.483458],[-79.947443,40.48373],[-79.946781,40.484185],[-79.946496,40.484325],[-79.946256,40.484423],[-79.946042,40.484448],[-79.945743,40.484411],[-79.945488,40.484345],[-79.945288,40.484227],[-79.945084,40.483981],[-79.944901,40.483799],[-79.944825,40.483765],[-79.944713,40.48376],[-79.944678,40.483818],[-79.944776,40.483973],[-79.944972,40.484255],[-79.945043,40.484432],[-79.945024,40.48471],[-79.944976,40.484961],[-79.944797,40.485192],[-79.944507,40.485447],[-79.944074,40.485648],[-79.943438,40.485888],[-79.943124,40.486008],[-79.942733,40.486187],[-79.942505,40.486206],[-79.942327,40.486195],[-79.942159,40.486191],[-79.942067,40.486228],[-79.94208,40.486328],[-79.941999,40.486436],[-79.941384,40.486769],[-79.940851,40.487007],[-79.940176,40.487227],[-79.93964,40.487408],[-79.939346,40.487542],[-79.938696,40.487797],[-79.938455,40.487851],[-79.938121,40.487915],[-79.937816,40.488013],[-79.93764,40.488045],[-79.93752,40.488083],[-79.937012,40.488271],[-79.936365,40.488483],[-79.936078,40.488552],[-79.935781,40.488601],[-79.935482,40.488599],[-79.935111,40.488656],[-79.934422,40.488876],[-79.933896,40.489057],[-79.933562,40.489135],[-79.932971,40.489189],[-79.932449,40.489213],[-79.931733,40.489298],[-79.930954,40.489462],[-79.930079,40.489557],[-79.928865,40.489566],[-79.927553,40.489533],[-79.926556,40.489331],[-79.925268,40.489049],[-79.92456,40.48867],[-79.924202,40.488555],[-79.923853,40.488455],[-79.923625,40.488338],[-79.923368,40.488186],[-79.922981,40.488058],[-79.922474,40.487953],[-79.922163,40.48788],[-79.921919,40.487842],[-79.921692,40.487747],[-79.921521,40.487657],[-79.921238,40.487555],[-79.920974,40.487475],[-79.92071,40.487394],[-79.920467,40.487256],[-79.920379,40.487144],[-79.92039,40.48688],[-79.920449,40.486686],[-79.920648,40.486511],[-79.92096,40.48632],[-79.921168,40.48613],[-79.921496,40.48586],[-79.921862,40.485647],[-79.922306,40.485503],[-79.922484,40.485385],[-79.922655,40.485175],[-79.922765,40.484838],[-79.922981,40.484591],[-79.923163,40.484431],[-79.923362,40.484235],[-79.92345,40.484055],[-79.923658,40.483873],[-79.923878,40.483733],[-79.924042,40.483594],[-79.924241,40.483398],[-79.924371,40.483239],[-79.924582,40.483128],[-79.924851,40.483059],[-79.925028,40.483069],[-79.925252,40.483072],[-79.925383,40.483056],[-79.92542,40.483041],[-79.925344,40.483006],[-79.925222,40.482987],[-79.925062,40.482948],[-79.92491,40.482879],[-79.924767,40.482782],[-79.924689,40.482676],[-79.924684,40.482527],[-79.924742,40.482312],[-79.924803,40.482168],[-79.924911,40.482023],[-79.925029,40.481928],[-79.925166,40.481833],[-79.925314,40.481795],[-79.925473,40.481799],[-79.92579,40.481779],[-79.925636,40.481653],[-79.925428,40.481571],[-79.925129,40.481556],[-79.924961,40.481566],[-79.924766,40.481605],[-79.924676,40.481685],[-79.924569,40.481844],[-79.924473,40.482053],[-79.924404,40.482233],[-79.924288,40.482392],[-79.924217,40.482528],[-79.924103,40.482745],[-79.924006,40.482939],[-79.923922,40.483219],[-79.923724,40.483451],[-79.923478,40.483634],[-79.923267,40.483744],[-79.922956,40.483936],[-79.92282,40.484074],[-79.922675,40.484205],[-79.922474,40.484358],[-79.922289,40.484412],[-79.922112,40.484422],[-79.922117,40.484572],[-79.921966,40.484803],[-79.921896,40.484954],[-79.921622,40.485138],[-79.921383,40.485249],[-79.921118,40.485425],[-79.920825,40.485609],[-79.920634,40.485762],[-79.920109,40.48615],[-79.919895,40.486254],[-79.919715,40.486259],[-79.919569,40.486261],[-79.919449,40.486295],[-79.919291,40.486403],[-79.919107,40.48648],[-79.918787,40.486598],[-79.918383,40.48663],[-79.917664,40.486643],[-79.917225,40.486602],[-79.916723,40.486593],[-79.916428,40.486493],[-79.916052,40.486371],[-79.915832,40.486319],[-79.915646,40.486323],[-79.915417,40.486234],[-79.915327,40.486211],[-79.915162,40.486109],[-79.914973,40.486026],[-79.914227,40.485861],[-79.913755,40.485783],[-79.913253,40.48578],[-79.912954,40.485792],[-79.912661,40.485729],[-79.912347,40.485544],[-79.912034,40.485358],[-79.911809,40.485164],[-79.9116,40.484952],[-79.911405,40.484696],[-79.911309,40.48458],[-79.911234,40.484538],[-79.911121,40.484534],[-79.911017,40.484561],[-79.910905,40.484625],[-79.910732,40.484776],[-79.910487,40.484954],[-79.910176,40.485102],[-79.909991,40.485136],[-79.90971,40.485203],[-79.909409,40.485166],[-79.909164,40.485102],[-79.90895,40.484983],[-79.908736,40.484857],[-79.908585,40.484705],[-79.908525,40.484582],[-79.908539,40.484279],[-79.908646,40.484079],[-79.908769,40.483879],[-79.908819,40.483668],[-79.90888,40.483296],[-79.908885,40.48295],[-79.908797,40.482488],[-79.908815,40.482042],[-79.908851,40.481646],[-79.908958,40.481434],[-79.90892,40.481274],[-79.908899,40.481101],[-79.908846,40.480978],[-79.908808,40.480794],[-79.908835,40.480632],[-79.908803,40.480151],[-79.908817,40.479817],[-79.908924,40.479629],[-79.909049,40.479478],[-79.909145,40.479439],[-79.909273,40.479412],[-79.909419,40.479397],[-79.909498,40.479359],[-79.909529,40.479321],[-79.909478,40.479223],[-79.909426,40.479137],[-79.909418,40.478878],[-79.90947,40.478481],[-79.90967,40.478156],[-79.909875,40.477979],[-79.910004,40.477952],[-79.910098,40.477876],[-79.910112,40.477814],[-79.910062,40.477753],[-79.909963,40.477693],[-79.909766,40.47761],[-79.909616,40.477465],[-79.909494,40.477207],[-79.909336,40.476827],[-79.909284,40.476445],[-79.909365,40.476319],[-79.909451,40.476244],[-79.909522,40.476168],[-79.909568,40.476093],[-79.90955,40.476038],[-79.909466,40.475959],[-79.909391,40.47588],[-79.909323,40.47577],[-79.909317,40.475331],[-79.90939,40.475101],[-79.909472,40.474883],[-79.909506,40.474678],[-79.909486,40.474555],[-79.909415,40.474365],[-79.909347,40.47419],[-79.909353,40.474119],[-79.909375,40.474044],[-79.909444,40.473935],[-79.909565,40.473799],[-79.909596,40.473753],[-79.909542,40.473704],[-79.909432,40.473576],[-79.909345,40.473485],[-79.9093,40.473359],[-79.909296,40.473171],[-79.90934,40.472898],[-79.909397,40.47265],[-79.909471,40.472432],[-79.909512,40.472196],[-79.909532,40.471831],[-79.909551,40.471392],[-79.90958,40.471051],[-79.909671,40.470722],[-79.909819,40.470546],[-79.910023,40.470363],[-79.910191,40.470292],[-79.910304,40.470289],[-79.910425,40.470263],[-79.910455,40.4702],[-79.910513,40.469989],[-79.91051,40.469655],[-79.910572,40.469549],[-79.910746,40.469428],[-79.911044,40.469262],[-79.911528,40.468962],[-79.911697,40.468928],[-79.911864,40.468832],[-79.912461,40.468543],[-79.913189,40.468282],[-79.9141,40.467919],[-79.914257,40.467897],[-79.914395,40.467913],[-79.914523,40.46788],[-79.91466,40.467834],[-79.914786,40.467733],[-79.914872,40.467638],[-79.914934,40.467557],[-79.915076,40.467449],[-79.915324,40.467345],[-79.915604,40.467266],[-79.915845,40.467218],[-79.915973,40.46716],[-79.91614,40.467077],[-79.916244,40.467031],[-79.916364,40.46698],[-79.916371,40.466943],[-79.916152,40.466928],[-79.91591,40.46697],[-79.915548,40.467026],[-79.915306,40.467043],[-79.915137,40.467065],[-79.914839,40.467113],[-79.914654,40.467166],[-79.914358,40.467258],[-79.913847,40.467466],[-79.913455,40.467615],[-79.913152,40.467763],[-79.913024,40.467784],[-79.912759,40.467876],[-79.912496,40.467998],[-79.91237,40.468106],[-79.912181,40.468264],[-79.912029,40.468322],[-79.911917,40.468349],[-79.911757,40.468401],[-79.91143,40.468556],[-79.911208,40.468684],[-79.910937,40.468831],[-79.910659,40.468991],[-79.910341,40.469164],[-79.910135,40.469316],[-79.909857,40.469593],[-79.909658,40.46969],[-79.909506,40.46976],[-79.909328,40.469751],[-79.909172,40.469692],[-79.90909,40.469632],[-79.90903,40.469534],[-79.909054,40.469293],[-79.909157,40.468963],[-79.909305,40.468528],[-79.909344,40.468224],[-79.90945,40.46774],[-79.909419,40.46753],[-79.909375,40.467296],[-79.909263,40.467088],[-79.909084,40.466819],[-79.908925,40.466643],[-79.908593,40.466377],[-79.908451,40.46625],[-79.908298,40.466005],[-79.908186,40.46581],[-79.908058,40.465472],[-79.90796,40.465183],[-79.907849,40.464988],[-79.907714,40.464835],[-79.907531,40.464678],[-79.907398,40.464557],[-79.907216,40.464424],[-79.906969,40.464293],[-79.906812,40.464216],[-79.906624,40.464126],[-79.906507,40.464023],[-79.906441,40.463858],[-79.906401,40.46363],[-79.906402,40.463407],[-79.906314,40.463186],[-79.906178,40.46296],[-79.905984,40.462716],[-79.905864,40.462521],[-79.905805,40.462454],[-79.905821,40.462299],[-79.905955,40.461956],[-79.906117,40.461712],[-79.9063,40.461591],[-79.906495,40.461631],[-79.906539,40.461748],[-79.906513,40.461946],[-79.906501,40.462076],[-79.906586,40.462192],[-79.906811,40.462404],[-79.907039,40.462703],[-79.907205,40.463077],[-79.907252,40.463286],[-79.90721,40.463491],[-79.907247,40.463626],[-79.907306,40.463718],[-79.907473,40.463863],[-79.907836,40.464098],[-79.90808,40.46426],[-79.908306,40.464484],[-79.90841,40.464717],[-79.908563,40.465203],[-79.908582,40.465524],[-79.90861,40.46566],[-79.908703,40.465775],[-79.908811,40.465872],[-79.909025,40.465967],[-79.909383,40.466177],[-79.9097,40.466474],[-79.90998,40.466858],[-79.910116,40.467313],[-79.910167,40.467646],[-79.91012,40.467826],[-79.910031,40.468063],[-79.910027,40.468217],[-79.910047,40.468316],[-79.910067,40.468439],[-79.910128,40.468568],[-79.910209,40.468579],[-79.910305,40.468546],[-79.910631,40.468379],[-79.91095,40.468231],[-79.91139,40.468062],[-79.911662,40.467958],[-79.911934,40.46786],[-79.912198,40.467769],[-79.91246,40.467609],[-79.912721,40.467437],[-79.91312,40.467251],[-79.913481,40.467151],[-79.913708,40.467054],[-79.91394,40.466963],[-79.914157,40.466922],[-79.914235,40.466828],[-79.914434,40.466719],[-79.914601,40.466642],[-79.914816,40.466545],[-79.915098,40.466509],[-79.915324,40.466486],[-79.915524,40.466421],[-79.915587,40.466358],[-79.915601,40.466283],[-79.915532,40.466148],[-79.91548,40.466038],[-79.915479,40.466001],[-79.915534,40.465957],[-79.915638,40.465924],[-79.915719,40.465928],[-79.915859,40.466012],[-79.916,40.466127],[-79.916205,40.466198],[-79.916523,40.466284],[-79.917017,40.466275],[-79.91735,40.466253],[-79.917555,40.466228],[-79.917706,40.466123],[-79.91794,40.466001],[-79.918123,40.465899],[-79.918214,40.46582],[-79.918329,40.465648],[-79.918378,40.465471],[-79.918515,40.46531],[-79.918629,40.465219],[-79.91879,40.465178],[-79.918968,40.465181],[-79.919067,40.465254],[-79.919115,40.465346],[-79.919305,40.465611],[-79.919355,40.465768],[-79.919383,40.465897],[-79.919291,40.466032],[-79.919208,40.46624],[-79.919035,40.466392],[-79.918798,40.466569],[-79.918535,40.466698],[-79.918297,40.466838],[-79.918041,40.466924],[-79.917848,40.466952],[-79.917664,40.46703],[-79.917401,40.467164],[-79.917138,40.467293],[-79.91697,40.467346],[-79.916858,40.467366],[-79.91664,40.467401],[-79.91644,40.467467],[-79.916239,40.467514],[-79.916022,40.467543],[-79.915813,40.467596],[-79.9157,40.46761],[-79.91562,40.467637],[-79.915557,40.467675],[-79.915454,40.46777],[-79.915379,40.46795],[-79.915273,40.46815],[-79.915089,40.468345],[-79.914898,40.46846],[-79.914787,40.468518],[-79.914487,40.468511],[-79.914383,40.46855],[-79.914295,40.46857],[-79.914166,40.468585],[-79.913989,40.468632],[-79.913774,40.468741],[-79.913511,40.468863],[-79.913239,40.468967],[-79.912944,40.46909],[-79.912673,40.469231],[-79.912509,40.469348],[-79.912171,40.469485],[-79.911912,40.46961],[-79.911668,40.469786],[-79.911515,40.46995],[-79.911443,40.470152],[-79.911475,40.470352],[-79.911471,40.470644],[-79.911401,40.470896],[-79.911249,40.47108],[-79.9109,40.471278],[-79.910656,40.471453],[-79.910262,40.471893],[-79.910254,40.472054],[-79.910275,40.472294],[-79.910418,40.472654],[-79.910485,40.472904],[-79.910518,40.473104],[-79.910547,40.473184],[-79.910684,40.473362],[-79.910835,40.47357],[-79.910879,40.4737],[-79.910869,40.473801],[-79.910781,40.473933],[-79.910629,40.474127],[-79.910424,40.474292],[-79.910392,40.474513],[-79.910319,40.474696],[-79.910284,40.474827],[-79.910215,40.47515],[-79.910259,40.47529],[-79.910448,40.475447],[-79.910542,40.475506],[-79.910768,40.475572],[-79.910878,40.47571],[-79.91087,40.475891],[-79.910847,40.476193],[-79.910772,40.476315],[-79.910592,40.476449],[-79.910477,40.476542],[-79.910414,40.476654],[-79.910385,40.476775],[-79.910455,40.476894],[-79.910551,40.477013],[-79.910686,40.477111],[-79.91083,40.477108],[-79.911067,40.477094],[-79.911267,40.47718],[-79.911401,40.477268],[-79.911576,40.477376],[-79.91171,40.477454],[-79.911895,40.47749],[-79.912158,40.477485],[-79.912366,40.477421],[-79.912574,40.477327],[-79.912845,40.477171],[-79.913025,40.477047],[-79.913245,40.476922],[-79.913637,40.476835],[-79.913966,40.476859],[-79.914209,40.477025],[-79.914249,40.477243],[-79.914233,40.477429],[-79.914063,40.477626],[-79.913874,40.477773],[-79.91376,40.477839],[-79.913628,40.477854],[-79.913514,40.477911],[-79.913405,40.477959],[-79.913295,40.477961],[-79.913138,40.477901],[-79.912961,40.477887],[-79.912796,40.477924],[-79.912572,40.477983],[-79.912232,40.478053],[-79.911989,40.478079],[-79.911744,40.478168],[-79.911568,40.478217],[-79.911498,40.478274],[-79.911432,40.478283],[-79.911367,40.478322],[-79.911309,40.478387],[-79.911295,40.478488],[-79.911183,40.4786],[-79.911031,40.478679],[-79.910871,40.478695],[-79.91066,40.478753],[-79.910519,40.478828],[-79.910489,40.478913],[-79.910547,40.479005],[-79.91081,40.479274],[-79.911025,40.479439],[-79.911055,40.479523],[-79.911006,40.479701],[-79.910843,40.479921],[-79.910682,40.480068],[-79.910366,40.48008],[-79.910068,40.480102],[-79.909904,40.480148],[-79.909861,40.480199],[-79.909886,40.480283],[-79.909967,40.480391],[-79.910542,40.480752],[-79.910781,40.480958],[-79.910808,40.481127],[-79.910758,40.481296],[-79.910652,40.481433],[-79.910533,40.481495],[-79.910226,40.481578],[-79.910211,40.481619],[-79.910336,40.481735],[-79.910443,40.481969],[-79.910438,40.482492],[-79.910546,40.48276],[-79.910488,40.483023],[-79.91045,40.483226],[-79.910439,40.483581],[-79.910325,40.483794],[-79.910047,40.484109],[-79.909924,40.484278],[-79.909888,40.484336],[-79.909905,40.48437],[-79.909973,40.484398],[-79.910147,40.484412],[-79.910297,40.48438],[-79.910378,40.484315],[-79.910418,40.484182],[-79.910688,40.483901],[-79.911035,40.483658],[-79.911287,40.483533],[-79.911534,40.483499],[-79.911815,40.483552],[-79.912029,40.483646],[-79.912274,40.483779],[-79.912365,40.483789],[-79.912515,40.483775],[-79.912652,40.483812],[-79.912693,40.483909],[-79.912663,40.484158],[-79.912654,40.484348],[-79.912665,40.484681],[-79.912713,40.484784],[-79.912815,40.484891],[-79.912969,40.485015],[-79.913131,40.48511],[-79.913396,40.485157],[-79.91388,40.485228],[-79.914252,40.485302],[-79.914684,40.485386],[-79.915062,40.485431],[-79.915607,40.485495],[-79.915864,40.485525],[-79.916486,40.485657],[-79.916957,40.485752],[-79.917479,40.485817],[-79.917918,40.485895],[-79.918144,40.485891],[-79.918451,40.485816],[-79.918845,40.485648],[-79.919221,40.485416],[-79.919848,40.485088],[-79.920293,40.484878],[-79.920604,40.484717],[-79.920708,40.484651],[-79.920802,40.484552],[-79.92082,40.48439],[-79.920727,40.484099],[-79.920591,40.483836],[-79.920434,40.483649],[-79.920225,40.483486],[-79.920043,40.483334],[-79.919902,40.483159],[-79.919853,40.483021],[-79.919864,40.4829],[-79.91989,40.482785],[-79.919969,40.482674],[-79.920065,40.482609],[-79.920215,40.482566],[-79.920396,40.482597],[-79.920496,40.482647],[-79.920612,40.482748],[-79.920781,40.482848],[-79.920919,40.482921],[-79.921185,40.482985],[-79.921375,40.483033],[-79.921592,40.483213],[-79.921792,40.483348],[-79.9219,40.483426],[-79.922022,40.483476],[-79.92215,40.483467],[-79.922261,40.483419],[-79.922563,40.483189],[-79.922725,40.483082],[-79.922864,40.482947],[-79.922907,40.48286],[-79.922977,40.482709],[-79.923128,40.482476],[-79.923266,40.482313],[-79.923867,40.481449],[-79.924066,40.481066],[-79.924257,40.480924],[-79.924765,40.480782],[-79.924959,40.48075],[-79.925124,40.480712],[-79.925212,40.480624],[-79.925194,40.48055],[-79.925007,40.480461],[-79.924348,40.480358],[-79.924084,40.480346],[-79.92388,40.480344],[-79.923698,40.480307],[-79.923567,40.480212],[-79.923563,40.480091],[-79.923634,40.479957],[-79.92376,40.47988],[-79.923893,40.479797],[-79.923973,40.479715],[-79.924016,40.479639],[-79.924035,40.479535],[-79.924035,40.479288],[-79.924077,40.479206],[-79.924149,40.479113],[-79.924427,40.47909],[-79.924499,40.479198],[-79.92452,40.479388],[-79.924583,40.479479],[-79.924708,40.479626],[-79.924841,40.479768],[-79.924979,40.479851],[-79.925095,40.479924],[-79.925293,40.479989],[-79.925474,40.480009],[-79.925671,40.480023],[-79.925897,40.480036],[-79.926056,40.480067],[-79.926225,40.480173],[-79.926379,40.480257],[-79.926526,40.480375],[-79.926618,40.480436],[-79.92671,40.480469],[-79.926785,40.480468],[-79.926852,40.480438],[-79.926908,40.480322],[-79.926971,40.480159],[-79.926994,40.479952],[-79.926976,40.479837],[-79.926942,40.47974],[-79.926885,40.479608],[-79.926829,40.479506],[-79.926781,40.479397],[-79.926798,40.479242],[-79.926866,40.47901],[-79.926981,40.478605],[-79.926908,40.478428],[-79.926793,40.478142],[-79.926665,40.477926],[-79.926644,40.477742],[-79.926714,40.477557],[-79.926995,40.477402],[-79.927507,40.477392],[-79.92811,40.477392],[-79.92835,40.477376],[-79.928398,40.477456],[-79.928411,40.477859],[-79.928332,40.478205],[-79.928225,40.478633],[-79.928204,40.47891],[-79.928196,40.479129],[-79.928322,40.479299],[-79.928455,40.479688],[-79.928561,40.480181],[-79.928381,40.480656],[-79.928296,40.480831],[-79.928345,40.480956],[-79.928199,40.481086],[-79.928021,40.481181],[-79.927802,40.481381],[-79.927656,40.481545],[-79.927571,40.481637],[-79.927547,40.48175],[-79.927499,40.481905],[-79.927383,40.482082],[-79.927014,40.482273],[-79.926641,40.482362],[-79.926331,40.482337],[-79.925954,40.482303],[-79.925699,40.482296],[-79.925574,40.482407],[-79.925584,40.482465],[-79.925669,40.482544],[-79.925739,40.4826],[-79.925913,40.482643],[-79.926172,40.482713],[-79.926324,40.482756],[-79.926464,40.482897],[-79.926558,40.482999],[-79.92658,40.483229],[-79.926656,40.483475],[-79.926639,40.483636],[-79.926523,40.4838],[-79.926398,40.483888],[-79.926203,40.483915],[-79.92551,40.483928],[-79.925229,40.483835],[-79.924958,40.483846],[-79.924609,40.484026],[-79.92434,40.484215],[-79.924064,40.484525],[-79.923781,40.484853],[-79.923606,40.485034],[-79.923461,40.485227],[-79.923385,40.485436],[-79.923276,40.48557],[-79.92303,40.485742],[-79.922443,40.486012],[-79.921763,40.486433],[-79.921519,40.486553],[-79.921284,40.486747],[-79.921249,40.486852],[-79.921291,40.48696],[-79.921359,40.486988],[-79.921534,40.487025],[-79.921893,40.487075],[-79.922319,40.487194],[-79.922851,40.487322],[-79.9234,40.487519],[-79.923948,40.487693],[-79.924345,40.487875],[-79.92476,40.488121],[-79.925053,40.488202],[-79.925215,40.488221],[-79.925372,40.488226],[-79.92554,40.488225],[-79.925896,40.488192],[-79.926481,40.488142],[-79.92694,40.488133],[-79.927194,40.488109],[-79.927337,40.488048],[-79.927495,40.487935],[-79.927841,40.487876],[-79.928148,40.487877],[-79.928429,40.487885],[-79.928633,40.487907],[-79.92884,40.487994],[-79.929118,40.488157],[-79.929352,40.488309],[-79.92949,40.488358],[-79.929719,40.48835],[-79.929944,40.488334],[-79.930049,40.488321],[-79.930131,40.488279],[-79.930198,40.48826],[-79.930447,40.488261],[-79.930647,40.488292],[-79.930761,40.488313],[-79.930874,40.488317],[-79.931009,40.488291],[-79.931126,40.488179],[-79.931287,40.488038],[-79.931596,40.487808],[-79.93158,40.487538],[-79.931954,40.487444],[-79.932209,40.487434],[-79.932384,40.487465],[-79.932462,40.48755],[-79.932488,40.487653],[-79.932483,40.487745],[-79.932538,40.487796],[-79.932594,40.487899],[-79.93265,40.487964],[-79.93275,40.488011],[-79.932819,40.488035],[-79.933059,40.488022],[-79.933182,40.487982],[-79.933382,40.487875],[-79.933515,40.487795],[-79.933596,40.487621],[-79.933683,40.487052],[-79.9337,40.486911],[-79.933769,40.486829],[-79.933872,40.486758],[-79.933946,40.48671],[-79.934179,40.486703],[-79.934286,40.486756],[-79.93436,40.486823],[-79.934409,40.486929],[-79.934456,40.487014],[-79.934519,40.487074],[-79.934634,40.487135],[-79.93484,40.487211],[-79.93502,40.487243],[-79.935238,40.487236],[-79.935413,40.48716],[-79.93587,40.486982],[-79.936282,40.486784],[-79.936588,40.486583],[-79.936738,40.486367],[-79.936824,40.486239],[-79.936915,40.486142],[-79.93702,40.486126],[-79.937163,40.486126],[-79.937322,40.486163],[-79.937486,40.486223],[-79.937694,40.486363],[-79.937824,40.486398],[-79.937967,40.486407],[-79.938142,40.486398],[-79.938247,40.486376],[-79.938335,40.486319],[-79.938655,40.486063],[-79.938721,40.48601],[-79.939127,40.485855],[-79.939737,40.485752],[-79.939925,40.485659],[-79.940109,40.485532],[-79.940159,40.485442],[-79.94014,40.485218],[-79.939977,40.485062],[-79.939862,40.485001],[-79.939751,40.484833],[-79.939738,40.484788],[-79.939746,40.48473],[-79.939785,40.48468],[-79.939882,40.48463],[-79.940141,40.484616],[-79.940361,40.484667],[-79.940709,40.484712],[-79.941489,40.484697],[-79.941637,40.484671],[-79.942288,40.484659],[-79.942554,40.484622],[-79.942907,40.484561],[-79.943023,40.484541],[-79.943041,40.484521],[-79.942979,40.484479],[-79.942834,40.484407],[-79.942645,40.484344],[-79.942597,40.484204],[-79.942519,40.483987],[-79.942427,40.48383],[-79.942303,40.483827],[-79.942194,40.483734],[-79.942095,40.483647],[-79.941984,40.483582],[-79.941587,40.48344],[-79.941402,40.483432],[-79.940953,40.483403],[-79.940715,40.483388],[-79.940588,40.48335],[-79.940503,40.483277],[-79.94049,40.483121],[-79.940534,40.48285],[-79.94067,40.482741],[-79.940937,40.482618],[-79.941713,40.482367],[-79.942084,40.482254],[-79.942462,40.482083],[-79.943063,40.482002],[-79.943627,40.482098],[-79.943966,40.482106],[-79.944395,40.482086],[-79.944642,40.482024],[-79.944848,40.481882],[-79.945244,40.481777],[-79.945362,40.481705],[-79.945498,40.481484],[-79.94566,40.481354],[-79.946252,40.481274],[-79.94647,40.481241],[-79.946582,40.481216],[-79.946611,40.481163],[-79.946466,40.481126],[-79.946178,40.481074],[-79.946071,40.481013],[-79.945962,40.480905],[-79.945895,40.480711],[-79.945891,40.480573],[-79.946411,40.48001],[-79.947003,40.479452],[-79.947314,40.479279],[-79.947674,40.479227],[-79.947808,40.479189],[-79.947925,40.479078],[-79.948051,40.478788],[-79.948031,40.478523],[-79.948034,40.478374],[-79.947964,40.478294],[-79.947811,40.478234],[-79.947554,40.478216],[-79.947364,40.478145],[-79.946957,40.477916],[-79.946896,40.4779],[-79.94673,40.47788],[-79.94655,40.477913],[-79.946468,40.477943],[-79.946341,40.477974],[-79.946266,40.477987],[-79.946132,40.478053],[-79.946075,40.478129],[-79.945934,40.478195],[-79.945761,40.478227],[-79.945041,40.478315],[-79.944717,40.47831],[-79.944339,40.478283],[-79.944201,40.478205],[-79.944068,40.478046],[-79.94397,40.477818],[-79.94392,40.477669],[-79.94402,40.477494],[-79.944106,40.477355],[-79.944101,40.477228],[-79.944051,40.477068],[-79.943802,40.476819],[-79.943431,40.476539],[-79.943157,40.476463],[-79.942866,40.476307],[-79.942711,40.476172],[-79.942707,40.476046],[-79.942869,40.475928],[-79.943123,40.475877],[-79.943482,40.475778],[-79.943992,40.475711],[-79.944622,40.475618],[-79.945283,40.475582],[-79.94537,40.475477],[-79.945301,40.475191],[-79.945068,40.474988],[-79.944506,40.474837],[-79.944124,40.474672],[-79.943588,40.474417],[-79.943227,40.474217],[-79.942648,40.474009],[-79.941981,40.473884],[-79.941242,40.473875],[-79.940476,40.473935],[-79.939813,40.473925],[-79.93913,40.473777],[-79.93861,40.473545],[-79.938138,40.473392],[-79.937815,40.473203],[-79.937732,40.472951],[-79.937847,40.472799],[-79.938237,40.472746],[-79.938809,40.472712],[-79.939259,40.472657],[-79.939481,40.472527],[-79.93972,40.472453],[-79.940066,40.472435],[-79.940291,40.472431],[-79.940381,40.472406],[-79.940663,40.472274],[-79.941213,40.472033],[-79.941405,40.471926],[-79.94143,40.471764],[-79.941559,40.471555],[-79.94169,40.471414],[-79.941854,40.471354],[-79.94211,40.471349],[-79.942538,40.471536],[-79.943043,40.471803],[-79.943351,40.472004],[-79.94352,40.472093],[-79.943763,40.472158],[-79.94423,40.47216],[-79.944442,40.472191],[-79.944626,40.472268],[-79.944885,40.472367],[-79.945115,40.4725],[-79.945253,40.472578],[-79.94539,40.47261],[-79.945692,40.472616],[-79.946025,40.472679],[-79.946389,40.472753],[-79.946524,40.472738],[-79.946596,40.472633],[-79.946498,40.472382],[-79.946357,40.472224],[-79.946065,40.472045],[-79.945943,40.472013],[-79.945673,40.472052],[-79.945418,40.472092],[-79.945222,40.472061],[-79.944994,40.472019],[-79.94481,40.471919],[-79.944733,40.471852],[-79.944714,40.471737],[-79.94484,40.471458],[-79.945044,40.471224],[-79.945413,40.470998],[-79.945647,40.470798],[-79.946013,40.470469],[-79.946289,40.470038],[-79.94654,40.469647],[-79.946846,40.469308],[-79.947118,40.46904],[-79.947372,40.468529],[-79.94751,40.468395],[-79.94767,40.468295],[-79.947813,40.46825],[-79.948009,40.468235],[-79.948085,40.46827],[-79.948258,40.46842],[-79.948402,40.468549],[-79.948582,40.468645],[-79.948767,40.46872],[-79.948872,40.468786],[-79.948939,40.46886],[-79.949029,40.46889],[-79.949179,40.468898],[-79.94929,40.468874],[-79.949436,40.468786],[-79.949703,40.468531],[-79.949849,40.468429],[-79.950045,40.468418],[-79.950242,40.468435],[-79.950405,40.468575],[-79.950569,40.46875],[-79.950609,40.468835],[-79.950576,40.468957],[-79.950442,40.469138],[-79.950268,40.469255],[-79.950168,40.469335],[-79.950135,40.469464],[-79.950213,40.469563],[-79.950282,40.469669],[-79.950304,40.469775],[-79.950254,40.469954],[-79.950221,40.47009],[-79.950057,40.470215],[-79.949847,40.470347],[-79.949673,40.470472],[-79.949513,40.470575],[-79.94948,40.470697],[-79.949486,40.470889],[-79.949577,40.471108],[-79.949684,40.471242],[-79.949753,40.47134],[-79.949776,40.471461],[-79.949893,40.471616],[-79.950048,40.471813],[-79.950157,40.472003],[-79.950165,40.472245],[-79.950163,40.472452],[-79.950107,40.472903],[-79.950005,40.473183],[-79.949845,40.473443],[-79.949739,40.47363],[-79.949632,40.473768],[-79.949639,40.473996],[-79.949712,40.474222],[-79.949856,40.474362],[-79.950027,40.474452],[-79.950143,40.474571],[-79.950208,40.474684],[-79.950237,40.474726],[-79.950275,40.474747],[-79.95034,40.474745],[-79.950405,40.474716],[-79.950561,40.474641],[-79.950753,40.474531],[-79.950964,40.474413],[-79.951223,40.474343],[-79.951437,40.474304],[-79.951772,40.474269],[-79.951996,40.474293],[-79.952101,40.474348],[-79.952141,40.474419],[-79.952181,40.474525],[-79.952259,40.474609],[-79.95242,40.474677],[-79.95257,40.474696],[-79.952775,40.474706],[-79.953027,40.474694],[-79.953314,40.474603],[-79.953616,40.474448],[-79.953787,40.474252],[-79.953919,40.473993],[-79.954043,40.473798],[-79.954134,40.473703],[-79.954246,40.473701],[-79.954413,40.473684],[-79.954565,40.473759],[-79.954674,40.47395],[-79.954622,40.474086],[-79.954459,40.474239],[-79.954425,40.474325],[-79.954443,40.474596],[-79.954414,40.474853],[-79.954226,40.475092],[-79.953869,40.475306],[-79.953608,40.475339],[-79.953032,40.475414],[-79.952707,40.475456],[-79.952482,40.475432],[-79.952331,40.475392]]]}},
{"type":"Feature","properties":{},"geometry":{"type":"Polygon","coordinates":[[[-79.903267,40.461367],[-79.903487,40.461389],[-79.904064,40.461839],[-79.9044,40.46208],[-79.904404,40.462205],[-79.90447,40.462325],[-79.904555,40.462396],[-79.904701,40.462472],[-79.904887,40.4625],[-79.905046,40.462539],[-79.905131,40.462611],[-79.905209,40.462709],[-79.905253,40.462787],[-79.905256,40.462892],[-79.905264,40.462933],[-79.90528,40.462991],[-79.905308,40.463022],[-79.905351,40.463058],[-79.905596,40.463231],[-79.905823,40.463463],[-79.906015,40.463889],[-79.90603,40.46402],[-79.906096,40.46416],[-79.906289,40.464424],[-79.906425,40.464589],[-79.906581,40.464748],[-79.906869,40.464963],[-79.907017,40.465097],[-79.907105,40.465252],[-79.907331,40.465793],[-79.907412,40.465954],[-79.907505,40.466067],[-79.907569,40.46614],[-79.907682,40.466263],[-79.907888,40.466694],[-79.907964,40.466829],[-79.908064,40.466932],[-79.908233,40.467065],[-79.908409,40.467214],[-79.908563,40.467311],[-79.908649,40.467424],[-79.908731,40.467648],[-79.908736,40.46801],[-79.908673,40.468283],[-79.908664,40.468635],[-79.908583,40.468914],[-79.908585,40.469192],[-79.908608,40.46948],[-79.908628,40.469663],[-79.908533,40.469811],[-79.908499,40.470016],[-79.90841,40.470233],[-79.908287,40.470466],[-79.908223,40.470619],[-79.908228,40.470792],[-79.90827,40.471221],[-79.908386,40.471748],[-79.908394,40.471999],[-79.908314,40.472294],[-79.908262,40.472788],[-79.908207,40.473119],[-79.908245,40.473443],[-79.908206,40.473727],[-79.908162,40.473843],[-79.908034,40.473929],[-79.907918,40.473947],[-79.907795,40.473955],[-79.907602,40.473942],[-79.907409,40.473915],[-79.907332,40.473848],[-79.907238,40.473698],[-79.907188,40.473646],[-79.907172,40.473573],[-79.907157,40.473532],[-79.907115,40.473506],[-79.90706,40.473518],[-79.90698,40.473572],[-79.906913,40.473609],[-79.906669,40.473714],[-79.906437,40.473744],[-79.906046,40.473741],[-79.905346,40.473749],[-79.904858,40.473716],[-79.904488,40.473613],[-79.904315,40.473564],[-79.904136,40.473562],[-79.904,40.473575],[-79.903856,40.473604],[-79.903866,40.473797],[-79.903754,40.473941],[-79.903092,40.474467],[-79.902656,40.4748],[-79.902502,40.474913],[-79.902326,40.474989],[-79.902198,40.475055],[-79.902104,40.475119],[-79.901926,40.475222],[-79.901525,40.47534],[-79.901096,40.475458],[-79.900865,40.47553],[-79.900601,40.47564],[-79.900358,40.475739],[-79.899912,40.475747],[-79.899845,40.475785],[-79.899882,40.475873],[-79.899926,40.475972],[-79.899889,40.476088],[-79.899726,40.476254],[-79.899579,40.476398],[-79.8995,40.476483],[-79.899528,40.476514],[-79.899562,40.476498],[-79.899734,40.476301],[-79.899922,40.476177],[-79.900194,40.476109],[-79.900441,40.476104],[-79.90071,40.476146],[-79.900875,40.476143],[-79.90101,40.476083],[-79.901173,40.476022],[-79.901516,40.475827],[-79.901978,40.475667],[-79.902445,40.475475],[-79.902637,40.475382],[-79.902791,40.475258],[-79.90311,40.474713],[-79.903382,40.474435],[-79.903977,40.474141],[-79.904451,40.47397],[-79.904677,40.473945],[-79.904929,40.473992],[-79.905075,40.474073],[-79.905193,40.474097],[-79.905413,40.474125],[-79.905715,40.474119],[-79.906038,40.474145],[-79.906336,40.474233],[-79.90655,40.474292],[-79.906716,40.474331],[-79.906867,40.474318],[-79.906975,40.474284],[-79.906973,40.474216],[-79.90713,40.474198],[-79.907329,40.474194],[-79.907369,40.474141],[-79.907541,40.474169],[-79.907723,40.474281],[-79.907877,40.474388],[-79.908003,40.474475],[-79.908075,40.474578],[-79.908088,40.475202],[-79.908072,40.475427],[-79.907917,40.475729],[-79.907924,40.476169],[-79.907998,40.476561],[-79.907993,40.476839],[-79.907965,40.477332],[-79.907888,40.477511],[-79.90791,40.477783],[-79.907839,40.478125],[-79.907774,40.478756],[-79.907691,40.479182],[-79.907598,40.479587],[-79.90754,40.479923],[-79.907561,40.480798],[-79.907435,40.481482],[-79.907465,40.481544],[-79.907571,40.481636],[-79.907735,40.481848],[-79.907784,40.482078],[-79.907791,40.482508],[-79.907712,40.482724],[-79.907695,40.482845],[-79.907701,40.483227],[-79.907664,40.483375],[-79.907554,40.483565],[-79.907483,40.483713],[-79.907309,40.483853],[-79.907093,40.483962],[-79.906728,40.483927],[-79.906225,40.483863],[-79.905888,40.483817],[-79.905552,40.483818],[-79.905417,40.483909],[-79.905199,40.483934],[-79.904966,40.483959],[-79.903833,40.483802],[-79.903484,40.483846],[-79.903153,40.483799],[-79.902961,40.483782],[-79.902772,40.48367],[-79.902606,40.483642],[-79.902371,40.483589],[-79.902232,40.483528],[-79.902141,40.483483],[-79.901775,40.48328],[-79.901538,40.483174],[-79.901341,40.48301],[-79.901155,40.482773],[-79.90096,40.482462],[-79.9008,40.481967],[-79.900782,40.481627],[-79.900835,40.481463],[-79.900814,40.481223],[-79.90067,40.48101],[-79.900599,40.480954],[-79.900519,40.481013],[-79.900309,40.4813],[-79.900071,40.481582],[-79.899959,40.481736],[-79.899897,40.481947],[-79.899842,40.482362],[-79.899778,40.482714],[-79.899694,40.482884],[-79.899512,40.482992],[-79.899344,40.4831],[-79.899174,40.48315],[-79.898638,40.483108],[-79.897599,40.483038],[-79.896597,40.48291],[-79.895975,40.482764],[-79.895779,40.482652],[-79.89561,40.482509],[-79.8954,40.482387],[-79.895206,40.482317],[-79.894987,40.482332],[-79.894794,40.482314],[-79.894642,40.482265],[-79.894517,40.482215],[-79.894242,40.482199],[-79.894051,40.482244],[-79.893765,40.482292],[-79.89345,40.482308],[-79.893161,40.482292],[-79.892515,40.482273],[-79.891483,40.482166],[-79.890265,40.482042],[-79.888337,40.481816],[-79.886518,40.481566],[-79.886055,40.48148],[-79.885327,40.481441],[-79.8843,40.481327],[-79.884634,40.479875],[-79.884729,40.479463],[-79.884982,40.478991],[-79.885692,40.478553],[-79.886606,40.478302],[-79.886957,40.476588],[-79.887496,40.476566],[-79.887737,40.476553],[-79.887952,40.476532],[-79.888151,40.47647],[-79.888393,40.476373],[-79.88874,40.476342],[-79.888937,40.476355],[-79.889158,40.476376],[-79.889392,40.476383],[-79.889539,40.47639],[-79.889688,40.476383],[-79.889942,40.476333],[-79.890204,40.476266],[-79.890493,40.476162],[-79.890775,40.476137],[-79.890751,40.47619],[-79.890543,40.476404],[-79.890201,40.476686],[-79.890103,40.476864],[-79.890023,40.477043],[-79.890008,40.47724],[-79.890095,40.477405],[-79.890232,40.477547],[-79.890495,40.477706],[-79.89057,40.47779],[-79.890577,40.47799],[-79.890468,40.478083],[-79.890298,40.478154],[-79.890078,40.478136],[-79.889699,40.478082],[-79.889331,40.478081],[-79.889084,40.478131],[-79.888839,40.478234],[-79.888577,40.478444],[-79.888219,40.478739],[-79.888074,40.478879],[-79.887893,40.478943],[-79.88779,40.47915],[-79.887673,40.479547],[-79.887507,40.479641],[-79.887159,40.47964],[-79.886841,40.47963],[-79.886743,40.479678],[-79.886716,40.479777],[-79.88675,40.479905],[-79.886773,40.479989],[-79.886747,40.480111],[-79.886728,40.480149],[-79.88675,40.480217],[-79.886813,40.480307],[-79.886933,40.48035],[-79.887211,40.480322],[-79.887448,40.480295],[-79.887606,40.480239],[-79.887734,40.480206],[-79.888598,40.48019],[-79.889035,40.480175],[-79.889376,40.480282],[-79.889704,40.480291],[-79.890876,40.480262],[-79.891902,40.480334],[-79.894446,40.480636],[-79.894916,40.480703],[-79.895386,40.480793],[-79.896364,40.480935],[-79.896895,40.481069],[-79.89727,40.481298],[-79.897594,40.481481],[-79.897895,40.481552],[-79.898234,40.481591],[-79.898511,40.481563],[-79.898766,40.481444],[-79.89899,40.481288],[-79.899245,40.480896],[-79.899507,40.480671],[-79.899743,40.480384],[-79.899871,40.480153],[-79.900273,40.479928],[-79.900344,40.479838],[-79.900386,40.479713],[-79.900376,40.479578],[-79.900436,40.479424],[-79.900669,40.479173],[-79.900903,40.479039],[-79.901107,40.479056],[-79.901321,40.479161],[-79.901407,40.479289],[-79.901401,40.479533],[-79.901387,40.479731],[-79.901446,40.479891],[-79.901531,40.479982],[-79.90165,40.480094],[-79.901713,40.480156],[-79.901703,40.480488],[-79.901658,40.480785],[-79.901556,40.481],[-79.901531,40.48128],[-79.90156,40.481545],[-79.901632,40.481886],[-79.901762,40.482122],[-79.901945,40.482306],[-79.902143,40.482448],[-79.902406,40.482604],[-79.90275,40.482737],[-79.902997,40.48279],[-79.90335,40.482799],[-79.903859,40.482769],[-79.90422,40.482803],[-79.904728,40.482934],[-79.90486,40.482994],[-79.90501,40.483002],[-79.90522,40.482987],[-79.905369,40.482948],[-79.905469,40.482905],[-79.905548,40.48281],[-79.90553,40.482696],[-79.905404,40.482574],[-79.905353,40.48245],[-79.905309,40.482357],[-79.905354,40.482284],[-79.905473,40.482183],[-79.905567,40.482129],[-79.90562,40.482092],[-79.905692,40.482008],[-79.905655,40.481925],[-79.905619,40.481858],[-79.905608,40.481718],[-79.905564,40.4812],[-79.905564,40.481101],[-79.905662,40.48097],[-79.9057,40.480891],[-79.905692,40.480845],[-79.905623,40.480799],[-79.905513,40.48076],[-79.905376,40.480731],[-79.905306,40.480681],[-79.905193,40.480548],[-79.905182,40.480418],[-79.905204,40.480262],[-79.905263,40.480173],[-79.905254,40.4801],[-79.905196,40.479992],[-79.904633,40.47938],[-79.904493,40.479159],[-79.904436,40.479061],[-79.904337,40.47897],[-79.90422,40.47891],[-79.904034,40.478825],[-79.903874,40.478729],[-79.903782,40.478606],[-79.903739,40.478519],[-79.903771,40.478471],[-79.904004,40.478332],[-79.904275,40.47828],[-79.904383,40.478258],[-79.904593,40.478259],[-79.904751,40.478287],[-79.905095,40.478426],[-79.905343,40.478536],[-79.905657,40.478587],[-79.905895,40.478588],[-79.906064,40.478559],[-79.906252,40.478477],[-79.906344,40.478387],[-79.906324,40.477977],[-79.906195,40.477767],[-79.905839,40.477462],[-79.905643,40.4773],[-79.905598,40.477176],[-79.905704,40.47707],[-79.905906,40.477014],[-79.906176,40.476968],[-79.906297,40.476903],[-79.90643,40.476838],[-79.906534,40.476691],[-79.906598,40.476119],[-79.906667,40.475744],[-79.906646,40.475516],[-79.906604,40.475465],[-79.906507,40.475425],[-79.906264,40.47545],[-79.906115,40.475474],[-79.906005,40.475434],[-79.905933,40.475301],[-79.905858,40.475105],[-79.9058,40.474992],[-79.905635,40.474912],[-79.904564,40.474589],[-79.90425,40.474543],[-79.904075,40.474598],[-79.904012,40.474734],[-79.903895,40.474902],[-79.903804,40.475029],[-79.903642,40.475084],[-79.903455,40.47516],[-79.903335,40.475245],[-79.903142,40.475602],[-79.902929,40.475741],[-79.902288,40.476085],[-79.902086,40.476151],[-79.90191,40.476165],[-79.90175,40.476251],[-79.901203,40.476572],[-79.901041,40.476617],[-79.900553,40.476647],[-79.900195,40.476716],[-79.899941,40.476866],[-79.89973,40.477046],[-79.899573,40.477236],[-79.89931,40.477542],[-79.899044,40.477724],[-79.89891,40.477757],[-79.898801,40.477759],[-79.898705,40.477751],[-79.898534,40.477899],[-79.898347,40.478027],[-79.898212,40.478061],[-79.89819,40.477781],[-79.898185,40.477615],[-79.898312,40.477353],[-79.898438,40.477049],[-79.898474,40.476883],[-79.898402,40.476759],[-79.898303,40.476647],[-79.898109,40.476526],[-79.897878,40.47651],[-79.897445,40.47658],[-79.897216,40.476646],[-79.897041,40.476702],[-79.896838,40.476716],[-79.896687,40.476667],[-79.896671,40.476594],[-79.896735,40.476469],[-79.896852,40.476311],[-79.896942,40.476164],[-79.897046,40.475995],[-79.89715,40.475869],[-79.897187,40.475733],[-79.897134,40.47535],[-79.897037,40.474853],[-79.896959,40.474554],[-79.897008,40.474397],[-79.89706,40.474303],[-79.897043,40.47421],[-79.896967,40.473951],[-79.896931,40.473661],[-79.896943,40.473422],[-79.897103,40.473305],[-79.897252,40.473313],[-79.897474,40.473433],[-79.897656,40.473606],[-79.897798,40.473811],[-79.89787,40.473924],[-79.898051,40.474045],[-79.898244,40.474156],[-79.898328,40.474238],[-79.898414,40.47435],[-79.898461,40.474557],[-79.898508,40.474743],[-79.898601,40.474887],[-79.898835,40.475007],[-79.899124,40.475105],[-79.899437,40.475131],[-79.899722,40.475115],[-79.900101,40.475056],[-79.900465,40.474966],[-79.900719,40.474816],[-79.900877,40.474668],[-79.901048,40.474488],[-79.901137,40.47431],[-79.901184,40.47407],[-79.901149,40.473811],[-79.900981,40.473669],[-79.900731,40.473518],[-79.900373,40.473359],[-79.900124,40.473228],[-79.899916,40.473097],[-79.899748,40.472944],[-79.899758,40.472809],[-79.899834,40.472662],[-79.900023,40.472597],[-79.900976,40.472652],[-79.90253,40.47281],[-79.903009,40.472915],[-79.90312,40.472996],[-79.903272,40.473066],[-79.903491,40.473124],[-79.903615,40.473153],[-79.903818,40.473149],[-79.903884,40.473085],[-79.904044,40.472968],[-79.904233,40.472923],[-79.904328,40.472932],[-79.904467,40.473023],[-79.904633,40.473134],[-79.90477,40.473162],[-79.905179,40.473207],[-79.905711,40.473249],[-79.906158,40.47322],[-79.906388,40.473174],[-79.906536,40.473119],[-79.906719,40.472898],[-79.906784,40.472803],[-79.906905,40.472759],[-79.906985,40.472716],[-79.907062,40.472569],[-79.907145,40.472215],[-79.907124,40.471966],[-79.90705,40.471791],[-79.906938,40.471689],[-79.906772,40.471588],[-79.906636,40.47157],[-79.90646,40.471615],[-79.906311,40.471628],[-79.906216,40.471619],[-79.906129,40.471465],[-79.906084,40.471331],[-79.905947,40.471282],[-79.905756,40.471265],[-79.905522,40.471165],[-79.905372,40.471147],[-79.905264,40.47117],[-79.905157,40.471234],[-79.905066,40.47135],[-79.904961,40.471487],[-79.904734,40.471616],[-79.904613,40.47166],[-79.904383,40.471664],[-79.90419,40.471585],[-79.904132,40.471482],[-79.904142,40.471378],[-79.904167,40.471284],[-79.90415,40.47118],[-79.904133,40.471077],[-79.904118,40.471046],[-79.904144,40.471004],[-79.904277,40.470898],[-79.904369,40.470823],[-79.904394,40.47075],[-79.904336,40.470637],[-79.904254,40.470607],[-79.904132,40.47063],[-79.903916,40.470686],[-79.903741,40.470721],[-79.903523,40.470704],[-79.903303,40.470615],[-79.903096,40.470535],[-79.902809,40.470478],[-79.902425,40.470361],[-79.902279,40.470281],[-79.902181,40.470179],[-79.902178,40.470085],[-79.902096,40.470066],[-79.901971,40.469996],[-79.902075,40.469828],[-79.902263,40.469751],[-79.902557,40.469621],[-79.902678,40.469557],[-79.902866,40.469501],[-79.903015,40.469478],[-79.903086,40.469591],[-79.90313,40.469683],[-79.903213,40.469723],[-79.903388,40.469689],[-79.90366,40.469673],[-79.903999,40.469657],[-79.904298,40.469651],[-79.904544,40.469699],[-79.904778,40.469777],[-79.904986,40.469929],[-79.905057,40.470032],[-79.905193,40.470029],[-79.905502,40.469899],[-79.905991,40.46991],[-79.906607,40.470055],[-79.906896,40.470143],[-79.907087,40.470181],[-79.907209,40.470158],[-79.907274,40.470073],[-79.907141,40.469754],[-79.907074,40.46935],[-79.907076,40.468976],[-79.907124,40.468789],[-79.907242,40.468651],[-79.907409,40.468347],[-79.907479,40.467993],[-79.907459,40.467796],[-79.90728,40.467301],[-79.907083,40.466858],[-79.906805,40.46624],[-79.906378,40.465646],[-79.906081,40.465267],[-79.905949,40.464969],[-79.905833,40.464742],[-79.905679,40.46461],[-79.905379,40.464159],[-79.905305,40.463963],[-79.905154,40.463706],[-79.904819,40.463432],[-79.904622,40.463218],[-79.904575,40.463021],[-79.904396,40.462942],[-79.904147,40.46279],[-79.903937,40.462607],[-79.90374,40.462459],[-79.903619,40.462298],[-79.903498,40.462159],[-79.903413,40.462087],[-79.903302,40.462042],[-79.903131,40.462072],[-79.902936,40.46217],[-79.902763,40.462341],[-79.902523,40.46257],[-79.90237,40.462715],[-79.902235,40.462796],[-79.902085,40.462814],[-79.902036,40.462763],[-79.901956,40.462644],[-79.90195,40.46244],[-79.902102,40.462269],[-79.90229,40.462135],[-79.902405,40.462096],[-79.902458,40.462027],[-79.902536,40.461905],[-79.902659,40.461661],[-79.902885,40.461432],[-79.903068,40.461386],[-79.903267,40.461367]],[[-79.905535,40.470322],[-79.905307,40.470387],[-79.904933,40.470419],[-79.904935,40.470479],[-79.904997,40.470574],[-79.905018,40.470794],[-79.905032,40.470829],[-79.905097,40.470823],[-79.905319,40.470754],[-79.90555,40.470785],[-79.905889,40.470889],[-79.906063,40.471006],[-79.906195,40.471014],[-79.9064,40.47105],[-79.906514,40.471118],[-79.90669,40.471251],[-79.906776,40.471279],[-79.906948,40.471306],[-79.907134,40.471358],[-79.907246,40.471386],[-79.907326,40.4714],[-79.907391,40.471373],[-79.9074,40.471036],[-79.907475,40.47094],[-79.907482,40.470733],[-79.907222,40.470633],[-79.906989,40.470542],[-79.906808,40.470439],[-79.90671,40.470451],[-79.906457,40.470361],[-79.90612,40.470317],[-79.905535,40.470322]]]}},
{"type":"Feature","properties":{},"geometry":{"type":"Polygon","coordinates":[[[-79.995965,40.477367],[-79.99591,40.476277],[-79.99631,40.476567],[-79.996611,40.476733],[-79.996883,40.476847],[-79.99717,40.477013],[-79.997394,40.477375],[-79.997759,40.478186],[-79.997888,40.478658],[-79.99781,40.478864],[-79.997816,40.479034],[-79.996491,40.479222],[-79.995322,40.477387],[-79.995965,40.477367]]]}},
{"type":"Feature","properties":{},"geometry":{"type":"Polygon","coordinates":[[[-79.989068,40.476961],[-79.989311,40.476783],[-79.989495,40.476629],[-79.989617,40.476587],[-79.989777,40.476573],[-79.990442,40.476605],[-79.990798,40.476598],[-79.991463,40.476663],[-79.992087,40.47679],[-79.99266,40.476924],[-79.993079,40.477049],[-79.993523,40.4773],[-79.991409,40.477163],[-79.989068,40.476961]]]}},
{"type":"Feature","properties":{},"geometry":{"type":"Polygon","coordinates":[[[-79.991025,40.457112],[-79.991633,40.457239],[-79.992254,40.457393],[-79.992646,40.457432],[-79.992911,40.457579],[-79.993196,40.457766],[-79.993325,40.458009],[-79.99335,40.458234],[-79.993218,40.458456],[-79.993061,40.458691],[-79.992825,40.458882],[-79.992527,40.459073],[-79.992297,40.459204],[-79.991874,40.459285],[-79.991334,40.459355],[-79.990755,40.459439],[-79.990504,40.459471],[-79.989811,40.459497],[-79.989378,40.459545],[-79.988742,40.459724],[-79.988247,40.459992],[-79.988146,40.4601],[-79.98805,40.460328],[-79.987967,40.460581],[-79.987793,40.46083],[-79.987611,40.461119],[-79.987621,40.461404],[-79.987551,40.461644],[-79.987186,40.462295],[-79.986915,40.462512],[-79.986474,40.462813],[-79.985986,40.463021],[-79.985434,40.46341],[-79.985214,40.463574],[-79.985114,40.463688],[-79.985059,40.464008],[-79.985051,40.464161],[-79.985028,40.46437],[-79.984981,40.46453],[-79.984912,40.464694],[-79.984868,40.464805],[-79.984889,40.465096],[-79.984894,40.465242],[-79.984821,40.465409],[-79.984653,40.465585],[-79.984313,40.465791],[-79.984179,40.465959],[-79.984433,40.466001],[-79.984859,40.466019],[-79.985036,40.466115],[-79.98518,40.466291],[-79.985178,40.467001],[-79.985267,40.467471],[-79.985323,40.467834],[-79.985293,40.467974],[-79.985246,40.468128],[-79.985244,40.46834],[-79.98524,40.4685],[-79.985262,40.468625],[-79.985353,40.468743],[-79.985444,40.468874],[-79.985561,40.468998],[-79.985637,40.469182],[-79.985744,40.469405],[-79.985829,40.469616],[-79.985818,40.469815],[-79.985798,40.469995],[-79.985811,40.470121],[-79.985902,40.470252],[-79.98601,40.470356],[-79.98609,40.470427],[-79.986129,40.470552],[-79.986169,40.470711],[-79.986171,40.471162],[-79.986224,40.471433],[-79.986308,40.471617],[-79.986451,40.471754],[-79.986601,40.471817],[-79.986758,40.471847],[-79.986943,40.471917],[-79.987245,40.472123],[-79.987469,40.472338],[-79.987663,40.472666],[-79.987859,40.47308],[-79.988111,40.473473],[-79.988339,40.473814],[-79.988478,40.474076],[-79.988571,40.474274],[-79.988643,40.474339],[-79.988865,40.474487],[-79.98917,40.47478],[-79.989361,40.475035],[-79.989462,40.475457],[-79.989465,40.475815],[-79.989416,40.476175],[-79.989306,40.476532],[-79.989098,40.476848],[-79.988992,40.476955],[-79.987903,40.476861],[-79.987495,40.475382],[-79.985784,40.471976],[-79.983825,40.466352],[-79.98296,40.467357],[-79.982493,40.468126],[-79.98193,40.469064],[-79.981858,40.469211],[-79.981773,40.469345],[-79.981317,40.469718],[-79.981185,40.469818],[-79.980887,40.470021],[-79.979773,40.470675],[-79.978696,40.471586],[-79.977675,40.471118],[-79.977287,40.470928],[-79.976966,40.470741],[-79.976379,40.470411],[-79.975726,40.470029],[-79.976156,40.469567],[-79.976415,40.469257],[-79.97662,40.469027],[-79.976903,40.46865],[-79.977228,40.468239],[-79.977659,40.467627],[-79.978034,40.467142],[-79.978314,40.466819],[-79.9785,40.466662],[-79.97866,40.466507],[-79.97875,40.466359],[-79.97878,40.466186],[-79.978905,40.466038],[-79.979118,40.465788],[-79.979267,40.465553],[-79.9795,40.465263],[-79.979712,40.465113],[-79.979864,40.464991],[-79.979931,40.464897],[-79.980003,40.464723],[-79.980151,40.464454],[-79.980468,40.46409],[-79.980734,40.46372],[-79.981125,40.463202],[-79.981997,40.462017],[-79.982405,40.461352],[-79.982791,40.460927],[-79.982911,40.460905],[-79.983173,40.460926],[-79.983445,40.460762],[-79.983948,40.460234],[-79.984326,40.459975],[-79.984836,40.459653],[-79.985637,40.459187],[-79.986377,40.458721],[-79.986759,40.458448],[-79.987113,40.458136],[-79.98738,40.457939],[-79.987679,40.4578],[-79.98804,40.45768],[-79.988435,40.457553],[-79.988892,40.457458],[-79.989416,40.457289],[-79.989899,40.4572],[-79.990315,40.457165],[-79.990704,40.457118],[-79.991025,40.457112]],[[-79.99036,40.457916],[-79.989769,40.457953],[-79.989311,40.458037],[-79.988852,40.458113],[-79.988461,40.458213],[-79.988113,40.458312],[-79.98781,40.458452],[-79.987562,40.458566],[-79.987317,40.45872],[-79.98684,40.459127],[-79.986482,40.459352],[-79.986124,40.459591],[-79.985792,40.459863],[-79.985106,40.460317],[-79.984791,40.460551],[-79.984477,40.460794],[-79.984189,40.461112],[-79.984002,40.461447],[-79.983825,40.461726],[-79.983427,40.462056],[-79.983207,40.462174],[-79.982512,40.462908],[-79.982224,40.463188],[-79.982041,40.463381],[-79.981942,40.463551],[-79.981923,40.463631],[-79.981943,40.463735],[-79.981984,40.463977],[-79.982013,40.464203],[-79.982,40.464287],[-79.981953,40.464364],[-79.981806,40.464555],[-79.981705,40.464654],[-79.981485,40.46475],[-79.981311,40.464795],[-79.981185,40.464798],[-79.981065,40.464809],[-79.981,40.464839],[-79.980958,40.464895],[-79.980973,40.465007],[-79.98107,40.465127],[-79.981295,40.465307],[-79.981538,40.465508],[-79.981692,40.465673],[-79.981713,40.465815],[-79.98166,40.465887],[-79.981551,40.465915],[-79.981431,40.465913],[-79.981225,40.465845],[-79.981075,40.465777],[-79.980987,40.465758],[-79.9808,40.465766],[-79.980664,40.465781],[-79.980553,40.465758],[-79.980431,40.465731],[-79.980217,40.465714],[-79.980097,40.465729],[-79.980016,40.465789],[-79.979878,40.465922],[-79.979686,40.466076],[-79.979574,40.466175],[-79.979484,40.466277],[-79.979448,40.466362],[-79.97946,40.466431],[-79.979511,40.466491],[-79.979618,40.466564],[-79.979731,40.466591],[-79.97987,40.466645],[-79.979944,40.4667],[-79.980005,40.4668],[-79.980027,40.466912],[-79.980019,40.466988],[-79.979956,40.467082],[-79.979843,40.467142],[-79.979712,40.46717],[-79.979076,40.467182],[-79.978769,40.467197],[-79.978453,40.467417],[-79.978327,40.467599],[-79.978134,40.467746],[-79.978011,40.467828],[-79.978016,40.467974],[-79.978037,40.468108],[-79.97797,40.468252],[-79.977733,40.468475],[-79.977557,40.468633],[-79.977333,40.468822],[-79.97712,40.469006],[-79.977101,40.469099],[-79.977109,40.469191],[-79.97722,40.469231],[-79.977376,40.469278],[-79.977455,40.469369],[-79.977448,40.469478],[-79.977301,40.469665],[-79.977175,40.469835],[-79.977113,40.469979],[-79.977096,40.47013],[-79.97708,40.47029],[-79.977095,40.470416],[-79.977252,40.470513],[-79.97744,40.47056],[-79.977669,40.470513],[-79.977872,40.47035],[-79.978472,40.469919],[-79.97875,40.469671],[-79.978905,40.469735],[-79.979017,40.469783],[-79.979249,40.469837],[-79.979522,40.46979],[-79.979952,40.469522],[-79.980554,40.469133],[-79.981081,40.468804],[-79.981763,40.468372],[-79.981924,40.468251],[-79.982169,40.468037],[-79.982337,40.467807],[-79.982503,40.467519],[-79.982673,40.467339],[-79.98295,40.467083],[-79.983163,40.466886],[-79.983366,40.466722],[-79.983459,40.46657],[-79.983487,40.466401],[-79.983492,40.466217],[-79.983485,40.466007],[-79.983533,40.465797],[-79.983596,40.465712],[-79.983691,40.465609],[-79.983962,40.465495],[-79.98414,40.465408],[-79.984223,40.46528],[-79.984219,40.465154],[-79.984169,40.464963],[-79.984218,40.464794],[-79.984298,40.464549],[-79.984294,40.464432],[-79.984281,40.464357],[-79.984275,40.464181],[-79.984226,40.464039],[-79.984147,40.463957],[-79.984066,40.463832],[-79.984059,40.463648],[-79.984045,40.463531],[-79.984052,40.463413],[-79.984167,40.463235],[-79.984348,40.463089],[-79.984522,40.463027],[-79.984728,40.462964],[-79.984974,40.462934],[-79.985158,40.462864],[-79.98548,40.462639],[-79.98608,40.462192],[-79.986289,40.461878],[-79.98655,40.461487],[-79.986872,40.460927],[-79.987174,40.460435],[-79.987264,40.460173],[-79.987383,40.459953],[-79.987723,40.459628],[-79.988088,40.459386],[-79.988639,40.459107],[-79.989214,40.458919],[-79.989758,40.458783],[-79.990327,40.458722],[-79.99093,40.45871],[-79.991413,40.458709],[-79.991779,40.458685],[-79.992009,40.458647],[-79.992279,40.458533],[-79.992493,40.458378],[-79.992631,40.458233],[-79.992616,40.458116],[-79.992527,40.458059],[-79.992295,40.458013],[-79.991955,40.458028],[-79.991572,40.458044],[-79.990811,40.457949],[-79.99036,40.457916]]]}},
{"type":"Feature","properties":{},"geometry":{"type":"Polygon","coordinates":[[[-80.037044,40.47134],[-80.036838,40.471375],[-80.03667,40.471385],[-80.036542,40.471399],[-80.036471,40.47145],[-80.036268,40.471626],[-80.036057,40.471784],[-80.035906,40.471842],[-80.035763,40.471894],[-80.035693,40.471956],[-80.035672,40.472049],[-80.035582,40.472229],[-80.03541,40.472496],[-80.035109,40.472846],[-80.034971,40.473048],[-80.034803,40.473202],[-80.034514,40.473395],[-80.034397,40.473523],[-80.034172,40.473736],[-80.034074,40.473937],[-80.034019,40.474147],[-80.034122,40.474348],[-80.034248,40.474499],[-80.034291,40.474584],[-80.03432,40.474731],[-80.034327,40.474933],[-80.034281,40.475008],[-80.034116,40.475115],[-80.033967,40.475229],[-80.033778,40.475343],[-80.033549,40.475464],[-80.033272,40.475586],[-80.032915,40.475704],[-80.032619,40.475759],[-80.032188,40.475822],[-80.031956,40.475864],[-80.031699,40.475863],[-80.031488,40.475818],[-80.031245,40.475737],[-80.030976,40.475638],[-80.030685,40.475459],[-80.030404,40.475219],[-80.0302,40.474892],[-80.030049,40.474711],[-80.029789,40.474403],[-80.029702,40.474183],[-80.029695,40.473999],[-80.029672,40.473785],[-80.029564,40.473449],[-80.029435,40.473071],[-80.029291,40.472866],[-80.029151,40.472739],[-80.028944,40.472578],[-80.028703,40.472331],[-80.028403,40.472011],[-80.028335,40.471915],[-80.028315,40.471792],[-80.028213,40.471628],[-80.028118,40.471422],[-80.027934,40.471216],[-80.027793,40.471084],[-80.027765,40.470962],[-80.027768,40.470815],[-80.02779,40.470765],[-80.027821,40.470728],[-80.027869,40.470727],[-80.027958,40.470731],[-80.028095,40.470753],[-80.028265,40.470774],[-80.028324,40.470865],[-80.028442,40.471016],[-80.028568,40.471179],[-80.028686,40.471355],[-80.02877,40.47147],[-80.028951,40.471595],[-80.029164,40.471696],[-80.029319,40.471791],[-80.029402,40.471844],[-80.02951,40.471971],[-80.029618,40.472073],[-80.029734,40.472182],[-80.029898,40.472283],[-80.03007,40.472353],[-80.030273,40.472423],[-80.030466,40.472542],[-80.030532,40.472614],[-80.030609,40.472741],[-80.030691,40.473034],[-80.03078,40.473297],[-80.0309,40.473613],[-80.031018,40.474022],[-80.031184,40.47443],[-80.031412,40.474764],[-80.031529,40.474878],[-80.031684,40.474948],[-80.031829,40.474964],[-80.031957,40.474961],[-80.032085,40.474922],[-80.032186,40.47484],[-80.032288,40.474636],[-80.032269,40.474317],[-80.032278,40.474096],[-80.032338,40.473984],[-80.032439,40.473884],[-80.032542,40.473839],[-80.03266,40.473763],[-80.032747,40.473718],[-80.032841,40.473655],[-80.032951,40.473585],[-80.033021,40.473498],[-80.033064,40.473344],[-80.03306,40.473245],[-80.033049,40.473135],[-80.033004,40.472995],[-80.032904,40.472788],[-80.032941,40.472701],[-80.033036,40.472638],[-80.033178,40.47258],[-80.03336,40.472491],[-80.033486,40.472396],[-80.033531,40.472315],[-80.033567,40.472204],[-80.033533,40.472143],[-80.033418,40.47206],[-80.033311,40.471982],[-80.033114,40.471869],[-80.032943,40.471799],[-80.032771,40.471698],[-80.032598,40.471585],[-80.032464,40.471299],[-80.032355,40.471166],[-80.032293,40.471002],[-80.032321,40.47086],[-80.032414,40.47076],[-80.032618,40.470627],[-80.03284,40.470524],[-80.033093,40.470427],[-80.033381,40.470379],[-80.033567,40.470406],[-80.033801,40.47045],[-80.034016,40.470378],[-80.034276,40.470244],[-80.034573,40.470238],[-80.03484,40.470294],[-80.035157,40.470405],[-80.035478,40.470481],[-80.035537,40.470472],[-80.03559,40.470449],[-80.035621,40.47041],[-80.035657,40.470369],[-80.035674,40.470324],[-80.035679,40.470276],[-80.035641,40.470223],[-80.035422,40.470154],[-80.034991,40.469997],[-80.034744,40.469953],[-80.034558,40.469913],[-80.034387,40.469828],[-80.034182,40.469718],[-80.033941,40.469551],[-80.033825,40.469424],[-80.033819,40.469253],[-80.033894,40.469098],[-80.034062,40.46883],[-80.03409,40.468725],[-80.034055,40.468634],[-80.033914,40.468496],[-80.033823,40.468412],[-80.033827,40.468295],[-80.033856,40.468208],[-80.033861,40.46811],[-80.033752,40.468002],[-80.033597,40.467913],[-80.033434,40.467861],[-80.033319,40.467786],[-80.033225,40.467604],[-80.033145,40.467498],[-80.033021,40.467504],[-80.032897,40.46754],[-80.032775,40.467619],[-80.032636,40.46772],[-80.032454,40.467785],[-80.032205,40.467802],[-80.031856,40.467809],[-80.031597,40.467882],[-80.031444,40.467989],[-80.031229,40.468033],[-80.030969,40.468057],[-80.030819,40.468035],[-80.030669,40.467989],[-80.030529,40.467887],[-80.030313,40.467723],[-80.030291,40.467674],[-80.030241,40.467632],[-80.030139,40.467576],[-80.02997,40.467462],[-80.029894,40.467338],[-80.029883,40.467136],[-80.029914,40.467095],[-80.02998,40.46703],[-80.029987,40.466811],[-80.030224,40.466583],[-80.030427,40.466407],[-80.030581,40.466226],[-80.030742,40.466121],[-80.030776,40.46605],[-80.030651,40.466043],[-80.030603,40.465971],[-80.030697,40.465901],[-80.030823,40.465837],[-80.030918,40.465799],[-80.030998,40.465785],[-80.031148,40.46569],[-80.031346,40.465606],[-80.031495,40.465505],[-80.031532,40.46543],[-80.03153,40.465345],[-80.031445,40.46523],[-80.031288,40.465079],[-80.031154,40.464916],[-80.031117,40.464794],[-80.031096,40.464653],[-80.031078,40.464574],[-80.030996,40.464526],[-80.030931,40.464515],[-80.030836,40.464566],[-80.03075,40.464617],[-80.030648,40.464693],[-80.030459,40.464801],[-80.030288,40.464982],[-80.030005,40.465154],[-80.029792,40.465268],[-80.029476,40.465446],[-80.029271,40.465536],[-80.02901,40.465671],[-80.028764,40.465755],[-80.028462,40.465853],[-80.028191,40.465926],[-80.028086,40.465916],[-80.028091,40.465824],[-80.028152,40.465706],[-80.028355,40.465555],[-80.02852,40.465435],[-80.028671,40.465383],[-80.028775,40.465374],[-80.028894,40.465317],[-80.029003,40.465216],[-80.029104,40.465116],[-80.02922,40.464985],[-80.029369,40.46489],[-80.029535,40.464807],[-80.029745,40.464717],[-80.029919,40.464643],[-80.030033,40.46457],[-80.030162,40.464463],[-80.030275,40.464341],[-80.030367,40.46422],[-80.030498,40.464073],[-80.030634,40.46392],[-80.03074,40.46385],[-80.030876,40.463823],[-80.031048,40.463823],[-80.031142,40.463867],[-80.031403,40.463972],[-80.031677,40.464059],[-80.031825,40.46416],[-80.032007,40.464316],[-80.0321,40.464456],[-80.032258,40.464624],[-80.032399,40.46475],[-80.032559,40.464974],[-80.032623,40.465182],[-80.032613,40.465366],[-80.032514,40.465654],[-80.032474,40.465774],[-80.032398,40.465901],[-80.032278,40.466027],[-80.032169,40.466151],[-80.032108,40.466236],[-80.032095,40.466313],[-80.032132,40.466364],[-80.032244,40.466451],[-80.032342,40.466516],[-80.03243,40.466539],[-80.032638,40.466541],[-80.032824,40.466556],[-80.033107,40.466593],[-80.033342,40.466644],[-80.033494,40.466733],[-80.033631,40.466764],[-80.033804,40.466767],[-80.033896,40.466759],[-80.033988,40.466751],[-80.034143,40.466821],[-80.034409,40.466964],[-80.0346,40.467052],[-80.034722,40.467108],[-80.034824,40.467149],[-80.034951,40.467205],[-80.035102,40.467284],[-80.03534,40.467424],[-80.035558,40.467595],[-80.03575,40.467897],[-80.035956,40.46826],[-80.036083,40.46853],[-80.036354,40.469142],[-80.036597,40.469601],[-80.036959,40.470199],[-80.037315,40.47075],[-80.037503,40.471035],[-80.037487,40.47114],[-80.037423,40.471212],[-80.037317,40.471273],[-80.037206,40.471314],[-80.037044,40.47134]]]}},
{"type":"Feature","properties":{},"geometry":{"type":"Polygon","coordinates":[[[-79.995857,40.475217],[-79.995821,40.474482],[-79.996182,40.47435],[-79.996481,40.474361],[-79.997362,40.47452],[-79.997058,40.474753],[-79.996874,40.474799],[-79.996727,40.474851],[-79.9966,40.474925],[-79.996471,40.47497],[-79.996156,40.474969],[-79.995857,40.475217]]]}},
{"type":"Feature","properties":{},"geometry":{"type":"Polygon","coordinates":[[[-80.017631,40.470045],[-80.017488,40.470078],[-80.017338,40.470086],[-80.017213,40.470068],[-80.017115,40.47005],[-80.017029,40.470037],[-80.016924,40.470014],[-80.016825,40.469991],[-80.016687,40.469983],[-80.016517,40.470002],[-80.016316,40.470041],[-80.016134,40.470084],[-80.015965,40.470113],[-80.015818,40.470205],[-80.015609,40.470425],[-80.015453,40.470663],[-80.01521,40.471112],[-80.015104,40.471412],[-80.014995,40.471674],[-80.014928,40.47182],[-80.014705,40.471995],[-80.014596,40.472072],[-80.014492,40.472099],[-80.014289,40.472098],[-80.014113,40.472111],[-80.014036,40.472143],[-80.014018,40.472208],[-80.014047,40.472278],[-80.014098,40.472427],[-80.014096,40.472582],[-80.014041,40.472683],[-80.013959,40.472764],[-80.013903,40.47287],[-80.013879,40.473021],[-80.013962,40.473149],[-80.014007,40.473318],[-80.013936,40.47357],[-80.01388,40.473841],[-80.013689,40.473994],[-80.013508,40.474068],[-80.013351,40.474071],[-80.013178,40.473975],[-80.013068,40.473827],[-80.013048,40.473607],[-80.013081,40.473436],[-80.013113,40.473196],[-80.013132,40.4728],[-80.013113,40.472626],[-80.013206,40.472469],[-80.013273,40.472328],[-80.013258,40.472253],[-80.013235,40.472168],[-80.013209,40.471984],[-80.013216,40.471794],[-80.013259,40.471708],[-80.01347,40.471574],[-80.013657,40.47147],[-80.01384,40.471462],[-80.014003,40.471448],[-80.014125,40.471381],[-80.014246,40.471294],[-80.014379,40.471151],[-80.014477,40.471059],[-80.014585,40.470965],[-80.014698,40.470822],[-80.014805,40.470695],[-80.014795,40.470396],[-80.014818,40.4703],[-80.014854,40.470209],[-80.014917,40.470128],[-80.014966,40.470027],[-80.015021,40.469901],[-80.015031,40.469811],[-80.015008,40.469716],[-80.015011,40.469606],[-80.015079,40.469495],[-80.015155,40.469414],[-80.015251,40.469372],[-80.015344,40.469395],[-80.01551,40.469467],[-80.015544,40.469516],[-80.015528,40.469621],[-80.015549,40.469671],[-80.015681,40.469708],[-80.015795,40.469671],[-80.015946,40.469593],[-80.016145,40.469484],[-80.016375,40.4694],[-80.016654,40.469349],[-80.016904,40.469394],[-80.017064,40.469486],[-80.017231,40.469578],[-80.017408,40.469594],[-80.017608,40.46949],[-80.017786,40.469347],[-80.01811,40.469056],[-80.018461,40.468784],[-80.018655,40.468725],[-80.018805,40.468707],[-80.018897,40.468735],[-80.018926,40.4688],[-80.018837,40.468896],[-80.018674,40.46908],[-80.018506,40.46925],[-80.018317,40.469474],[-80.018194,40.469621],[-80.018126,40.469775],[-80.017927,40.469894],[-80.017631,40.470045]]]}},
{"type":"Feature","properties":{},"geometry":{"type":"Polygon","coordinates":[[[-80.010636,40.470679],[-80.010939,40.470729],[-80.011146,40.470859],[-80.011331,40.471111],[-80.011531,40.471402],[-80.011647,40.471635],[-80.011716,40.471948],[-80.011735,40.472128],[-80.011724,40.472368],[-80.011635,40.47264],[-80.011586,40.472751],[-80.011607,40.4728],[-80.011669,40.472899],[-80.011721,40.473063],[-80.011736,40.473123],[-80.011667,40.473214],[-80.011604,40.4733],[-80.011537,40.473437],[-80.011334,40.473616],[-80.011283,40.473657],[-80.011191,40.473648],[-80.011044,40.473576],[-80.01093,40.473479],[-80.01091,40.473279],[-80.010894,40.473184],[-80.010826,40.473106],[-80.010717,40.472998],[-80.010656,40.472909],[-80.010638,40.472764],[-80.010691,40.472603],[-80.010785,40.472376],[-80.010869,40.472149],[-80.010858,40.47201],[-80.010773,40.471827],[-80.010683,40.471688],[-80.010601,40.471565],[-80.010479,40.471462],[-80.010339,40.471365],[-80.010183,40.471218],[-80.010114,40.47111],[-80.010129,40.470969],[-80.010262,40.470827],[-80.010382,40.470699],[-80.010636,40.470679]]]}},
{"type":"Feature","properties":{},"geometry":{"type":"Polygon","coordinates":[[[-80.012545,40.467607],[-80.012724,40.467654],[-80.012915,40.467715],[-80.013128,40.467811],[-80.013349,40.467971],[-80.013446,40.46811],[-80.01345,40.468239],[-80.013357,40.468391],[-80.013178,40.468535],[-80.012959,40.468624],[-80.012806,40.468742],[-80.012691,40.468858],[-80.012607,40.468892],[-80.012488,40.468898],[-80.012298,40.468908],[-80.011886,40.469043],[-80.011631,40.469165],[-80.011206,40.469423],[-80.01107,40.469419],[-80.010907,40.469389],[-80.010391,40.469424],[-80.010052,40.469451],[-80.009641,40.469494],[-80.009421,40.469553],[-80.009306,40.469636],[-80.009197,40.469703],[-80.009002,40.469746],[-80.008831,40.46973],[-80.008726,40.469707],[-80.008691,40.469643],[-80.008687,40.469523],[-80.00873,40.469442],[-80.008864,40.469334],[-80.009032,40.469261],[-80.009239,40.469202],[-80.009447,40.469148],[-80.009667,40.469093],[-80.009889,40.469069],[-80.010072,40.469061],[-80.010228,40.469048],[-80.010495,40.469002],[-80.010863,40.468935],[-80.011273,40.468882],[-80.011415,40.468824],[-80.011641,40.468735],[-80.011808,40.468652],[-80.011924,40.468584],[-80.012054,40.468557],[-80.012185,40.468564],[-80.01229,40.468577],[-80.01242,40.46854],[-80.012575,40.468502],[-80.01271,40.468419],[-80.012761,40.468378],[-80.012805,40.468312],[-80.012835,40.468252],[-80.012852,40.468171],[-80.012844,40.468116],[-80.012796,40.468047],[-80.012716,40.468004],[-80.01259,40.467971],[-80.012478,40.467954],[-80.012393,40.467945],[-80.012288,40.467917],[-80.012201,40.467884],[-80.012148,40.467845],[-80.012139,40.467785],[-80.012157,40.467735],[-80.012202,40.467694],[-80.012266,40.467668],[-80.012337,40.467651],[-80.012415,40.46762],[-80.012545,40.467607]]]}},
{"type":"Feature","properties":{},"geometry":{"type":"Polygon","coordinates":[[[-80.017314,40.468198],[-80.017255,40.468179],[-80.017176,40.468127],[-80.017068,40.468124],[-80.017015,40.468142],[-80.016879,40.468239],[-80.016804,40.468311],[-80.016776,40.468371],[-80.016716,40.468431],[-80.016623,40.468427],[-80.016382,40.468367],[-80.016133,40.468307],[-80.015924,40.468293],[-80.015603,40.468359],[-80.015415,40.468521],[-80.01521,40.46862],[-80.015141,40.468627],[-80.015124,40.468586],[-80.015138,40.468527],[-80.015188,40.468426],[-80.015239,40.468336],[-80.015352,40.468246],[-80.015548,40.468124],[-80.015647,40.468063],[-80.015754,40.468043],[-80.015892,40.468011],[-80.015982,40.467944],[-80.016127,40.467906],[-80.01634,40.467819],[-80.016508,40.467745],[-80.016676,40.467719],[-80.01696,40.467678],[-80.01723,40.467649],[-80.017482,40.467591],[-80.017702,40.467474],[-80.017901,40.467329],[-80.018182,40.467188],[-80.018517,40.467052],[-80.018822,40.46694],[-80.019197,40.46685],[-80.019466,40.466827],[-80.019712,40.46681],[-80.019934,40.466741],[-80.020085,40.46665],[-80.020287,40.466469],[-80.020413,40.466319],[-80.020518,40.466223],[-80.020567,40.465968],[-80.020691,40.465748],[-80.020797,40.465457],[-80.020796,40.465215],[-80.020734,40.464957],[-80.02064,40.464688],[-80.020558,40.464218],[-80.020554,40.464088],[-80.020586,40.463881],[-80.020643,40.463756],[-80.020676,40.46359],[-80.020666,40.463508],[-80.020639,40.46342],[-80.020496,40.463293],[-80.020322,40.463161],[-80.020202,40.463016],[-80.020134,40.462841],[-80.019916,40.46245],[-80.019859,40.462333],[-80.019824,40.462234],[-80.019712,40.462106],[-80.019602,40.462038],[-80.019375,40.461936],[-80.019192,40.461786],[-80.019063,40.461624],[-80.018933,40.461302],[-80.018668,40.460753],[-80.018581,40.46046],[-80.018685,40.460352],[-80.01882,40.460232],[-80.019078,40.460109],[-80.019353,40.460021],[-80.019953,40.459991],[-80.020355,40.460001],[-80.0206,40.459961],[-80.020984,40.459912],[-80.021231,40.459925],[-80.021818,40.459931],[-80.022163,40.459889],[-80.022464,40.459877],[-80.022621,40.459957],[-80.022801,40.460024],[-80.022989,40.460108],[-80.023383,40.460248],[-80.023806,40.460434],[-80.024093,40.460488],[-80.024478,40.46048],[-80.024795,40.460509],[-80.025153,40.460602],[-80.025466,40.46072],[-80.02573,40.460762],[-80.026148,40.460824],[-80.02676,40.461001],[-80.026962,40.461068],[-80.02749,40.461163],[-80.027786,40.461234],[-80.027983,40.461366],[-80.028204,40.461521],[-80.02858,40.461678],[-80.028759,40.461722],[-80.029057,40.461875],[-80.02945,40.46208],[-80.029659,40.462235],[-80.029666,40.462423],[-80.029587,40.462613],[-80.02944,40.462817],[-80.029186,40.463069],[-80.028818,40.463348],[-80.028496,40.463649],[-80.028212,40.463931],[-80.027888,40.464156],[-80.027615,40.464285],[-80.027272,40.464398],[-80.027018,40.464427],[-80.026893,40.464364],[-80.02689,40.464293],[-80.026958,40.464239],[-80.027109,40.464154],[-80.027269,40.46408],[-80.027412,40.463971],[-80.027586,40.463761],[-80.027663,40.463524],[-80.027938,40.463229],[-80.028133,40.463055],[-80.028305,40.462892],[-80.028401,40.46279],[-80.028413,40.462678],[-80.028364,40.462584],[-80.028215,40.462517],[-80.028052,40.462484],[-80.027693,40.462368],[-80.027325,40.462216],[-80.027012,40.462081],[-80.026827,40.462096],[-80.026451,40.462127],[-80.026243,40.462161],[-80.02602,40.462171],[-80.025771,40.462099],[-80.025515,40.461939],[-80.025339,40.461766],[-80.025242,40.461638],[-80.025132,40.461569],[-80.024803,40.461434],[-80.0245,40.461352],[-80.024144,40.461312],[-80.023882,40.461341],[-80.023574,40.461347],[-80.023262,40.461247],[-80.022887,40.461001],[-80.02256,40.460907],[-80.021911,40.460872],[-80.021401,40.460847],[-80.020946,40.460832],[-80.020667,40.460803],[-80.020458,40.460777],[-80.020186,40.460724],[-80.019929,40.460634],[-80.019703,40.460592],[-80.019464,40.460596],[-80.01928,40.460629],[-80.019246,40.460766],[-80.019233,40.461043],[-80.019302,40.461271],[-80.019383,40.461376],[-80.01952,40.461568],[-80.019714,40.461711],[-80.019863,40.461791],[-80.020027,40.461835],[-80.020191,40.461891],[-80.020324,40.461947],[-80.020364,40.462011],[-80.020359,40.462076],[-80.020294,40.462213],[-80.020313,40.462318],[-80.020401,40.462423],[-80.020522,40.462574],[-80.020676,40.462795],[-80.020795,40.462881],[-80.020983,40.462971],[-80.021099,40.462993],[-80.021223,40.46299],[-80.021369,40.462993],[-80.021494,40.463038],[-80.021636,40.463124],[-80.021727,40.463198],[-80.021716,40.463311],[-80.021673,40.463429],[-80.021554,40.463556],[-80.021372,40.463653],[-80.021199,40.463757],[-80.021142,40.463923],[-80.021126,40.46413],[-80.021072,40.464361],[-80.020972,40.464581],[-80.020991,40.464816],[-80.020996,40.465196],[-80.02104,40.465334],[-80.021118,40.465486],[-80.021111,40.465784],[-80.021085,40.466173],[-80.021004,40.466505],[-80.020921,40.466795],[-80.020774,40.467016],[-80.020566,40.46725],[-80.020385,40.467383],[-80.020043,40.467532],[-80.019715,40.46765],[-80.019516,40.467678],[-80.019246,40.467677],[-80.018837,40.467685],[-80.018536,40.467664],[-80.018393,40.46767],[-80.01826,40.467711],[-80.018127,40.467799],[-80.017981,40.467902],[-80.017674,40.468138],[-80.017575,40.468187],[-80.017453,40.468207],[-80.017314,40.468198]]]}},
{"type":"Feature","properties":{},"geometry":{"type":"Polygon","coordinates":[[[-80.036281,40.435572],[-80.036602,40.435591],[-80.037489,40.435806],[-80.038229,40.436043],[-80.038721,40.436234],[-80.039034,40.43647],[-80.039285,40.436723],[-80.03956,40.436953],[-80.039716,40.437054],[-80.039853,40.437095],[-80.039863,40.437152],[-80.039777,40.437182],[-80.039599,40.437188],[-80.039226,40.437114],[-80.038853,40.437014],[-80.038188,40.436814],[-80.037673,40.436667],[-80.037364,40.436522],[-80.037055,40.436396],[-80.036733,40.436346],[-80.036577,40.436374],[-80.036417,40.436484],[-80.036212,40.436746],[-80.036159,40.437005],[-80.036158,40.437238],[-80.036281,40.437694],[-80.036283,40.438128],[-80.036192,40.438344],[-80.036001,40.438548],[-80.035938,40.438613],[-80.035949,40.438719],[-80.036003,40.438857],[-80.036056,40.438944],[-80.036084,40.439056],[-80.03603,40.439164],[-80.035961,40.439298],[-80.03595,40.439455],[-80.035989,40.439637],[-80.036144,40.43986],[-80.036344,40.439931],[-80.036501,40.439947],[-80.036697,40.439905],[-80.036933,40.439838],[-80.037131,40.43984],[-80.03724,40.439901],[-80.037348,40.440069],[-80.037419,40.440212],[-80.03757,40.440291],[-80.037768,40.440312],[-80.038107,40.440374],[-80.038479,40.440417],[-80.038759,40.440431],[-80.039064,40.440443],[-80.039311,40.440476],[-80.039478,40.440542],[-80.039629,40.440614],[-80.039828,40.440661],[-80.04001,40.440701],[-80.040128,40.440793],[-80.040206,40.440905],[-80.040186,40.441044],[-80.040057,40.441128],[-80.039919,40.441168],[-80.039698,40.441204],[-80.039501,40.441227],[-80.039321,40.441243],[-80.039085,40.441304],[-80.038873,40.441371],[-80.038703,40.441456],[-80.038707,40.441582],[-80.038807,40.441731],[-80.038987,40.441954],[-80.039142,40.442139],[-80.039206,40.442346],[-80.039253,40.442521],[-80.039226,40.442679],[-80.039063,40.442738],[-80.038814,40.442674],[-80.038581,40.442572],[-80.03834,40.442514],[-80.038083,40.442456],[-80.037853,40.442467],[-80.037656,40.442483],[-80.037675,40.442539],[-80.0378,40.442594],[-80.038118,40.44277],[-80.038297,40.44293],[-80.038403,40.443166],[-80.038377,40.443362],[-80.038266,40.443603],[-80.038212,40.443821],[-80.038178,40.444051],[-80.038182,40.444155],[-80.038268,40.444276],[-80.038337,40.444485],[-80.038293,40.444649],[-80.038242,40.444842],[-80.037975,40.445149],[-80.037642,40.44552],[-80.037314,40.445797],[-80.037172,40.44597],[-80.037055,40.446142],[-80.037075,40.446249],[-80.037176,40.446328],[-80.037374,40.446343],[-80.037606,40.446282],[-80.037875,40.446192],[-80.038026,40.446179],[-80.038171,40.446205],[-80.038333,40.446252],[-80.038502,40.446264],[-80.038677,40.446185],[-80.038877,40.44615],[-80.039243,40.446146],[-80.039493,40.446251],[-80.039548,40.446306],[-80.039529,40.446451],[-80.039421,40.446542],[-80.039268,40.446658],[-80.039159,40.446754],[-80.038811,40.446937],[-80.038346,40.44706],[-80.03776,40.447247],[-80.037459,40.447335],[-80.037196,40.447346],[-80.036882,40.447302],[-80.036559,40.44724],[-80.036295,40.447201],[-80.036138,40.447191],[-80.035933,40.447202],[-80.035807,40.447141],[-80.035704,40.447011],[-80.035675,40.446892],[-80.035681,40.446694],[-80.035755,40.446466],[-80.035931,40.446171],[-80.036039,40.445986],[-80.036174,40.445776],[-80.036341,40.445603],[-80.036589,40.44539],[-80.03674,40.44523],[-80.036929,40.444975],[-80.037062,40.444784],[-80.037106,40.444638],[-80.037262,40.444365],[-80.037407,40.444041],[-80.03743,40.443745],[-80.037351,40.443596],[-80.037208,40.443511],[-80.037002,40.44349],[-80.036747,40.443501],[-80.036357,40.443647],[-80.03612,40.443803],[-80.035554,40.444097],[-80.035477,40.44413],[-80.035395,40.444144],[-80.035304,40.444139],[-80.035233,40.444109],[-80.035017,40.444032],[-80.0348,40.443936],[-80.034577,40.443927],[-80.034202,40.444023],[-80.033794,40.444113],[-80.033208,40.4443],[-80.03281,40.44444],[-80.032559,40.444577],[-80.032249,40.444766],[-80.032194,40.444836],[-80.032222,40.44493],[-80.032324,40.445041],[-80.032568,40.445193],[-80.032844,40.445332],[-80.033048,40.445517],[-80.033226,40.44569],[-80.033381,40.445881],[-80.033614,40.446204],[-80.033964,40.446687],[-80.034161,40.446922],[-80.034385,40.447239],[-80.034504,40.447356],[-80.03464,40.447485],[-80.034791,40.447558],[-80.034966,40.447617],[-80.035068,40.447709],[-80.035137,40.447815],[-80.035197,40.447889],[-80.035366,40.448005],[-80.035568,40.448146],[-80.036109,40.448462],[-80.036506,40.448756],[-80.036835,40.44902],[-80.037064,40.449217],[-80.03726,40.449414],[-80.037362,40.449519],[-80.037432,40.449637],[-80.037445,40.449769],[-80.037425,40.449907],[-80.037536,40.450018],[-80.037735,40.450206],[-80.037929,40.450334],[-80.038163,40.450459],[-80.038311,40.450563],[-80.03843,40.45067],[-80.038548,40.450775],[-80.038688,40.450876],[-80.038791,40.451015],[-80.039058,40.451246],[-80.039349,40.451447],[-80.039539,40.451598],[-80.03966,40.451639],[-80.039783,40.451649],[-80.039934,40.451606],[-80.040062,40.45149],[-80.040123,40.451363],[-80.040168,40.451217],[-80.040154,40.451051],[-80.040098,40.45097],[-80.039904,40.45083],[-80.039581,40.450594],[-80.039375,40.450453],[-80.039273,40.450371],[-80.03927,40.450267],[-80.039333,40.450184],[-80.039425,40.450119],[-80.039611,40.450034],[-80.039856,40.449969],[-80.039994,40.449988],[-80.040131,40.450023],[-80.040259,40.450027],[-80.040512,40.449969],[-80.040753,40.449917],[-80.041048,40.449892],[-80.041287,40.4499],[-80.041736,40.449979],[-80.041902,40.450029],[-80.042044,40.450099],[-80.042116,40.450154],[-80.042292,40.450251],[-80.042479,40.450304],[-80.042686,40.450337],[-80.042867,40.450337],[-80.042965,40.450326],[-80.043079,40.450273],[-80.043158,40.450183],[-80.043158,40.45008],[-80.04314,40.45002],[-80.043044,40.449871],[-80.04292,40.44971],[-80.042863,40.449542],[-80.042918,40.449465],[-80.043015,40.449432],[-80.043155,40.449423],[-80.043251,40.449358],[-80.043248,40.44927],[-80.043211,40.449145],[-80.043149,40.449027],[-80.04303,40.448891],[-80.042926,40.448736],[-80.042915,40.448654],[-80.042877,40.448517],[-80.042814,40.448367],[-80.042695,40.448243],[-80.042586,40.44817],[-80.042412,40.448161],[-80.042248,40.448152],[-80.042163,40.448072],[-80.042011,40.447855],[-80.041902,40.447671],[-80.041846,40.447578],[-80.041849,40.447446],[-80.041879,40.447345],[-80.041869,40.447169],[-80.041747,40.446961],[-80.041715,40.446818],[-80.041787,40.446739],[-80.041913,40.446652],[-80.042097,40.446621],[-80.042217,40.446656],[-80.042296,40.446805],[-80.042451,40.44698],[-80.042566,40.447105],[-80.042646,40.447166],[-80.042743,40.447227],[-80.042867,40.447269],[-80.043014,40.447223],[-80.043086,40.447194],[-80.043202,40.447064],[-80.043353,40.446878],[-80.04353,40.446662],[-80.043628,40.446547],[-80.043621,40.446336],[-80.043551,40.446175],[-80.043362,40.446044],[-80.043229,40.445962],[-80.043062,40.445923],[-80.042821,40.445914],[-80.04258,40.445897],[-80.042375,40.445845],[-80.042215,40.445735],[-80.042137,40.445638],[-80.042143,40.445524],[-80.042196,40.44546],[-80.042316,40.445464],[-80.042596,40.44553],[-80.042854,40.44551],[-80.04307,40.445337],[-80.04318,40.445186],[-80.043301,40.444943],[-80.043486,40.444678],[-80.043613,40.444619],[-80.043798,40.444602],[-80.043982,40.444598],[-80.044201,40.444516],[-80.044492,40.444369],[-80.04473,40.444308],[-80.045097,40.444237],[-80.045526,40.444066],[-80.045869,40.443833],[-80.046228,40.443515],[-80.046521,40.443163],[-80.046643,40.442949],[-80.046658,40.442843],[-80.046592,40.44283],[-80.046385,40.442982],[-80.046106,40.4432],[-80.045748,40.443398],[-80.045459,40.443608],[-80.045167,40.443713],[-80.044596,40.443759],[-80.043867,40.443795],[-80.043525,40.443795],[-80.043301,40.443729],[-80.042997,40.443487],[-80.042663,40.443162],[-80.042413,40.442863],[-80.042185,40.442419],[-80.04196,40.44211],[-80.041751,40.441944],[-80.04168,40.441755],[-80.041609,40.44158],[-80.041503,40.441441],[-80.041297,40.441226],[-80.041076,40.440997],[-80.040921,40.440774],[-80.040738,40.440566],[-80.040493,40.440422],[-80.040225,40.440265],[-80.040045,40.440156],[-80.039792,40.440055],[-80.039402,40.439971],[-80.039133,40.439941],[-80.038769,40.439842],[-80.038459,40.4397],[-80.038269,40.439541],[-80.038062,40.43915],[-80.037873,40.438903],[-80.037862,40.438705],[-80.03794,40.438421],[-80.037991,40.438283],[-80.038135,40.438177],[-80.038262,40.438097],[-80.038486,40.438026],[-80.038697,40.437975],[-80.039053,40.437894],[-80.039502,40.437772],[-80.0398,40.437733],[-80.040121,40.437672],[-80.040465,40.437574],[-80.040977,40.437536],[-80.041469,40.437581],[-80.041819,40.437684],[-80.042348,40.437774],[-80.043061,40.437893],[-80.043464,40.437971],[-80.043795,40.438038],[-80.044005,40.438066],[-80.044256,40.438047],[-80.044524,40.438028],[-80.044823,40.438036],[-80.045136,40.438098],[-80.045366,40.43818],[-80.045675,40.438202],[-80.045883,40.438188],[-80.04621,40.438122],[-80.046512,40.438034],[-80.046756,40.43802],[-80.04705,40.438024],[-80.04723,40.438047],[-80.047398,40.438076],[-80.047554,40.4381],[-80.047644,40.438103],[-80.047954,40.438083],[-80.048212,40.438096],[-80.048428,40.43812],[-80.048685,40.438137],[-80.048888,40.438129],[-80.049138,40.438087],[-80.049264,40.438089],[-80.049426,40.438123],[-80.049554,40.438202],[-80.049588,40.438298],[-80.049544,40.438413],[-80.049386,40.438512],[-80.049231,40.438547],[-80.048951,40.438552],[-80.048759,40.438547],[-80.048488,40.438484],[-80.048163,40.438436],[-80.047894,40.438423],[-80.047715,40.438422],[-80.047403,40.438433],[-80.0469,40.438502],[-80.04658,40.438543],[-80.046188,40.438571],[-80.045785,40.438586],[-80.045482,40.438678],[-80.045229,40.438734],[-80.045104,40.438729],[-80.044937,40.438646],[-80.04465,40.438589],[-80.044363,40.438556],[-80.044015,40.438532],[-80.043657,40.438508],[-80.043174,40.438424],[-80.042918,40.43839],[-80.042484,40.438227],[-80.042122,40.438109],[-80.041803,40.438014],[-80.041333,40.438],[-80.041016,40.437983],[-80.040703,40.43809],[-80.0405,40.438122],[-80.040348,40.438148],[-80.040198,40.438249],[-80.040139,40.438304],[-80.040079,40.438352],[-80.039916,40.438367],[-80.039712,40.438364],[-80.039549,40.438375],[-80.039484,40.438423],[-80.039446,40.438494],[-80.039437,40.438541],[-80.039299,40.438539],[-80.039167,40.438558],[-80.039037,40.438611],[-80.038974,40.43871],[-80.038989,40.438858],[-80.039086,40.439004],[-80.03924,40.43911],[-80.03953,40.439229],[-80.040025,40.439391],[-80.040726,40.439596],[-80.041117,40.439697],[-80.041387,40.439817],[-80.041556,40.439977],[-80.041798,40.440214],[-80.042087,40.440599],[-80.042343,40.440921],[-80.042593,40.441213],[-80.042704,40.441339],[-80.042701,40.441406],[-80.042735,40.441479],[-80.042873,40.441656],[-80.042996,40.44181],[-80.043045,40.442062],[-80.043113,40.442338],[-80.043196,40.442455],[-80.043292,40.44252],[-80.043489,40.442605],[-80.043713,40.442745],[-80.043859,40.442848],[-80.044005,40.442919],[-80.044293,40.442991],[-80.044552,40.442943],[-80.044776,40.442935],[-80.045011,40.44295],[-80.04526,40.442918],[-80.045457,40.442859],[-80.045605,40.44277],[-80.045744,40.44265],[-80.045866,40.442492],[-80.045922,40.442335],[-80.04595,40.442131],[-80.045973,40.441881],[-80.046028,40.441701],[-80.04612,40.441578],[-80.04625,40.441493],[-80.046483,40.44143],[-80.046838,40.44138],[-80.047099,40.441387],[-80.047382,40.441467],[-80.047518,40.441546],[-80.04763,40.441684],[-80.047746,40.441885],[-80.047877,40.441992],[-80.048099,40.442065],[-80.048582,40.442153],[-80.049307,40.442303],[-80.049514,40.442396],[-80.049619,40.442488],[-80.049738,40.442524],[-80.050001,40.442531],[-80.050166,40.442566],[-80.050302,40.442673],[-80.050366,40.442757],[-80.050349,40.442851],[-80.050221,40.442987],[-80.049782,40.443284],[-80.049103,40.443742],[-80.048547,40.444194],[-80.048094,40.444527],[-80.047958,40.444588],[-80.047613,40.44463],[-80.047196,40.444681],[-80.046941,40.444835],[-80.046725,40.444948],[-80.046513,40.445163],[-80.04635,40.445389],[-80.046294,40.445546],[-80.046331,40.44574],[-80.046482,40.445964],[-80.046539,40.446158],[-80.046647,40.446335],[-80.046846,40.446487],[-80.047088,40.446685],[-80.047258,40.446877],[-80.047408,40.4471],[-80.047721,40.447297],[-80.048077,40.447496],[-80.048193,40.447524],[-80.048333,40.447516],[-80.048459,40.447486],[-80.048559,40.447424],[-80.04862,40.447302],[-80.048667,40.447192],[-80.048882,40.446915],[-80.049147,40.446605],[-80.049325,40.44643],[-80.049615,40.4462],[-80.049745,40.446169],[-80.049922,40.446153],[-80.050012,40.446168],[-80.050116,40.446314],[-80.050189,40.446433],[-80.050271,40.446614],[-80.050442,40.446911],[-80.050564,40.447136],[-80.050918,40.447538],[-80.051265,40.447711],[-80.051604,40.447828],[-80.051982,40.447857],[-80.05218,40.447825],[-80.052351,40.447769],[-80.05257,40.447672],[-80.052702,40.447567],[-80.053122,40.44708],[-80.053458,40.446749],[-80.053561,40.44665],[-80.053677,40.446549],[-80.053827,40.446428],[-80.053988,40.446271],[-80.054093,40.446218],[-80.054184,40.446208],[-80.054262,40.44623],[-80.054308,40.446273],[-80.054363,40.446353],[-80.054555,40.446532],[-80.054659,40.446797],[-80.054718,40.446959],[-80.054805,40.447076],[-80.054949,40.447127],[-80.05517,40.447177],[-80.055485,40.44718],[-80.055686,40.447162],[-80.056005,40.447111],[-80.056157,40.447044],[-80.056261,40.446947],[-80.05634,40.446818],[-80.056424,40.446685],[-80.056538,40.446546],[-80.056622,40.446404],[-80.056698,40.44618],[-80.056787,40.446011],[-80.056856,40.44595],[-80.056955,40.445898],[-80.057103,40.445868],[-80.057227,40.44587],[-80.057574,40.445931],[-80.057743,40.44601],[-80.057748,40.446069],[-80.057771,40.446277],[-80.057838,40.4464],[-80.057987,40.446457],[-80.058266,40.446492],[-80.058768,40.446561],[-80.059211,40.446679],[-80.059363,40.446785],[-80.059391,40.446893],[-80.059318,40.447017],[-80.059046,40.447154],[-80.0585,40.447483],[-80.058374,40.447617],[-80.05829,40.447782],[-80.058168,40.448029],[-80.058009,40.44825],[-80.057829,40.448349],[-80.057289,40.448537],[-80.057045,40.448644],[-80.056899,40.44872],[-80.05671,40.448764],[-80.056593,40.448789],[-80.056378,40.44878],[-80.056182,40.448761],[-80.055939,40.448771],[-80.055756,40.448815],[-80.055457,40.448907],[-80.055176,40.449022],[-80.054947,40.449122],[-80.054774,40.449248],[-80.054648,40.449404],[-80.054614,40.449614],[-80.05464,40.449856],[-80.054664,40.450282],[-80.054769,40.450403],[-80.054819,40.450667],[-80.054872,40.450732],[-80.054938,40.450753],[-80.055,40.450747],[-80.055066,40.450692],[-80.05515,40.450604],[-80.055317,40.450478],[-80.055531,40.45039],[-80.055694,40.450344],[-80.05586,40.450309],[-80.0561,40.45028],[-80.05642,40.450298],[-80.056665,40.450421],[-80.057041,40.450534],[-80.057236,40.450554],[-80.057467,40.450549],[-80.057682,40.450569],[-80.057891,40.450563],[-80.058082,40.450509],[-80.058323,40.450447],[-80.058494,40.450453],[-80.05882,40.45042],[-80.05902,40.450374],[-80.059243,40.450286],[-80.059449,40.450159],[-80.059739,40.450051],[-80.059961,40.449952],[-80.060226,40.449792],[-80.060307,40.449623],[-80.060435,40.449352],[-80.060505,40.449249],[-80.060612,40.449157],[-80.060728,40.449064],[-80.060872,40.449001],[-80.061106,40.448937],[-80.061286,40.448977],[-80.06147,40.449162],[-80.061567,40.449224],[-80.061721,40.449347],[-80.061839,40.449388],[-80.061944,40.449464],[-80.062053,40.44952],[-80.062227,40.449532],[-80.062398,40.449474],[-80.06267,40.449371],[-80.062822,40.449353],[-80.062956,40.449385],[-80.063082,40.449488],[-80.063167,40.449603],[-80.063154,40.44981],[-80.063039,40.450026],[-80.06286,40.45017],[-80.062547,40.45034],[-80.061979,40.450646],[-80.06166,40.450884],[-80.061483,40.451078],[-80.061257,40.451317],[-80.061015,40.451555],[-80.060798,40.451774],[-80.060552,40.452032],[-80.060384,40.452187],[-80.060371,40.452402],[-80.060354,40.452492],[-80.060428,40.45256],[-80.060531,40.45259],[-80.060637,40.452564],[-80.060793,40.452518],[-80.061001,40.452483],[-80.061457,40.452404],[-80.061781,40.452323],[-80.062017,40.452233],[-80.062411,40.452108],[-80.062596,40.452077],[-80.062733,40.452066],[-80.063003,40.452061],[-80.063166,40.452069],[-80.063297,40.452152],[-80.063396,40.45224],[-80.063446,40.452344],[-80.063466,40.452472],[-80.063515,40.452573],[-80.063585,40.452684],[-80.063695,40.452764],[-80.063818,40.452793],[-80.063926,40.452814],[-80.064115,40.452818],[-80.064258,40.452819],[-80.064343,40.452774],[-80.064407,40.452707],[-80.064533,40.452595],[-80.064664,40.452421],[-80.064764,40.452217],[-80.064839,40.452024],[-80.064904,40.451828],[-80.064985,40.451671],[-80.065077,40.451528],[-80.065222,40.45144],[-80.065429,40.451366],[-80.065731,40.451274],[-80.065944,40.451242],[-80.066348,40.451255],[-80.066501,40.451308],[-80.066599,40.451414],[-80.066672,40.451549],[-80.066708,40.451655],[-80.06674,40.451838],[-80.06676,40.452071],[-80.066856,40.45219],[-80.066815,40.452479],[-80.066816,40.452651],[-80.066879,40.452918],[-80.066926,40.453104],[-80.066905,40.453389],[-80.066913,40.453829],[-80.066949,40.454008],[-80.067004,40.454104],[-80.067118,40.454164],[-80.067211,40.454197],[-80.067263,40.454235],[-80.067265,40.454442],[-80.067303,40.454651],[-80.067337,40.454904],[-80.067423,40.455019],[-80.067569,40.455114],[-80.067817,40.455208],[-80.068007,40.455267],[-80.068208,40.455303],[-80.068312,40.45529],[-80.068395,40.45525],[-80.068512,40.455171],[-80.068609,40.455109],[-80.06874,40.454996],[-80.068792,40.454922],[-80.06883,40.454865],[-80.068942,40.454801],[-80.069064,40.454719],[-80.069136,40.454667],[-80.069204,40.454598],[-80.069299,40.454463],[-80.069438,40.454305],[-80.069475,40.454279],[-80.069541,40.454253],[-80.069599,40.454274],[-80.069627,40.45432],[-80.069647,40.454449],[-80.069641,40.454582],[-80.069575,40.45476],[-80.06954,40.454953],[-80.06955,40.455],[-80.069603,40.455043],[-80.069714,40.455113],[-80.069819,40.455122],[-80.070017,40.455096],[-80.070166,40.455062],[-80.070315,40.455006],[-80.070721,40.454922],[-80.070968,40.454882],[-80.071167,40.454886],[-80.071325,40.454841],[-80.071433,40.454786],[-80.071549,40.454684],[-80.07161,40.454592],[-80.071592,40.454223],[-80.0716,40.454022],[-80.071654,40.453846],[-80.071715,40.45373],[-80.071845,40.453606],[-80.071991,40.453504],[-80.072114,40.453475],[-80.072273,40.453479],[-80.072359,40.453519],[-80.072432,40.453617],[-80.072451,40.453719],[-80.072425,40.453826],[-80.072371,40.454002],[-80.072404,40.454161],[-80.072502,40.454274],[-80.072716,40.454395],[-80.072966,40.454432],[-80.073244,40.454411],[-80.073681,40.454391],[-80.074001,40.454422],[-80.07446,40.454554],[-80.074859,40.454721],[-80.075259,40.45491],[-80.075421,40.454976],[-80.075713,40.455076],[-80.076049,40.455149],[-80.07652,40.455334],[-80.076781,40.455538],[-80.076971,40.455713],[-80.077103,40.455912],[-80.077109,40.456098],[-80.07703,40.456146],[-80.076932,40.456154],[-80.076784,40.456176],[-80.07652,40.456138],[-80.076237,40.456049],[-80.075759,40.455901],[-80.075077,40.455708],[-80.074496,40.455556],[-80.073958,40.455447],[-80.073363,40.455377],[-80.072852,40.45535],[-80.072555,40.455337],[-80.072333,40.455348],[-80.072126,40.455402],[-80.071739,40.455529],[-80.071393,40.455634],[-80.071173,40.455682],[-80.070965,40.455759],[-80.070745,40.455817],[-80.0706,40.455832],[-80.07046,40.455835],[-80.070288,40.45587],[-80.070053,40.455963],[-80.069891,40.456022],[-80.069662,40.456084],[-80.069409,40.456126],[-80.069174,40.456225],[-80.068704,40.456436],[-80.068381,40.456631],[-80.068108,40.456813],[-80.067921,40.456892],[-80.067765,40.456908],[-80.06765,40.456897],[-80.0675,40.456837],[-80.06739,40.456745],[-80.067287,40.456622],[-80.067241,40.456491],[-80.06721,40.456303],[-80.067222,40.45617],[-80.067203,40.456108],[-80.067187,40.456114],[-80.06714,40.456184],[-80.06711,40.456279],[-80.067089,40.456368],[-80.067061,40.456519],[-80.067034,40.456683],[-80.067046,40.456809],[-80.066881,40.457277],[-80.066884,40.457658],[-80.067029,40.457919],[-80.067037,40.458045],[-80.067033,40.458158],[-80.067061,40.458252],[-80.067083,40.458405],[-80.067046,40.458538],[-80.067035,40.458686],[-80.067184,40.458894],[-80.067249,40.459131],[-80.067265,40.459351],[-80.067237,40.459496],[-80.067226,40.459635],[-80.0674,40.459908],[-80.067501,40.460214],[-80.06753,40.460358],[-80.067454,40.460523],[-80.067317,40.46062],[-80.06708,40.460675],[-80.066881,40.460736],[-80.066571,40.460817],[-80.066221,40.460847],[-80.065883,40.46091],[-80.065491,40.460962],[-80.064996,40.461032],[-80.064756,40.46108],[-80.063968,40.461326],[-80.063784,40.461383],[-80.06335,40.461498],[-80.062972,40.461588],[-80.062433,40.46169],[-80.061965,40.461695],[-80.061864,40.461691],[-80.061603,40.461661],[-80.061423,40.461619],[-80.061269,40.461566],[-80.061226,40.461514],[-80.061241,40.46147],[-80.061263,40.461402],[-80.061433,40.461205],[-80.061534,40.460974],[-80.061594,40.460779],[-80.061558,40.460446],[-80.061435,40.45998],[-80.061303,40.459744],[-80.061127,40.459397],[-80.061069,40.45928],[-80.060966,40.459149],[-80.060744,40.458994],[-80.060411,40.458756],[-80.060086,40.458514],[-80.060034,40.458446],[-80.060018,40.458349],[-80.059988,40.458249],[-80.059941,40.457799],[-80.060044,40.457398],[-80.060103,40.45718],[-80.060121,40.457018],[-80.06012,40.4569],[-80.060064,40.456834],[-80.059913,40.456849],[-80.059678,40.45692],[-80.059481,40.456979],[-80.059392,40.456981],[-80.0593,40.456893],[-80.059127,40.456662],[-80.058963,40.456433],[-80.058826,40.456253],[-80.058774,40.456204],[-80.058708,40.456199],[-80.058694,40.45625],[-80.058703,40.456294],[-80.058781,40.456506],[-80.058883,40.456736],[-80.058953,40.456958],[-80.05896,40.457307],[-80.058947,40.457465],[-80.05899,40.457572],[-80.05905,40.457725],[-80.059061,40.458181],[-80.058972,40.45834],[-80.058853,40.45848],[-80.058672,40.458588],[-80.058579,40.45864],[-80.058571,40.458697],[-80.058631,40.458765],[-80.058813,40.458805],[-80.059309,40.45887],[-80.059549,40.458922],[-80.059734,40.459019],[-80.059818,40.459087],[-80.059911,40.45916],[-80.060062,40.459245],[-80.060222,40.459336],[-80.060374,40.459453],[-80.060621,40.459687],[-80.060783,40.459878],[-80.060955,40.460083],[-80.061035,40.46027],[-80.0611,40.460476],[-80.061075,40.460696],[-80.060949,40.460881],[-80.060774,40.461042],[-80.060538,40.461122],[-80.060349,40.461126],[-80.06015,40.46108],[-80.059951,40.461027],[-80.059781,40.460892],[-80.059512,40.460715],[-80.059181,40.460527],[-80.058923,40.460438],[-80.058608,40.460368],[-80.058252,40.460284],[-80.058,40.460229],[-80.05774,40.460189],[-80.057415,40.460235],[-80.057033,40.46029],[-80.056568,40.460371],[-80.056264,40.460453],[-80.055988,40.460527],[-80.055644,40.46056],[-80.055329,40.460484],[-80.055161,40.460387],[-80.055002,40.460327],[-80.054829,40.460324],[-80.054682,40.460346],[-80.054558,40.460446],[-80.054443,40.46058],[-80.054399,40.460717],[-80.054323,40.460838],[-80.054185,40.460959],[-80.053988,40.461034],[-80.053781,40.461082],[-80.053539,40.461138],[-80.053283,40.461167],[-80.05297,40.461204],[-80.052708,40.461202],[-80.052468,40.461169],[-80.052203,40.46109],[-80.052018,40.461002],[-80.051674,40.460775],[-80.051273,40.460478],[-80.050951,40.460265],[-80.050525,40.459992],[-80.050231,40.459797],[-80.049793,40.459497],[-80.049356,40.459229],[-80.048934,40.458942],[-80.048193,40.458542],[-80.047439,40.458161],[-80.046618,40.457718],[-80.046113,40.457395],[-80.045523,40.457105],[-80.044683,40.456776],[-80.044105,40.456485],[-80.043619,40.4562],[-80.043139,40.455876],[-80.042809,40.455612],[-80.042519,40.45531],[-80.042348,40.455112],[-80.042103,40.454821],[-80.041957,40.454629],[-80.041766,40.45429],[-80.041687,40.454139],[-80.04159,40.453893],[-80.041533,40.453625],[-80.041618,40.453339],[-80.041721,40.453133],[-80.041938,40.452896],[-80.042273,40.452718],[-80.042597,40.452604],[-80.042906,40.452498],[-80.043345,40.452325],[-80.043792,40.452178],[-80.044079,40.452141],[-80.044893,40.452125],[-80.045279,40.452098],[-80.045512,40.452062],[-80.046009,40.45204],[-80.046366,40.45202],[-80.046777,40.452006],[-80.047139,40.451999],[-80.047461,40.45203],[-80.047859,40.45205],[-80.048291,40.452097],[-80.048617,40.452123],[-80.049491,40.452234],[-80.050681,40.452394],[-80.051232,40.452489],[-80.051447,40.452542],[-80.051617,40.452576],[-80.051787,40.45261],[-80.052089,40.452724],[-80.052193,40.4528],[-80.052365,40.452907],[-80.052574,40.453016],[-80.052726,40.453076],[-80.052911,40.453166],[-80.053119,40.45325],[-80.053277,40.453304],[-80.053287,40.453341],[-80.052761,40.453352],[-80.052464,40.453351],[-80.052225,40.453318],[-80.052026,40.453272],[-80.051867,40.453212],[-80.051733,40.45314],[-80.051591,40.453061],[-80.051482,40.453012],[-80.051341,40.452984],[-80.051193,40.452968],[-80.051038,40.453015],[-80.050916,40.453068],[-80.050688,40.453141],[-80.050532,40.453151],[-80.050368,40.453142],[-80.050161,40.453108],[-80.049756,40.453053],[-80.049475,40.453021],[-80.049227,40.452988],[-80.048907,40.453026],[-80.048721,40.453099],[-80.048631,40.453132],[-80.04865,40.453182],[-80.048759,40.453249],[-80.048902,40.453334],[-80.049051,40.453388],[-80.049243,40.453447],[-80.049368,40.453514],[-80.049521,40.453655],[-80.049633,40.453798],[-80.049681,40.454004],[-80.04975,40.45421],[-80.049732,40.454393],[-80.04978,40.454606],[-80.049875,40.454742],[-80.049946,40.454885],[-80.050051,40.455084],[-80.050092,40.455304],[-80.050043,40.455562],[-80.049815,40.455888],[-80.049649,40.456187],[-80.049614,40.456363],[-80.049581,40.456603],[-80.0495,40.4569],[-80.049411,40.457185],[-80.049272,40.457433],[-80.048958,40.457653],[-80.048624,40.457747],[-80.048361,40.457753],[-80.048228,40.457724],[-80.048222,40.457768],[-80.04832,40.457867],[-80.048571,40.458006],[-80.048772,40.458115],[-80.048983,40.458243],[-80.049409,40.458449],[-80.049747,40.458615],[-80.050014,40.458793],[-80.050146,40.458878],[-80.050301,40.459004],[-80.050784,40.459384],[-80.051158,40.459695],[-80.051568,40.460015],[-80.051773,40.460181],[-80.05191,40.460296],[-80.052106,40.460452],[-80.052207,40.460541],[-80.052341,40.460572],[-80.052552,40.460538],[-80.052823,40.460414],[-80.05308,40.460306],[-80.05325,40.460227],[-80.053346,40.460137],[-80.05331,40.460037],[-80.053182,40.459914],[-80.053087,40.45979],[-80.052919,40.459668],[-80.052767,40.459551],[-80.052673,40.459452],[-80.052587,40.459341],[-80.052397,40.459074],[-80.052276,40.458926],[-80.052073,40.45876],[-80.051846,40.458608],[-80.051752,40.458515],[-80.05175,40.458459],[-80.051823,40.458407],[-80.051978,40.458385],[-80.052168,40.458419],[-80.052426,40.458477],[-80.052692,40.458572],[-80.052959,40.45868],[-80.053324,40.458754],[-80.05373,40.458853],[-80.054231,40.458937],[-80.054589,40.459075],[-80.054886,40.459226],[-80.055096,40.459335],[-80.055311,40.459488],[-80.055626,40.459545],[-80.05588,40.459514],[-80.056027,40.459486],[-80.056133,40.459459],[-80.056411,40.459409],[-80.056574,40.459362],[-80.056719,40.459284],[-80.056758,40.459226],[-80.056739,40.459145],[-80.056653,40.45904],[-80.056552,40.458954],[-80.056425,40.458868],[-80.056205,40.458678],[-80.056116,40.458485],[-80.056087,40.458366],[-80.056141,40.45827],[-80.056214,40.458219],[-80.05646,40.458136],[-80.056632,40.458093],[-80.056752,40.458082],[-80.056859,40.458086],[-80.05709,40.458107],[-80.057265,40.458154],[-80.057446,40.458169],[-80.057658,40.458114],[-80.057844,40.458023],[-80.057981,40.457919],[-80.058099,40.45776],[-80.058101,40.45759],[-80.058116,40.457458],[-80.058113,40.457353],[-80.058115,40.457252],[-80.058071,40.457165],[-80.057948,40.45701],[-80.057823,40.456863],[-80.057717,40.456639],[-80.057623,40.45654],[-80.057503,40.45641],[-80.05736,40.4563],[-80.057266,40.456201],[-80.057122,40.456078],[-80.056978,40.455962],[-80.056933,40.455862],[-80.056936,40.455699],[-80.056955,40.455535],[-80.057043,40.455451],[-80.05725,40.455372],[-80.057381,40.455356],[-80.057538,40.455378],[-80.05779,40.455405],[-80.057926,40.45543],[-80.058053,40.455418],[-80.058205,40.455403],[-80.058348,40.455362],[-80.058445,40.455316],[-80.058573,40.455267],[-80.058711,40.455226],[-80.058873,40.45516],[-80.059027,40.455082],[-80.059208,40.455072],[-80.059375,40.45515],[-80.059434,40.455205],[-80.059461,40.455249],[-80.059474,40.455406],[-80.059503,40.455512],[-80.059564,40.455618],[-80.059617,40.455724],[-80.059622,40.455921],[-80.059561,40.456061],[-80.059563,40.45613],[-80.059634,40.456268],[-80.059776,40.456314],[-80.059924,40.45632],[-80.060105,40.45628],[-80.060255,40.456218],[-80.060484,40.456153],[-80.060662,40.456107],[-80.060972,40.456085],[-80.061264,40.456086],[-80.061491,40.45612],[-80.061683,40.45622],[-80.06173,40.456322],[-80.06164,40.456413],[-80.061576,40.456464],[-80.061491,40.456529],[-80.061169,40.45673],[-80.061098,40.456801],[-80.060924,40.456974],[-80.060793,40.45723],[-80.060764,40.457468],[-80.060833,40.457894],[-80.060853,40.458071],[-80.060894,40.458174],[-80.060956,40.458207],[-80.061059,40.458205],[-80.061292,40.458169],[-80.061489,40.458123],[-80.061702,40.458076],[-80.061867,40.458086],[-80.06192,40.458112],[-80.061956,40.458153],[-80.061997,40.458248],[-80.062033,40.45836],[-80.062056,40.458542],[-80.062162,40.458741],[-80.062291,40.458921],[-80.062312,40.459172],[-80.062319,40.45937],[-80.062383,40.459441],[-80.062526,40.459539],[-80.06264,40.459628],[-80.062854,40.459793],[-80.062864,40.459899],[-80.062858,40.460092],[-80.062847,40.460165],[-80.06281,40.460316],[-80.062687,40.460563],[-80.062653,40.460778],[-80.062749,40.460946],[-80.062934,40.461049],[-80.063181,40.46105],[-80.063379,40.461065],[-80.063616,40.461035],[-80.063927,40.460973],[-80.06409,40.460925],[-80.064399,40.460812],[-80.064642,40.460719],[-80.064935,40.460613],[-80.065229,40.46049],[-80.065384,40.460443],[-80.065488,40.460417],[-80.065613,40.460383],[-80.065859,40.460382],[-80.06609,40.460385],[-80.066247,40.460382],[-80.066372,40.460351],[-80.066443,40.460274],[-80.066445,40.460194],[-80.066385,40.460074],[-80.066292,40.459995],[-80.06618,40.459843],[-80.066108,40.459665],[-80.066084,40.459279],[-80.066072,40.458914],[-80.066089,40.458706],[-80.066062,40.458632],[-80.065949,40.458458],[-80.06587,40.458315],[-80.065883,40.458201],[-80.065936,40.458093],[-80.066049,40.458003],[-80.066137,40.457945],[-80.066217,40.457874],[-80.066246,40.457766],[-80.066215,40.457585],[-80.066178,40.457447],[-80.066035,40.457261],[-80.065875,40.457151],[-80.065683,40.457061],[-80.065476,40.457027],[-80.065351,40.456967],[-80.065282,40.456893],[-80.065296,40.456798],[-80.065397,40.456639],[-80.065516,40.456517],[-80.065688,40.456482],[-80.065901,40.456472],[-80.066128,40.45636],[-80.066255,40.456226],[-80.066292,40.456106],[-80.066269,40.455801],[-80.066237,40.455582],[-80.066151,40.455354],[-80.066084,40.455189],[-80.065907,40.454887],[-80.065799,40.454638],[-80.065801,40.454437],[-80.065883,40.45419],[-80.06591,40.454019],[-80.065912,40.453862],[-80.065933,40.453742],[-80.066008,40.453653],[-80.066017,40.453549],[-80.066008,40.453404],[-80.065952,40.453324],[-80.065929,40.453151],[-80.065965,40.452997],[-80.065962,40.452909],[-80.065692,40.453178],[-80.065606,40.453214],[-80.065516,40.453216],[-80.06542,40.453177],[-80.065313,40.453179],[-80.065187,40.453229],[-80.065087,40.453294],[-80.064963,40.4534],[-80.064838,40.453475],[-80.064617,40.453564],[-80.064238,40.453597],[-80.064103,40.453606],[-80.063951,40.453603],[-80.063752,40.453566],[-80.063573,40.45351],[-80.063298,40.453518],[-80.063107,40.453466],[-80.062876,40.453338],[-80.062623,40.453142],[-80.062505,40.453056],[-80.062351,40.453066],[-80.062101,40.45311],[-80.06193,40.453161],[-80.061724,40.453276],[-80.061571,40.453342],[-80.061471,40.453414],[-80.06132,40.453445],[-80.061193,40.453451],[-80.061064,40.453431],[-80.060932,40.453405],[-80.060746,40.45339],[-80.060459,40.453418],[-80.060242,40.453435],[-80.060063,40.453489],[-80.059952,40.453513],[-80.059857,40.453496],[-80.059754,40.453479],[-80.059703,40.453446],[-80.059591,40.453351],[-80.059549,40.453323],[-80.059501,40.453305],[-80.059433,40.453297],[-80.059349,40.453321],[-80.059282,40.45335],[-80.05917,40.453438],[-80.059111,40.453502],[-80.059097,40.453571],[-80.059097,40.453687],[-80.059072,40.453801],[-80.059009,40.453906],[-80.058928,40.454043],[-80.05877,40.454118],[-80.058647,40.454146],[-80.058507,40.45413],[-80.05837,40.454104],[-80.058174,40.454017],[-80.05807,40.453978],[-80.05799,40.453974],[-80.057864,40.453926],[-80.057746,40.45384],[-80.057636,40.453748],[-80.057567,40.453655],[-80.05754,40.453574],[-80.057415,40.453539],[-80.057289,40.453459],[-80.057194,40.453329],[-80.057156,40.453185],[-80.057227,40.453077],[-80.057337,40.45293],[-80.057432,40.452822],[-80.057575,40.452687],[-80.057682,40.452666],[-80.057917,40.452573],[-80.058119,40.452481],[-80.058386,40.452343],[-80.058621,40.452238],[-80.058823,40.452115],[-80.059064,40.451946],[-80.059288,40.451772],[-80.05952,40.451566],[-80.05966,40.451391],[-80.059651,40.451271],[-80.059426,40.451303],[-80.059203,40.451352],[-80.059042,40.451395],[-80.058845,40.451479],[-80.058647,40.451559],[-80.058364,40.45169],[-80.058138,40.451833],[-80.057952,40.451906],[-80.057544,40.452008],[-80.057071,40.452124],[-80.056519,40.45223],[-80.056414,40.452259],[-80.0563,40.452289],[-80.056058,40.452349],[-80.055832,40.452401],[-80.055749,40.452414],[-80.055465,40.452452],[-80.055412,40.452466],[-80.055228,40.452504],[-80.054977,40.452522],[-80.054825,40.452537],[-80.054553,40.452546],[-80.054432,40.452543],[-80.054248,40.452522],[-80.053853,40.452446],[-80.053435,40.452346],[-80.053239,40.45229],[-80.053165,40.452268],[-80.053075,40.452229],[-80.052877,40.452121],[-80.052811,40.452022],[-80.052768,40.451976],[-80.052673,40.451906],[-80.052491,40.451872],[-80.052318,40.451856],[-80.052185,40.451821],[-80.052093,40.451773],[-80.051961,40.451695],[-80.051848,40.451601],[-80.051777,40.451502],[-80.051808,40.451395],[-80.051904,40.451173],[-80.051989,40.45102],[-80.052066,40.450874],[-80.052154,40.450728],[-80.052203,40.45065],[-80.052257,40.450533],[-80.052351,40.450371],[-80.052463,40.450109],[-80.052638,40.449794],[-80.052714,40.449616],[-80.052777,40.449505],[-80.052849,40.449288],[-80.05285,40.449179],[-80.052808,40.44902],[-80.052164,40.44949],[-80.052013,40.449693],[-80.051808,40.45013],[-80.051775,40.450242],[-80.051652,40.450461],[-80.051603,40.45055],[-80.051578,40.450607],[-80.051523,40.450664],[-80.051432,40.450726],[-80.051213,40.450812],[-80.051039,40.450901],[-80.050955,40.450981],[-80.050897,40.451083],[-80.050851,40.451194],[-80.050703,40.451313],[-80.050496,40.451393],[-80.050251,40.451441],[-80.050058,40.451464],[-80.049855,40.451462],[-80.049333,40.451353],[-80.048065,40.451076],[-80.04774,40.450988],[-80.047652,40.45092],[-80.047599,40.45084],[-80.047605,40.450724],[-80.047666,40.450595],[-80.047898,40.450424],[-80.048102,40.4503],[-80.048215,40.450228],[-80.048324,40.450145],[-80.048501,40.450006],[-80.048624,40.449899],[-80.048688,40.449836],[-80.048705,40.449755],[-80.048703,40.449693],[-80.048641,40.449667],[-80.048551,40.44968],[-80.048391,40.449745],[-80.048197,40.44983],[-80.048003,40.449939],[-80.047834,40.450027],[-80.047684,40.450084],[-80.047515,40.450165],[-80.047355,40.45021],[-80.04719,40.450268],[-80.04699,40.45033],[-80.046739,40.450401],[-80.046538,40.450451],[-80.046342,40.450482],[-80.046064,40.450491],[-80.045928,40.45049],[-80.045792,40.450474],[-80.045682,40.450459],[-80.045568,40.450441],[-80.04545,40.450384],[-80.045332,40.450291],[-80.045235,40.45015],[-80.045019,40.449686],[-80.04475,40.449048],[-80.044186,40.448116],[-80.044056,40.448083],[-80.043976,40.44811],[-80.043919,40.448188],[-80.043954,40.448498],[-80.044011,40.448724],[-80.044144,40.44907],[-80.0442,40.449251],[-80.044223,40.449446],[-80.044245,40.449621],[-80.044343,40.449827],[-80.044443,40.450127],[-80.044458,40.450302],[-80.044276,40.450539],[-80.043994,40.450689],[-80.043628,40.450815],[-80.04318,40.450944],[-80.042811,40.450989],[-80.042504,40.451033],[-80.04221,40.451089],[-80.041997,40.451112],[-80.041872,40.451064],[-80.041686,40.450942],[-80.04152,40.450876],[-80.041346,40.450836],[-80.04119,40.450845],[-80.041109,40.450903],[-80.041082,40.451067],[-80.041081,40.451268],[-80.041024,40.451546],[-80.040849,40.451707],[-80.040663,40.451824],[-80.040535,40.451914],[-80.040432,40.452023],[-80.040247,40.452165],[-80.040027,40.452232],[-80.039879,40.45221],[-80.039621,40.45214],[-80.039354,40.452032],[-80.038689,40.451706],[-80.037949,40.451217],[-80.037457,40.450787],[-80.036529,40.450114],[-80.035767,40.449481],[-80.035304,40.449163],[-80.034476,40.448519],[-80.033507,40.447734],[-80.032867,40.447269],[-80.032299,40.446796],[-80.031339,40.446016],[-80.030983,40.445696],[-80.030746,40.4455],[-80.030147,40.445042],[-80.029955,40.44488],[-80.02984,40.444792],[-80.029806,40.444688],[-80.029836,40.444586],[-80.02993,40.444466],[-80.030204,40.444196],[-80.030599,40.443962],[-80.03097,40.443741],[-80.031389,40.443475],[-80.031761,40.443273],[-80.032087,40.443197],[-80.032527,40.443069],[-80.032745,40.442945],[-80.033005,40.442846],[-80.033257,40.442759],[-80.03354,40.442621],[-80.033938,40.442472],[-80.034068,40.442422],[-80.034287,40.442339],[-80.034417,40.442286],[-80.034538,40.442212],[-80.034607,40.442195],[-80.034809,40.442197],[-80.035047,40.442189],[-80.035211,40.442167],[-80.035385,40.442101],[-80.035564,40.442015],[-80.035641,40.441942],[-80.035753,40.441832],[-80.03584,40.44173],[-80.035917,40.441578],[-80.036085,40.441455],[-80.03631,40.4413],[-80.036575,40.441112],[-80.036731,40.441077],[-80.03719,40.441056],[-80.037478,40.44105],[-80.037723,40.440982],[-80.038042,40.440938],[-80.038228,40.440847],[-80.038219,40.440815],[-80.038054,40.440806],[-80.037748,40.440768],[-80.03727,40.440727],[-80.036963,40.440658],[-80.036739,40.440587],[-80.036471,40.44046],[-80.035824,40.440303],[-80.035482,40.440153],[-80.035236,40.439925],[-80.035138,40.439719],[-80.03509,40.439381],[-80.035102,40.439028],[-80.035243,40.438579],[-80.035355,40.438344],[-80.035438,40.438135],[-80.035565,40.437762],[-80.035593,40.43761],[-80.035535,40.437354],[-80.035471,40.436682],[-80.035444,40.436136],[-80.03546,40.435852],[-80.035595,40.43573],[-80.035756,40.435633],[-80.036076,40.435601],[-80.036281,40.435572]],[[-80.046218,40.453643],[-80.04609,40.453651],[-80.045934,40.453686],[-80.045706,40.453923],[-80.045613,40.454045],[-80.045484,40.454174],[-80.045332,40.45429],[-80.045211,40.454368],[-80.045134,40.454384],[-80.045006,40.454372],[-80.044855,40.454306],[-80.044622,40.454229],[-80.044431,40.454176],[-80.044316,40.454166],[-80.044177,40.454194],[-80.044031,40.454253],[-80.043944,40.454355],[-80.043954,40.454431],[-80.043991,40.454531],[-80.04411,40.454654],[-80.044338,40.454807],[-80.044656,40.454976],[-80.04485,40.455111],[-80.044949,40.455134],[-80.045098,40.455144],[-80.04528,40.455197],[-80.045431,40.455275],[-80.045736,40.455521],[-80.046122,40.455751],[-80.046413,40.455913],[-80.046831,40.456183],[-80.047137,40.456383],[-80.047408,40.456506],[-80.047626,40.456584],[-80.04778,40.456631],[-80.047883,40.456663],[-80.04797,40.456669],[-80.048047,40.456644],[-80.048124,40.456586],[-80.048173,40.456499],[-80.048186,40.456413],[-80.048147,40.456253],[-80.048101,40.456109],[-80.048064,40.456003],[-80.048028,40.455909],[-80.048018,40.455853],[-80.048019,40.455796],[-80.04803,40.455733],[-80.048057,40.45555],[-80.048143,40.455429],[-80.048264,40.4553],[-80.048315,40.455155],[-80.048353,40.455006],[-80.048357,40.45495],[-80.04836,40.4549],[-80.048353,40.454834],[-80.048347,40.454736],[-80.048305,40.454605],[-80.048263,40.454501],[-80.048182,40.454355],[-80.048072,40.454211],[-80.047831,40.454071],[-80.047592,40.453972],[-80.04742,40.453917],[-80.047247,40.453851],[-80.046923,40.453733],[-80.046794,40.453699],[-80.046633,40.453662],[-80.04643,40.453642],[-80.046218,40.453643]]]}},
{"type":"Feature","properties":{},"geometry":{"type":"Polygon","coordinates":[[[-80.084211,40.458318],[-80.084488,40.458182],[-80.084587,40.458133],[-80.084781,40.458141],[-80.084999,40.458178],[-80.085208,40.458191],[-80.085423,40.458158],[-80.085808,40.458108],[-80.086128,40.458007],[-80.086369,40.457929],[-80.086639,40.457802],[-80.086882,40.457664],[-80.087107,40.457589],[-80.087341,40.457522],[-80.087759,40.45733],[-80.088063,40.457164],[-80.088224,40.45712],[-80.088459,40.456979],[-80.088777,40.456777],[-80.088934,40.456532],[-80.08897,40.456324],[-80.088975,40.456041],[-80.089074,40.455693],[-80.089164,40.455283],[-80.089276,40.454837],[-80.089329,40.454588],[-80.089317,40.454447],[-80.089263,40.454465],[-80.089098,40.454605],[-80.088888,40.454792],[-80.088578,40.454993],[-80.088267,40.455195],[-80.088085,40.455287],[-80.087926,40.455397],[-80.087617,40.455616],[-80.087239,40.45586],[-80.086882,40.45605],[-80.0866,40.456192],[-80.086246,40.456329],[-80.085797,40.456539],[-80.085467,40.45664],[-80.08496,40.456722],[-80.084497,40.456761],[-80.083816,40.456751],[-80.083334,40.456684],[-80.082789,40.456582],[-80.082204,40.456423],[-80.081751,40.456302],[-80.081562,40.456193],[-80.081456,40.456104],[-80.081398,40.455996],[-80.081382,40.455866],[-80.081473,40.455799],[-80.081652,40.455858],[-80.082172,40.455998],[-80.082643,40.456106],[-80.083099,40.456192],[-80.083538,40.456269],[-80.083763,40.456282],[-80.083964,40.456266],[-80.084233,40.456219],[-80.084677,40.456098],[-80.085152,40.45597],[-80.08561,40.455795],[-80.086121,40.455572],[-80.086693,40.455283],[-80.087069,40.455101],[-80.087442,40.454821],[-80.08834,40.45418],[-80.088843,40.453738],[-80.089084,40.453401],[-80.089135,40.45336],[-80.08934,40.453218],[-80.08983,40.453047],[-80.090104,40.45295],[-80.090399,40.452789],[-80.09097,40.452565],[-80.091098,40.45258],[-80.091161,40.45267],[-80.091227,40.452852],[-80.091328,40.453155],[-80.091379,40.453326],[-80.09141,40.453583],[-80.091391,40.453894],[-80.091307,40.454056],[-80.091091,40.454129],[-80.091058,40.454256],[-80.091131,40.454463],[-80.091204,40.454574],[-80.091267,40.454866],[-80.091206,40.455039],[-80.091115,40.455111],[-80.091061,40.455454],[-80.091034,40.455585],[-80.090917,40.455765],[-80.090696,40.4561],[-80.090431,40.456466],[-80.090267,40.456641],[-80.090069,40.456793],[-80.089794,40.456993],[-80.089562,40.457111],[-80.089165,40.457354],[-80.088998,40.457451],[-80.088758,40.457567],[-80.088491,40.45774],[-80.088164,40.457844],[-80.087711,40.457991],[-80.087461,40.458128],[-80.087209,40.458219],[-80.086948,40.458282],[-80.086731,40.458315],[-80.086322,40.458414],[-80.085896,40.458528],[-80.085411,40.458587],[-80.085023,40.458632],[-80.084677,40.45872],[-80.084541,40.458778],[-80.08433,40.458783],[-80.084002,40.458938],[-80.083733,40.459069],[-80.083584,40.459114],[-80.083402,40.459123],[-80.083184,40.459083],[-80.082958,40.459032],[-80.082873,40.458967],[-80.08282,40.458947],[-80.082809,40.458981],[-80.082754,40.459053],[-80.082694,40.459176],[-80.082588,40.459292],[-80.08249,40.459394],[-80.082415,40.459439],[-80.082315,40.459481],[-80.082091,40.459561],[-80.08186,40.459607],[-80.081705,40.459695],[-80.081595,40.459803],[-80.081455,40.459985],[-80.081178,40.460177],[-80.080962,40.460274],[-80.08069,40.460373],[-80.080551,40.460387],[-80.080428,40.460389],[-80.080314,40.460362],[-80.080263,40.460322],[-80.080222,40.460263],[-80.080293,40.460179],[-80.080392,40.460145],[-80.080564,40.460097],[-80.080741,40.460052],[-80.080809,40.46],[-80.080924,40.459883],[-80.080937,40.459797],[-80.080884,40.459724],[-80.080827,40.459636],[-80.080688,40.459527],[-80.080578,40.459423],[-80.080451,40.459346],[-80.080391,40.459273],[-80.080416,40.459204],[-80.080495,40.459158],[-80.080709,40.459083],[-80.080916,40.459038],[-80.081089,40.459005],[-80.081333,40.459006],[-80.08147,40.459059],[-80.081609,40.459109],[-80.081761,40.459124],[-80.081849,40.459113],[-80.082004,40.459104],[-80.082107,40.459064],[-80.082212,40.458979],[-80.082281,40.458851],[-80.082337,40.458675],[-80.082396,40.458499],[-80.082536,40.458307],[-80.082737,40.4582],[-80.082954,40.458104],[-80.08305,40.458087],[-80.08314,40.458106],[-80.08327,40.458192],[-80.083481,40.458353],[-80.083623,40.45843],[-80.083756,40.458472],[-80.083887,40.458463],[-80.084021,40.458419],[-80.084211,40.458318]]]}},
{"type":"Feature","properties":{},"geometry":{"type":"Polygon","coordinates":[[[-79.962044,40.461677],[-79.961776,40.461727],[-79.961321,40.461735],[-79.960997,40.461761],[-79.960178,40.461971],[-79.959836,40.461977],[-79.959063,40.462012],[-79.958146,40.462194],[-79.957583,40.462279],[-79.957256,40.46224],[-79.956974,40.462256],[-79.956062,40.462427],[-79.955336,40.462491],[-79.955154,40.462499],[-79.954941,40.462344],[-79.954737,40.462085],[-79.95466,40.461907],[-79.954589,40.461745],[-79.954591,40.4616],[-79.954645,40.46145],[-79.954558,40.461367],[-79.954362,40.461247],[-79.954279,40.461094],[-79.954084,40.460924],[-79.953989,40.460697],[-79.953891,40.460471],[-79.953801,40.460323],[-79.953628,40.460197],[-79.95346,40.460022],[-79.953378,40.459904],[-79.953361,40.459795],[-79.953291,40.459632],[-79.953117,40.459481],[-79.952901,40.459133],[-79.952744,40.458922],[-79.952478,40.458748],[-79.952218,40.458539],[-79.952176,40.458451],[-79.952008,40.458285],[-79.951829,40.458169],[-79.951611,40.458079],[-79.95142,40.457998],[-79.951391,40.457929],[-79.951331,40.45786],[-79.951174,40.457833],[-79.950941,40.457868],[-79.950799,40.457915],[-79.950749,40.457981],[-79.950696,40.458031],[-79.950617,40.458018],[-79.950506,40.458],[-79.950396,40.458032],[-79.950314,40.458113],[-79.950148,40.458206],[-79.950006,40.458233],[-79.949598,40.458475],[-79.94949,40.458566],[-79.949355,40.458594],[-79.949198,40.458567],[-79.949073,40.458525],[-79.948986,40.458457],[-79.948862,40.458459],[-79.948818,40.45848],[-79.94878,40.45853],[-79.948659,40.458592],[-79.948523,40.458619],[-79.948407,40.458666],[-79.94829,40.458674],[-79.948126,40.458607],[-79.947976,40.458506],[-79.94786,40.458344],[-79.947789,40.458166],[-79.947786,40.458067],[-79.947774,40.457903],[-79.947713,40.457805],[-79.947612,40.457717],[-79.947456,40.4577],[-79.947241,40.457714],[-79.946968,40.45772],[-79.946764,40.457833],[-79.946611,40.45793],[-79.946534,40.457956],[-79.946378,40.457964],[-79.94622,40.457908],[-79.945889,40.45773],[-79.945411,40.457526],[-79.944675,40.457286],[-79.944233,40.45712],[-79.94402,40.456946],[-79.943996,40.456807],[-79.94401,40.456638],[-79.944032,40.456518],[-79.944087,40.456432],[-79.944204,40.456316],[-79.944225,40.456151],[-79.944173,40.455963],[-79.944051,40.455817],[-79.943917,40.455695],[-79.943919,40.455566],[-79.9438,40.455488],[-79.943516,40.45537],[-79.943207,40.455256],[-79.942598,40.455034],[-79.941838,40.454666],[-79.94156,40.454522],[-79.940777,40.454219],[-79.94037,40.454122],[-79.939819,40.453968],[-79.939627,40.453858],[-79.939617,40.453773],[-79.939629,40.453719],[-79.939941,40.453733],[-79.940145,40.453793],[-79.940314,40.45378],[-79.940601,40.453805],[-79.940969,40.453927],[-79.941689,40.454167],[-79.942419,40.454421],[-79.942887,40.454611],[-79.943358,40.45489],[-79.94382,40.4551],[-79.943989,40.455102],[-79.944275,40.455301],[-79.944541,40.455474],[-79.944726,40.455655],[-79.944797,40.455867],[-79.944779,40.456086],[-79.944757,40.456216],[-79.944615,40.456467],[-79.944588,40.456622],[-79.944618,40.456755],[-79.944712,40.456828],[-79.944824,40.456886],[-79.944982,40.456927],[-79.94523,40.456977],[-79.94557,40.457035],[-79.945926,40.457168],[-79.946162,40.457228],[-79.946409,40.457233],[-79.946571,40.45721],[-79.9467,40.457158],[-79.94685,40.457091],[-79.947305,40.457077],[-79.947585,40.457097],[-79.947744,40.457168],[-79.947856,40.457206],[-79.947989,40.457293],[-79.94819,40.457478],[-79.948418,40.457702],[-79.94851,40.457735],[-79.948615,40.457743],[-79.948707,40.457781],[-79.948781,40.457854],[-79.948789,40.457899],[-79.948836,40.457943],[-79.94894,40.45796],[-79.949154,40.457936],[-79.949361,40.457903],[-79.949582,40.457804],[-79.94989,40.457659],[-79.950107,40.457541],[-79.950477,40.457509],[-79.951021,40.457439],[-79.951462,40.457415],[-79.951922,40.457536],[-79.952227,40.457625],[-79.952471,40.457734],[-79.952651,40.45787],[-79.952803,40.458125],[-79.952947,40.458351],[-79.953155,40.458561],[-79.953376,40.458736],[-79.953641,40.45889],[-79.953886,40.459139],[-79.954145,40.459506],[-79.954426,40.459943],[-79.954634,40.460228],[-79.954925,40.46058],[-79.955097,40.460845],[-79.955347,40.461159],[-79.95557,40.461413],[-79.955616,40.461626],[-79.955704,40.461733],[-79.955815,40.461716],[-79.955878,40.46166],[-79.955987,40.461619],[-79.956604,40.461597],[-79.956914,40.461626],[-79.957345,40.461682],[-79.957599,40.461687],[-79.957896,40.461632],[-79.958187,40.461582],[-79.958776,40.461491],[-79.95925,40.461462],[-79.9596,40.461505],[-79.96021,40.461483],[-79.960592,40.461411],[-79.961044,40.461323],[-79.961369,40.461312],[-79.962058,40.461304],[-79.962537,40.46122],[-79.963043,40.461176],[-79.963431,40.461108],[-79.963591,40.461031],[-79.963849,40.460966],[-79.964506,40.460964],[-79.964624,40.460996],[-79.964839,40.461007],[-79.964939,40.461085],[-79.964929,40.461179],[-79.964911,40.461224],[-79.964345,40.46123],[-79.963982,40.461272],[-79.96375,40.461321],[-79.9635,40.46144],[-79.963367,40.461532],[-79.962768,40.461539],[-79.962639,40.461571],[-79.962044,40.461677]]]}},
{"type":"Feature","properties":{},"geometry":{"type":"Polygon","coordinates":[[[-79.975868,40.440759],[-79.97579,40.44077],[-79.97572,40.44085],[-79.975461,40.441141],[-79.975227,40.441391],[-79.975011,40.44164],[-79.974867,40.441855],[-79.97483,40.442018],[-79.974867,40.442206],[-79.974946,40.442417],[-79.974965,40.442616],[-79.975077,40.442882],[-79.975028,40.443239],[-79.974896,40.443444],[-79.974766,40.443535],[-79.974615,40.443552],[-79.974463,40.443527],[-79.974233,40.443337],[-79.974118,40.443141],[-79.97384,40.442522],[-79.973641,40.44199],[-79.973623,40.441787],[-79.973552,40.441649],[-79.97341,40.44156],[-79.973323,40.441506],[-79.973225,40.441475],[-79.972863,40.441205],[-79.972545,40.440911],[-79.972304,40.440754],[-79.972202,40.440594],[-79.971954,40.440405],[-79.971788,40.440066],[-79.971687,40.439929],[-79.97169,40.439846],[-79.971674,40.439726],[-79.971598,40.439626],[-79.971494,40.439581],[-79.971367,40.439565],[-79.971177,40.4395],[-79.970684,40.4392],[-79.970577,40.4391],[-79.970559,40.438985],[-79.97058,40.438901],[-79.97062,40.438836],[-79.970683,40.438724],[-79.970717,40.438649],[-79.970709,40.438589],[-79.970652,40.438525],[-79.970572,40.438476],[-79.970474,40.43845],[-79.970305,40.43844],[-79.969043,40.438025],[-79.967999,40.437712],[-79.967508,40.437504],[-79.967264,40.437444],[-79.96695,40.437436],[-79.966683,40.437428],[-79.966528,40.437486],[-79.966441,40.437599],[-79.96638,40.437766],[-79.966293,40.437967],[-79.966325,40.438752],[-79.966282,40.438924],[-79.966234,40.439123],[-79.966246,40.439349],[-79.966393,40.439504],[-79.966598,40.439662],[-79.966767,40.439732],[-79.96691,40.439787],[-79.967092,40.439832],[-79.967328,40.439846],[-79.967507,40.439864],[-79.967716,40.439874],[-79.967796,40.439921],[-79.967871,40.440007],[-79.967907,40.440073],[-79.967909,40.440143],[-79.967881,40.440219],[-79.967815,40.440327],[-79.967726,40.440444],[-79.967564,40.440544],[-79.966744,40.440985],[-79.966534,40.441225],[-79.966218,40.441702],[-79.965911,40.44212],[-79.965744,40.442271],[-79.965505,40.442386],[-79.965236,40.442479],[-79.964874,40.442482],[-79.96469,40.442416],[-79.964487,40.442309],[-79.964378,40.442306],[-79.964215,40.442309],[-79.964174,40.442352],[-79.964065,40.4427],[-79.963984,40.442822],[-79.963811,40.442895],[-79.963559,40.442946],[-79.963447,40.443036],[-79.963214,40.443317],[-79.963066,40.443413],[-79.962851,40.443491],[-79.96268,40.443493],[-79.962385,40.443486],[-79.96218,40.443522],[-79.962014,40.443605],[-79.961914,40.443671],[-79.961863,40.443773],[-79.96185,40.44394],[-79.961794,40.444061],[-79.961645,40.444238],[-79.961429,40.444392],[-79.961107,40.444507],[-79.960735,40.444644],[-79.960407,40.444769],[-79.960115,40.444993],[-79.959905,40.445335],[-79.959695,40.445648],[-79.959648,40.445817],[-79.959643,40.446046],[-79.959647,40.446175],[-79.959465,40.446378],[-79.959431,40.446547],[-79.959424,40.446706],[-79.95943,40.446895],[-79.959463,40.447123],[-79.959405,40.447323],[-79.959344,40.447454],[-79.959272,40.447624],[-79.959305,40.447862],[-79.959468,40.448048],[-79.959744,40.448162],[-79.960034,40.448256],[-79.960216,40.448272],[-79.960438,40.448288],[-79.960583,40.448354],[-79.960782,40.44847],[-79.960836,40.448538],[-79.960826,40.448618],[-79.960686,40.44871],[-79.960413,40.448715],[-79.960086,40.448652],[-79.959176,40.448679],[-79.958838,40.448676],[-79.958467,40.448882],[-79.958241,40.449125],[-79.958106,40.449356],[-79.957965,40.449637],[-79.957834,40.449987],[-79.957443,40.450363],[-79.956967,40.450919],[-79.956832,40.45118],[-79.956695,40.451769],[-79.956377,40.452162],[-79.95597,40.452846],[-79.955972,40.452926],[-79.956027,40.453004],[-79.956134,40.453102],[-79.956255,40.453209],[-79.956584,40.453341],[-79.956875,40.453475],[-79.957179,40.453638],[-79.95738,40.453794],[-79.957461,40.453911],[-79.957507,40.454119],[-79.957359,40.454351],[-79.957056,40.454635],[-79.95677,40.454829],[-79.956594,40.455021],[-79.95661,40.45511],[-79.956756,40.455207],[-79.957207,40.455477],[-79.957606,40.455757],[-79.958086,40.456116],[-79.95844,40.456398],[-79.95863,40.456439],[-79.958736,40.456491],[-79.958847,40.456484],[-79.959007,40.456427],[-79.959232,40.456328],[-79.959513,40.456193],[-79.959891,40.456017],[-79.960191,40.455837],[-79.960418,40.455719],[-79.960552,40.455641],[-79.960765,40.455593],[-79.960979,40.455579],[-79.961186,40.455545],[-79.961359,40.455457],[-79.961506,40.455365],[-79.96162,40.455293],[-79.961716,40.455222],[-79.961836,40.45513],[-79.962003,40.455072],[-79.962191,40.455039],[-79.96236,40.455025],[-79.962599,40.454981],[-79.962843,40.454907],[-79.963126,40.454807],[-79.963507,40.4547],[-79.963716,40.454642],[-79.964249,40.454636],[-79.964436,40.454593],[-79.964603,40.45452],[-79.964743,40.454418],[-79.964875,40.454296],[-79.964987,40.45414],[-79.965123,40.453924],[-79.965177,40.453784],[-79.965141,40.45368],[-79.96511,40.453531],[-79.965128,40.453277],[-79.965183,40.453157],[-79.965271,40.453091],[-79.965375,40.453079],[-79.965505,40.453086],[-79.965675,40.453108],[-79.965866,40.453174],[-79.966103,40.453259],[-79.966373,40.453373],[-79.966677,40.453511],[-79.966909,40.453656],[-79.967006,40.453724],[-79.967039,40.453927],[-79.967246,40.454092],[-79.967318,40.45411],[-79.967376,40.454099],[-79.967427,40.454063],[-79.967484,40.454013],[-79.96756,40.453966],[-79.96774,40.453903],[-79.968031,40.453848],[-79.968316,40.453803],[-79.968755,40.453725],[-79.969071,40.453639],[-79.969443,40.453473],[-79.969754,40.453348],[-79.970073,40.453158],[-79.970251,40.453035],[-79.970394,40.453017],[-79.970626,40.453048],[-79.971053,40.452985],[-79.971468,40.452848],[-79.972068,40.452712],[-79.972477,40.45257],[-79.972868,40.452413],[-79.973278,40.452236],[-79.973463,40.452113],[-79.973608,40.451966],[-79.973651,40.451886],[-79.973776,40.451754],[-79.973923,40.451672],[-79.974162,40.451623],[-79.97435,40.451584],[-79.974602,40.45155],[-79.974889,40.45146],[-79.975203,40.451339],[-79.975478,40.45118],[-79.975738,40.451006],[-79.976134,40.450775],[-79.976518,40.450573],[-79.977038,40.450394],[-79.977309,40.4503],[-79.97768,40.450223],[-79.97814,40.450169],[-79.978521,40.450088],[-79.979278,40.449983],[-79.979976,40.449846],[-79.980066,40.449809],[-79.980362,40.449615],[-79.980801,40.449328],[-79.981216,40.449081],[-79.981542,40.448921],[-79.981837,40.448801],[-79.982242,40.448659],[-79.982654,40.448537],[-79.983101,40.448369],[-79.983672,40.448129],[-79.98401,40.447939],[-79.984392,40.447698],[-79.984875,40.44736],[-79.985425,40.446987],[-79.985786,40.446697],[-79.986181,40.446425],[-79.986437,40.446316],[-79.986611,40.446263],[-79.986783,40.446165],[-79.986948,40.446043],[-79.987401,40.445761],[-79.987805,40.445504],[-79.988277,40.445232],[-79.988645,40.445036],[-79.989069,40.444898],[-79.989504,40.444676],[-79.990044,40.444293],[-79.990593,40.443895],[-79.991069,40.443537],[-79.991196,40.443441],[-79.991363,40.443368],[-79.991493,40.44336],[-79.991561,40.443448],[-79.991506,40.443569],[-79.991288,40.443846],[-79.990963,40.444255],[-79.989787,40.445173],[-79.989558,40.445406],[-79.988634,40.44608],[-79.987317,40.446955],[-79.986977,40.447215],[-79.986325,40.447725],[-79.985322,40.448381],[-79.984576,40.448842],[-79.984252,40.449052],[-79.98354,40.449538],[-79.983246,40.449703],[-79.982602,40.449994],[-79.982191,40.450161],[-79.981898,40.450335],[-79.981669,40.450509],[-79.981155,40.450897],[-79.980969,40.450965],[-79.980302,40.451251],[-79.979893,40.451448],[-79.979629,40.451652],[-79.979071,40.45206],[-79.978878,40.452123],[-79.978547,40.452165],[-79.978387,40.452242],[-79.978056,40.452447],[-79.976931,40.45314],[-79.975848,40.453832],[-79.975017,40.454275],[-79.974253,40.454663],[-79.97377,40.454923],[-79.973433,40.455146],[-79.972868,40.455612],[-79.972552,40.455881],[-79.972492,40.456036],[-79.972281,40.45616],[-79.971553,40.456566],[-79.971278,40.456711],[-79.971213,40.456801],[-79.970723,40.457122],[-79.970528,40.457225],[-79.97021,40.457365],[-79.970078,40.45739],[-79.970007,40.457411],[-79.96997,40.457534],[-79.969858,40.45769],[-79.969719,40.457807],[-79.969478,40.457985],[-79.969157,40.458126],[-79.968814,40.458182],[-79.968561,40.458202],[-79.968358,40.458156],[-79.968227,40.458109],[-79.968089,40.458067],[-79.967807,40.458008],[-79.967768,40.458023],[-79.967764,40.458078],[-79.967794,40.458197],[-79.967857,40.458355],[-79.967838,40.458554],[-79.967739,40.45871],[-79.967598,40.458782],[-79.967287,40.458808],[-79.967062,40.458882],[-79.966197,40.458898],[-79.966073,40.458881],[-79.965921,40.458804],[-79.965795,40.458722],[-79.96569,40.458704],[-79.965619,40.45873],[-79.965506,40.458852],[-79.965395,40.459043],[-79.965218,40.459171],[-79.965039,40.459283],[-79.964865,40.459341],[-79.964677,40.45934],[-79.964539,40.459313],[-79.964339,40.459158],[-79.964235,40.45915],[-79.964119,40.459177],[-79.964087,40.459202],[-79.964039,40.459337],[-79.963922,40.459523],[-79.9638,40.45959],[-79.963587,40.459629],[-79.963276,40.459655],[-79.96316,40.459682],[-79.963038,40.459759],[-79.962925,40.459866],[-79.962769,40.459973],[-79.962446,40.460029],[-79.961774,40.460181],[-79.960919,40.460287],[-79.959535,40.460522],[-79.957964,40.46081],[-79.957144,40.460816],[-79.956476,40.46067],[-79.956159,40.460517],[-79.955787,40.460265],[-79.955623,40.46005],[-79.955486,40.459824],[-79.955346,40.459538],[-79.955039,40.459087],[-79.954555,40.458599],[-79.954167,40.458288],[-79.953542,40.457873],[-79.953083,40.457534],[-79.952653,40.457139],[-79.952345,40.456862],[-79.951899,40.456542],[-79.951619,40.456339],[-79.951515,40.456222],[-79.951429,40.455995],[-79.951285,40.455555],[-79.951186,40.455328],[-79.950949,40.455044],[-79.9509,40.454941],[-79.950743,40.454695],[-79.950686,40.454657],[-79.950868,40.455051],[-79.95095,40.455358],[-79.950961,40.455516],[-79.950984,40.455625],[-79.951035,40.455763],[-79.951104,40.455886],[-79.951152,40.455975],[-79.951162,40.456069],[-79.951179,40.456208],[-79.951247,40.456306],[-79.951256,40.456366],[-79.9512,40.456461],[-79.951098,40.456523],[-79.950835,40.456622],[-79.950545,40.456702],[-79.950458,40.456739],[-79.95041,40.456849],[-79.950251,40.456971],[-79.950028,40.457115],[-79.949842,40.457188],[-79.949602,40.457192],[-79.949393,40.457171],[-79.948707,40.457095],[-79.948112,40.456977],[-79.947655,40.456822],[-79.947255,40.45675],[-79.946675,40.456706],[-79.94628,40.456555],[-79.945944,40.456412],[-79.945691,40.456238],[-79.945342,40.455897],[-79.945137,40.455719],[-79.944907,40.455545],[-79.944706,40.45545],[-79.944514,40.455394],[-79.944321,40.455292],[-79.944232,40.455209],[-79.944177,40.455117],[-79.944104,40.45498],[-79.944028,40.454764],[-79.943922,40.454687],[-79.943816,40.454623],[-79.943703,40.454579],[-79.943494,40.45453],[-79.943303,40.454468],[-79.943198,40.454424],[-79.943075,40.454354],[-79.942917,40.454284],[-79.942838,40.454227],[-79.942731,40.454143],[-79.942564,40.454041],[-79.942459,40.453983],[-79.942292,40.453894],[-79.942108,40.453812],[-79.941914,40.453684],[-79.94186,40.453599],[-79.941873,40.453454],[-79.941922,40.453394],[-79.942147,40.453416],[-79.942338,40.453452],[-79.942487,40.453515],[-79.942714,40.453623],[-79.942889,40.453692],[-79.943082,40.453787],[-79.94324,40.453883],[-79.943363,40.453927],[-79.943562,40.453949],[-79.943727,40.453986],[-79.94402,40.454118],[-79.944162,40.454254],[-79.944312,40.454357],[-79.944504,40.454426],[-79.944687,40.454481],[-79.944885,40.454735],[-79.94488,40.454847],[-79.944936,40.454964],[-79.944989,40.455023],[-79.945086,40.45508],[-79.945312,40.455148],[-79.945596,40.455242],[-79.945984,40.455775],[-79.94609,40.455865],[-79.946327,40.455993],[-79.946519,40.456061],[-79.946806,40.456115],[-79.947273,40.456159],[-79.947542,40.4562],[-79.947847,40.4563],[-79.948178,40.456425],[-79.948668,40.456627],[-79.948878,40.456715],[-79.94912,40.45675],[-79.949307,40.456773],[-79.949409,40.456725],[-79.949519,40.456663],[-79.949602,40.456589],[-79.949668,40.456469],[-79.94969,40.45637],[-79.949773,40.45627],[-79.949883,40.456215],[-79.95003,40.456206],[-79.950261,40.456162],[-79.950363,40.4561],[-79.950447,40.456053],[-79.95047,40.455953],[-79.950468,40.455881],[-79.950412,40.455763],[-79.950274,40.455509],[-79.950131,40.455334],[-79.949953,40.455159],[-79.94986,40.45497],[-79.9499,40.454745],[-79.949991,40.454625],[-79.950022,40.454512],[-79.949954,40.454276],[-79.949651,40.453965],[-79.949582,40.453703],[-79.949537,40.453381],[-79.949599,40.453189],[-79.949698,40.453029],[-79.949815,40.452941],[-79.949978,40.452905],[-79.950107,40.452902],[-79.950239,40.452972],[-79.950422,40.45316],[-79.950755,40.453602],[-79.951284,40.454204],[-79.95143,40.454439],[-79.951595,40.454759],[-79.951739,40.455072],[-79.951846,40.455189],[-79.952014,40.455304],[-79.95206,40.455396],[-79.952092,40.455593],[-79.952176,40.455782],[-79.952251,40.455946],[-79.952455,40.45612],[-79.952725,40.456345],[-79.953053,40.456622],[-79.95331,40.456815],[-79.953542,40.457055],[-79.953781,40.457268],[-79.954283,40.457561],[-79.954574,40.457773],[-79.954765,40.45806],[-79.954965,40.458379],[-79.955116,40.458521],[-79.955195,40.458565],[-79.955256,40.458564],[-79.955287,40.458465],[-79.955291,40.458346],[-79.955233,40.458136],[-79.955119,40.457961],[-79.954669,40.457106],[-79.954437,40.456491],[-79.954293,40.456045],[-79.954338,40.455814],[-79.954409,40.455621],[-79.954549,40.455414],[-79.954613,40.455261],[-79.954597,40.455057],[-79.95457,40.454735],[-79.954667,40.45441],[-79.95473,40.454224],[-79.954679,40.453982],[-79.954543,40.453793],[-79.954246,40.45341],[-79.954018,40.453039],[-79.954032,40.452788],[-79.954116,40.452463],[-79.954203,40.452231],[-79.954312,40.452117],[-79.954479,40.451975],[-79.95464,40.451873],[-79.954805,40.451653],[-79.9549,40.4514],[-79.954929,40.451209],[-79.954959,40.451083],[-79.955139,40.450921],[-79.955271,40.450741],[-79.955318,40.450582],[-79.955253,40.450431],[-79.95521,40.450188],[-79.955322,40.449916],[-79.955597,40.449614],[-79.955964,40.449238],[-79.956336,40.448902],[-79.956738,40.448525],[-79.95695,40.448402],[-79.957153,40.448293],[-79.957287,40.448165],[-79.95737,40.448071],[-79.957375,40.447972],[-79.95733,40.447901],[-79.957361,40.447814],[-79.957504,40.4477],[-79.957683,40.447617],[-79.957815,40.447562],[-79.957983,40.447447],[-79.958051,40.44728],[-79.958074,40.447188],[-79.957931,40.447039],[-79.957729,40.446786],[-79.95767,40.446563],[-79.957785,40.445855],[-79.957815,40.445736],[-79.957939,40.445582],[-79.958079,40.445375],[-79.958148,40.445097],[-79.958239,40.444845],[-79.958715,40.444368],[-79.959317,40.443823],[-79.959864,40.44339],[-79.959954,40.443237],[-79.959861,40.443034],[-79.959774,40.442885],[-79.959809,40.442647],[-79.959915,40.442447],[-79.960004,40.442267],[-79.960162,40.442093],[-79.960528,40.441809],[-79.960855,40.441529],[-79.960984,40.441405],[-79.9611,40.441254],[-79.96114,40.441168],[-79.961153,40.441023],[-79.961181,40.440841],[-79.961266,40.440717],[-79.961484,40.440548],[-79.961742,40.440392],[-79.961971,40.440266],[-79.962137,40.4402],[-79.962343,40.440127],[-79.962452,40.440022],[-79.962501,40.439923],[-79.962512,40.439735],[-79.962492,40.439544],[-79.962553,40.439352],[-79.962742,40.439068],[-79.963013,40.438796],[-79.963544,40.438489],[-79.963785,40.438349],[-79.964145,40.43826],[-79.964493,40.438253],[-79.964696,40.438259],[-79.964836,40.438309],[-79.964919,40.438351],[-79.965015,40.438378],[-79.965092,40.438364],[-79.965197,40.438292],[-79.965354,40.438207],[-79.965485,40.438116],[-79.965566,40.437976],[-79.965605,40.437846],[-79.96561,40.437665],[-79.965649,40.437532],[-79.965812,40.437246],[-79.965986,40.437038],[-79.966135,40.436851],[-79.966251,40.436717],[-79.966437,40.436608],[-79.966658,40.436505],[-79.967054,40.436359],[-79.967358,40.436287],[-79.967658,40.436229],[-79.968019,40.436189],[-79.968476,40.4362],[-79.968773,40.436201],[-79.969223,40.436238],[-79.969726,40.436327],[-79.970298,40.436491],[-79.970849,40.436668],[-79.971387,40.436905],[-79.971602,40.436993],[-79.971866,40.437176],[-79.972133,40.437408],[-79.972487,40.43776],[-79.972721,40.437937],[-79.972859,40.438053],[-79.972966,40.43817],[-79.973166,40.438476],[-79.973277,40.438714],[-79.973304,40.438875],[-79.973321,40.43899],[-79.973398,40.439127],[-79.973488,40.439221],[-79.973559,40.439289],[-79.973655,40.439336],[-79.973747,40.439361],[-79.973881,40.439385],[-79.973998,40.439399],[-79.974079,40.439374],[-79.974155,40.439317],[-79.974191,40.43925],[-79.974201,40.438894],[-79.974246,40.438807],[-79.974315,40.438697],[-79.97441,40.43857],[-79.974475,40.4385],[-79.97465,40.438444],[-79.974847,40.438407],[-79.975228,40.438446],[-79.975496,40.43848],[-79.975912,40.438551],[-79.976605,40.438657],[-79.977177,40.438731],[-79.977945,40.438743],[-79.97859,40.438704],[-79.978782,40.438654],[-79.979145,40.43866],[-79.979493,40.438779],[-79.979811,40.438997],[-79.980087,40.439255],[-79.980224,40.439476],[-79.980338,40.439824],[-79.980413,40.440264],[-79.980531,40.440446],[-79.980647,40.440543],[-79.980794,40.44056],[-79.980862,40.440525],[-79.98092,40.440465],[-79.980977,40.440352],[-79.981023,40.440186],[-79.98101,40.439791],[-79.981071,40.439546],[-79.98117,40.439412],[-79.981303,40.439278],[-79.981506,40.439142],[-79.981726,40.439032],[-79.982071,40.439039],[-79.982349,40.439099],[-79.982596,40.439259],[-79.98281,40.439459],[-79.98307,40.439771],[-79.983241,40.439985],[-79.983237,40.44013],[-79.983068,40.440226],[-79.982905,40.440262],[-79.982671,40.44022],[-79.982287,40.440083],[-79.98191,40.439892],[-79.98172,40.439889],[-79.981661,40.439917],[-79.981655,40.440016],[-79.981635,40.440194],[-79.981638,40.440411],[-79.981567,40.440617],[-79.981454,40.440843],[-79.981285,40.441064],[-79.981302,40.441357],[-79.981302,40.441708],[-79.981248,40.441894],[-79.981176,40.442103],[-79.981106,40.442197],[-79.981003,40.442546],[-79.980893,40.442867],[-79.980767,40.443077],[-79.980607,40.443191],[-79.980446,40.44325],[-79.980149,40.443241],[-79.980094,40.443201],[-79.980031,40.443137],[-79.979952,40.443116],[-79.979659,40.443126],[-79.979417,40.443117],[-79.979281,40.44305],[-79.979072,40.442925],[-79.978935,40.442817],[-79.978923,40.442618],[-79.978908,40.442373],[-79.978843,40.442222],[-79.978756,40.442168],[-79.978584,40.442167],[-79.978443,40.442012],[-79.978431,40.441772],[-79.978466,40.441746],[-79.978509,40.441725],[-79.978568,40.441668],[-79.978614,40.441607],[-79.978616,40.441492],[-79.978577,40.441391],[-79.97849,40.441319],[-79.978416,40.441274],[-79.97828,40.441202],[-79.97802,40.441203],[-79.977924,40.441223],[-79.9778,40.441313],[-79.97769,40.441362],[-79.977533,40.441369],[-79.977304,40.441383],[-79.977061,40.441374],[-79.976945,40.44133],[-79.976605,40.441087],[-79.976495,40.441052],[-79.976255,40.440932],[-79.976157,40.440906],[-79.975954,40.440785],[-79.975868,40.440759]]]}},
{"type":"Feature","properties":{},"geometry":{"type":"Polygon","coordinates":[[[-80.072427,40.449261],[-80.072561,40.449263],[-80.072646,40.449288],[-80.072748,40.449366],[-80.072898,40.449526],[-80.073103,40.449693],[-80.073276,40.449928],[-80.073387,40.450064],[-80.073585,40.450315],[-80.073745,40.450475],[-80.07401,40.45066],[-80.074422,40.45101],[-80.074857,40.451351],[-80.075158,40.451558],[-80.075503,40.45176],[-80.075799,40.451952],[-80.07605,40.452103],[-80.076349,40.452245],[-80.076654,40.452452],[-80.076851,40.452665],[-80.077016,40.452851],[-80.077144,40.452929],[-80.077327,40.453039],[-80.077575,40.453255],[-80.077853,40.453523],[-80.078007,40.453649],[-80.078095,40.453746],[-80.078137,40.453806],[-80.078239,40.453877],[-80.078437,40.453987],[-80.078595,40.454098],[-80.07874,40.454262],[-80.078864,40.454404],[-80.078981,40.454771],[-80.079069,40.455153],[-80.078998,40.455265],[-80.078915,40.455293],[-80.078794,40.455242],[-80.078666,40.455154],[-80.077514,40.454294],[-80.077358,40.454107],[-80.076937,40.453728],[-80.076257,40.453186],[-80.075383,40.452527],[-80.075021,40.452196],[-80.074233,40.451588],[-80.073351,40.450829],[-80.07307,40.450607],[-80.07287,40.450444],[-80.072754,40.450241],[-80.072618,40.44992],[-80.072547,40.449735],[-80.072413,40.449597],[-80.072325,40.449496],[-80.072323,40.449385],[-80.072371,40.44931],[-80.072427,40.449261]]]}},
{"type":"Feature","properties":{},"geometry":{"type":"Polygon","coordinates":[[[-80.010472,40.448946],[-80.010791,40.448855],[-80.011278,40.448791],[-80.011735,40.448744],[-80.012404,40.448715],[-80.012843,40.448726],[-80.013188,40.448781],[-80.013508,40.44886],[-80.013879,40.448949],[-80.014193,40.449012],[-80.014418,40.449104],[-80.014557,40.449201],[-80.014742,40.449301],[-80.014815,40.449373],[-80.014858,40.449457],[-80.014842,40.449558],[-80.014789,40.449632],[-80.014704,40.449664],[-80.014469,40.449711],[-80.014204,40.44977],[-80.013888,40.449831],[-80.013601,40.449844],[-80.013294,40.449842],[-80.013121,40.449803],[-80.013043,40.449739],[-80.013092,40.4497],[-80.013194,40.449709],[-80.01333,40.449707],[-80.013514,40.449661],[-80.013804,40.449566],[-80.013983,40.449517],[-80.014092,40.449461],[-80.014155,40.449382],[-80.014139,40.449336],[-80.014092,40.449314],[-80.013955,40.449286],[-80.013834,40.449258],[-80.013575,40.449201],[-80.01322,40.449158],[-80.012923,40.449148],[-80.012552,40.449148],[-80.01228,40.449138],[-80.012062,40.449119],[-80.011726,40.449149],[-80.011396,40.449224],[-80.011105,40.449284],[-80.01087,40.449339],[-80.010554,40.449453],[-80.010388,40.449545],[-80.0103,40.449604],[-80.010171,40.449691],[-80.010088,40.449751],[-80.010059,40.449794],[-80.010156,40.449842],[-80.010264,40.44989],[-80.01037,40.449899],[-80.010607,40.449891],[-80.010748,40.449888],[-80.010847,40.449848],[-80.010957,40.449815],[-80.011073,40.449832],[-80.011129,40.449838],[-80.011245,40.449851],[-80.011396,40.449829],[-80.011641,40.449786],[-80.011877,40.449743],[-80.012133,40.449715],[-80.012313,40.44968],[-80.01241,40.449709],[-80.012407,40.449782],[-80.012268,40.449851],[-80.012025,40.449956],[-80.011807,40.450056],[-80.011618,40.450152],[-80.011475,40.450228],[-80.011274,40.450259],[-80.011002,40.450265],[-80.010699,40.45024],[-80.010435,40.450199],[-80.010121,40.450139],[-80.009867,40.450071],[-80.009723,40.449989],[-80.009593,40.449888],[-80.009468,40.449763],[-80.009393,40.449614],[-80.009413,40.449479],[-80.009511,40.449381],[-80.009618,40.449263],[-80.009796,40.449163],[-80.00998,40.449083],[-80.010279,40.448988],[-80.010472,40.448946]]]}},
{"type":"Feature","properties":{},"geometry":{"type":"Polygon","coordinates":[[[-80.013855,40.422224],[-80.01385,40.421992],[-80.013756,40.42174],[-80.013596,40.42149],[-80.013522,40.420984],[-80.01346,40.420543],[-80.013488,40.420274],[-80.013536,40.419997],[-80.013548,40.419794],[-80.013535,40.41941],[-80.013566,40.419185],[-80.013528,40.418903],[-80.013471,40.418628],[-80.01341,40.418223],[-80.013323,40.417877],[-80.013198,40.417561],[-80.013097,40.417374],[-80.012941,40.417247],[-80.012843,40.417133],[-80.012799,40.416959],[-80.012741,40.416794],[-80.012661,40.416672],[-80.012591,40.41655],[-80.012543,40.416537],[-80.012429,40.416517],[-80.012338,40.416635],[-80.01227,40.416883],[-80.012232,40.417159],[-80.012204,40.417725],[-80.012063,40.418344],[-80.011966,40.418694],[-80.011821,40.418914],[-80.011611,40.419129],[-80.011378,40.419271],[-80.011136,40.419392],[-80.01077,40.419515],[-80.010575,40.41962],[-80.01039,40.419783],[-80.010104,40.420014],[-80.009831,40.420353],[-80.009526,40.420591],[-80.009275,40.420748],[-80.008784,40.420931],[-80.008467,40.421104],[-80.008198,40.421276],[-80.007983,40.421382],[-80.007777,40.421444],[-80.007561,40.421506],[-80.007317,40.421584],[-80.007131,40.421711],[-80.006982,40.421771],[-80.00668,40.421828],[-80.00649,40.421817],[-80.006484,40.421643],[-80.006607,40.421351],[-80.006872,40.421041],[-80.007067,40.420922],[-80.00733,40.420829],[-80.007647,40.420685],[-80.007869,40.420522],[-80.008045,40.42038],[-80.008182,40.420247],[-80.008181,40.420211],[-80.008142,40.420161],[-80.007955,40.420237],[-80.007806,40.420342],[-80.007583,40.420469],[-80.007264,40.42057],[-80.006953,40.420641],[-80.006594,40.420663],[-80.006319,40.420661],[-80.0061,40.420643],[-80.006051,40.420593],[-80.006088,40.420556],[-80.006209,40.420496],[-80.006491,40.420411],[-80.007049,40.42011],[-80.007301,40.419967],[-80.007525,40.419869],[-80.007807,40.41979],[-80.008096,40.41964],[-80.008251,40.419456],[-80.008342,40.419338],[-80.008442,40.419234],[-80.008629,40.419144],[-80.008758,40.419025],[-80.009016,40.41865],[-80.009327,40.418332],[-80.009595,40.41811],[-80.009864,40.41793],[-80.010022,40.417833],[-80.010113,40.417744],[-80.01011,40.417594],[-80.010097,40.417429],[-80.010072,40.417317],[-80.009923,40.417019],[-80.009837,40.416843],[-80.009689,40.416679],[-80.009553,40.416584],[-80.00937,40.416483],[-80.009119,40.416364],[-80.008935,40.416259],[-80.008782,40.416201],[-80.008495,40.416054],[-80.008225,40.415914],[-80.008048,40.415867],[-80.00777,40.415854],[-80.007742,40.415601],[-80.007741,40.415268],[-80.007652,40.415175],[-80.007555,40.41509],[-80.007495,40.415011],[-80.0073,40.414848],[-80.007115,40.414714],[-80.006872,40.414523],[-80.006474,40.414234],[-80.006004,40.413808],[-80.00573,40.41363],[-80.005588,40.413498],[-80.005414,40.413254],[-80.005289,40.413032],[-80.005188,40.412929],[-80.005038,40.41285],[-80.004911,40.412845],[-80.004479,40.41283],[-80.004129,40.41289],[-80.00378,40.412979],[-80.003471,40.413105],[-80.003152,40.413223],[-80.002874,40.413416],[-80.002659,40.413704],[-80.002561,40.414013],[-80.002445,40.41433],[-80.002392,40.414511],[-80.00227,40.414663],[-80.002144,40.414725],[-80.002016,40.414698],[-80.001827,40.414596],[-80.001704,40.414434],[-80.001634,40.414106],[-80.001575,40.413785],[-80.00142,40.413564],[-80.001179,40.413374],[-80.001019,40.413257],[-80.000811,40.413201],[-80.000634,40.413175],[-80.000341,40.413188],[-80.000058,40.413201],[-79.999473,40.413221],[-79.999372,40.413318],[-79.99933,40.413352],[-79.999196,40.413426],[-79.999044,40.413468],[-79.998843,40.413563],[-79.998694,40.413703],[-79.998496,40.413916],[-79.998504,40.414163],[-79.998559,40.414527],[-79.998576,40.414775],[-79.998469,40.414888],[-79.998359,40.414909],[-79.998238,40.414873],[-79.998124,40.414784],[-79.998034,40.414629],[-79.997881,40.414397],[-79.997769,40.414112],[-79.997736,40.413885],[-79.997752,40.413728],[-79.997873,40.413524],[-79.998154,40.413244],[-79.998502,40.412951],[-79.998938,40.412714],[-79.999148,40.412632],[-79.999473,40.412584],[-79.999691,40.412548],[-79.999877,40.412523],[-80.000139,40.412484],[-80.00032,40.412505],[-80.000629,40.412579],[-80.000947,40.412622],[-80.001233,40.412624],[-80.001498,40.412651],[-80.001796,40.41271],[-80.00203,40.412874],[-80.002179,40.413073],[-80.002262,40.413101],[-80.002326,40.413055],[-80.002377,40.412837],[-80.002444,40.412704],[-80.002537,40.412589],[-80.002716,40.412426],[-80.003069,40.41231],[-80.003827,40.412064],[-80.004587,40.41188],[-80.005169,40.411747],[-80.005476,40.411749],[-80.005793,40.411751],[-80.006039,40.411852],[-80.006355,40.412136],[-80.006558,40.412496],[-80.006835,40.412879],[-80.0072,40.413373],[-80.007495,40.413666],[-80.008023,40.414035],[-80.008623,40.414448],[-80.008937,40.414656],[-80.009359,40.41489],[-80.009522,40.415024],[-80.009664,40.415139],[-80.009792,40.415193],[-80.010005,40.415225],[-80.010192,40.415282],[-80.010422,40.415391],[-80.010639,40.415544],[-80.010687,40.415628],[-80.010691,40.415749],[-80.010715,40.416011],[-80.010775,40.416208],[-80.010868,40.416453],[-80.010926,40.416614],[-80.011008,40.416709],[-80.011052,40.416765],[-80.011062,40.416825],[-80.011074,40.416869],[-80.011134,40.416904],[-80.011225,40.416943],[-80.011368,40.41696],[-80.011432,40.416983],[-80.011492,40.417031],[-80.011573,40.417082],[-80.011663,40.417084],[-80.011701,40.41695],[-80.011668,40.416595],[-80.011661,40.416393],[-80.01168,40.416187],[-80.011761,40.416056],[-80.011894,40.41594],[-80.012109,40.415891],[-80.012356,40.415842],[-80.012566,40.415814],[-80.012842,40.415836],[-80.013176,40.415874],[-80.013452,40.415893],[-80.013709,40.416009],[-80.013949,40.416239],[-80.014201,40.4168],[-80.014453,40.417377],[-80.01459,40.417689],[-80.014779,40.418049],[-80.014842,40.418351],[-80.014915,40.418629],[-80.014971,40.41921],[-80.014959,40.419792],[-80.014923,40.420277],[-80.014891,40.420601],[-80.014996,40.420882],[-80.015185,40.421177],[-80.015329,40.421514],[-80.015537,40.421744],[-80.015638,40.42192],[-80.015707,40.422064],[-80.015713,40.422266],[-80.015726,40.422339],[-80.015813,40.422394],[-80.015995,40.422471],[-80.016291,40.422691],[-80.016748,40.423087],[-80.017173,40.423474],[-80.017619,40.423853],[-80.018176,40.424368],[-80.018548,40.424765],[-80.01913,40.425254],[-80.019284,40.425421],[-80.019374,40.425573],[-80.019422,40.425758],[-80.019386,40.425928],[-80.019429,40.42596],[-80.019642,40.425996],[-80.020069,40.426141],[-80.02051,40.426359],[-80.020984,40.426624],[-80.021406,40.426923],[-80.021515,40.427164],[-80.021583,40.4273],[-80.021698,40.427273],[-80.022047,40.427274],[-80.022452,40.427355],[-80.022888,40.427452],[-80.023244,40.427639],[-80.023495,40.427876],[-80.023704,40.428131],[-80.02383,40.428419],[-80.023851,40.428718],[-80.023801,40.428969],[-80.023829,40.429171],[-80.023988,40.429483],[-80.024141,40.429642],[-80.02422,40.429786],[-80.024226,40.429971],[-80.024243,40.430149],[-80.024274,40.430439],[-80.024459,40.430597],[-80.024729,40.430786],[-80.024893,40.430952],[-80.025003,40.43108],[-80.025092,40.431191],[-80.02513,40.431468],[-80.025085,40.431611],[-80.025099,40.431708],[-80.025193,40.431698],[-80.025327,40.431582],[-80.025556,40.431473],[-80.02589,40.431361],[-80.026261,40.43137],[-80.026528,40.431462],[-80.026799,40.431658],[-80.026963,40.431809],[-80.02726,40.432304],[-80.02761,40.432677],[-80.027885,40.432979],[-80.028006,40.433122],[-80.028032,40.433251],[-80.028035,40.433348],[-80.028058,40.43342],[-80.028122,40.433435],[-80.028282,40.433456],[-80.028388,40.433478],[-80.028465,40.433565],[-80.028447,40.433647],[-80.028513,40.433742],[-80.028654,40.433828],[-80.029139,40.434102],[-80.02944,40.434265],[-80.030714,40.434887],[-80.031639,40.435337],[-80.032158,40.435683],[-80.032485,40.435983],[-80.032713,40.43631],[-80.032851,40.436639],[-80.032904,40.436953],[-80.032881,40.437204],[-80.032814,40.437432],[-80.032712,40.437531],[-80.032663,40.437645],[-80.032688,40.437774],[-80.032767,40.437918],[-80.032782,40.438524],[-80.032723,40.438945],[-80.032589,40.439376],[-80.032379,40.439712],[-80.03208,40.440025],[-80.031804,40.440309],[-80.031481,40.440606],[-80.031199,40.440875],[-80.031021,40.44106],[-80.030673,40.441406],[-80.030264,40.441835],[-80.029899,40.442278],[-80.029593,40.442608],[-80.029314,40.442799],[-80.029084,40.442901],[-80.028833,40.442962],[-80.028537,40.44296],[-80.028324,40.442932],[-80.028175,40.44291],[-80.028092,40.442944],[-80.027896,40.443078],[-80.027688,40.443195],[-80.027374,40.44329],[-80.027109,40.443279],[-80.026722,40.443153],[-80.026145,40.442979],[-80.025461,40.442762],[-80.024647,40.442442],[-80.024103,40.44217],[-80.023165,40.441789],[-80.022191,40.441412],[-80.021408,40.441096],[-80.02073,40.440737],[-80.02028,40.440552],[-80.019895,40.440438],[-80.019627,40.440339],[-80.019443,40.440205],[-80.019246,40.440088],[-80.018887,40.439925],[-80.018353,40.439786],[-80.017851,40.439618],[-80.017513,40.439467],[-80.017193,40.439404],[-80.01685,40.439266],[-80.016473,40.439047],[-80.016182,40.438883],[-80.015945,40.438758],[-80.015678,40.438691],[-80.015357,40.438551],[-80.015109,40.438419],[-80.014903,40.438261],[-80.014772,40.438159],[-80.014503,40.438019],[-80.014182,40.437887],[-80.013413,40.437438],[-80.012891,40.437157],[-80.011966,40.436674],[-80.0115,40.436344],[-80.010754,40.435841],[-80.009953,40.435307],[-80.009532,40.435032],[-80.009306,40.434762],[-80.008774,40.434336],[-80.008125,40.433896],[-80.00748,40.433585],[-80.006813,40.433227],[-80.005973,40.43279],[-80.004854,40.43219],[-80.004313,40.431813],[-80.003861,40.431579],[-80.003389,40.431394],[-80.002921,40.43129],[-80.002642,40.431166],[-80.002461,40.430987],[-80.002414,40.430686],[-80.002433,40.430451],[-80.002444,40.430347],[-80.002448,40.430321],[-80.002428,40.430297],[-80.002362,40.430287],[-80.002301,40.430308],[-80.002192,40.430384],[-80.002097,40.43047],[-80.00199,40.43054],[-80.001906,40.430561],[-80.001846,40.430556],[-80.001716,40.430521],[-80.001364,40.430415],[-80.000743,40.430185],[-80.000156,40.430002],[-79.999474,40.429742],[-79.998766,40.429527],[-79.998539,40.429362],[-79.998265,40.429341],[-79.997855,40.429323],[-79.997305,40.42919],[-79.996146,40.428704],[-79.994696,40.428184],[-79.992779,40.427465],[-79.990298,40.426731],[-79.988362,40.426077],[-79.987975,40.425994],[-79.98752,40.425891],[-79.987246,40.425851],[-79.98714,40.425749],[-79.987032,40.425575],[-79.986892,40.42548],[-79.986524,40.425441],[-79.985653,40.425393],[-79.98393,40.425387],[-79.982783,40.425279],[-79.981523,40.425192],[-79.980611,40.424962],[-79.979832,40.424866],[-79.979198,40.424774],[-79.978613,40.424636],[-79.978329,40.424674],[-79.978182,40.424624],[-79.977958,40.424537],[-79.977809,40.424416],[-79.977551,40.424102],[-79.977319,40.423793],[-79.977193,40.4236],[-79.977131,40.423269],[-79.977007,40.423269],[-79.976778,40.423426],[-79.976556,40.423678],[-79.976518,40.423802],[-79.976529,40.423893],[-79.976543,40.424063],[-79.976538,40.424148],[-79.97649,40.424253],[-79.976368,40.424418],[-79.976191,40.4245],[-79.975902,40.424525],[-79.975423,40.424476],[-79.974937,40.42442],[-79.974693,40.424385],[-79.974464,40.424292],[-79.974418,40.424201],[-79.974431,40.424071],[-79.974453,40.423973],[-79.974326,40.423995],[-79.974261,40.424081],[-79.974052,40.424208],[-79.973799,40.424318],[-79.973561,40.424329],[-79.973296,40.424308],[-79.973013,40.424274],[-79.97286,40.424212],[-79.97282,40.424164],[-79.972718,40.424058],[-79.972653,40.424007],[-79.9726,40.423963],[-79.972566,40.423953],[-79.972524,40.423974],[-79.972461,40.424017],[-79.972356,40.424059],[-79.97223,40.424107],[-79.971671,40.424111],[-79.971422,40.424041],[-79.971146,40.423961],[-79.970929,40.423851],[-79.970815,40.423756],[-79.970736,40.423685],[-79.97071,40.423653],[-79.970615,40.423629],[-79.970548,40.423663],[-79.970311,40.423733],[-79.970014,40.423778],[-79.96957,40.42374],[-79.96903,40.423679],[-79.96862,40.423648],[-79.968159,40.423624],[-79.967722,40.42358],[-79.967327,40.42349],[-79.966892,40.423355],[-79.966404,40.423293],[-79.966195,40.423166],[-79.966016,40.42315],[-79.965751,40.423155],[-79.965138,40.422926],[-79.964733,40.422777],[-79.964383,40.422764],[-79.963852,40.422507],[-79.963441,40.422319],[-79.962915,40.422029],[-79.962633,40.421885],[-79.962536,40.421776],[-79.962496,40.421594],[-79.962525,40.42143],[-79.962579,40.421273],[-79.962736,40.421113],[-79.96284,40.420903],[-79.962871,40.420817],[-79.962844,40.420766],[-79.962798,40.420669],[-79.96272,40.420618],[-79.962608,40.420581],[-79.962454,40.420591],[-79.962286,40.420646],[-79.962119,40.420767],[-79.961902,40.420908],[-79.96174,40.420986],[-79.961639,40.421004],[-79.961566,40.420992],[-79.961514,40.420971],[-79.961375,40.420895],[-79.961158,40.420775],[-79.960962,40.420668],[-79.960882,40.420645],[-79.960822,40.420653],[-79.960742,40.420659],[-79.960697,40.420659],[-79.960636,40.420635],[-79.960494,40.420524],[-79.960416,40.420405],[-79.960343,40.420269],[-79.960315,40.420198],[-79.960309,40.420016],[-79.960217,40.419946],[-79.96008,40.419919],[-79.959956,40.419912],[-79.959734,40.419916],[-79.959383,40.419737],[-79.9591,40.41969],[-79.958903,40.419642],[-79.958545,40.419401],[-79.958055,40.419012],[-79.957773,40.418731],[-79.957378,40.418125],[-79.957069,40.417734],[-79.956778,40.417182],[-79.956621,40.416947],[-79.956625,40.416549],[-79.956433,40.415887],[-79.956306,40.41542],[-79.956169,40.415064],[-79.956158,40.414849],[-79.956125,40.413601],[-79.956114,40.412734],[-79.956126,40.4122],[-79.956163,40.41201],[-79.956227,40.411885],[-79.956334,40.411772],[-79.956493,40.411671],[-79.956728,40.411575],[-79.956881,40.411559],[-79.957204,40.411527],[-79.957467,40.411476],[-79.957644,40.411408],[-79.957945,40.411245],[-79.958379,40.410937],[-79.958736,40.410657],[-79.959022,40.410472],[-79.959333,40.410335],[-79.959793,40.41019],[-79.960162,40.410127],[-79.960541,40.410061],[-79.960949,40.410021],[-79.961746,40.410006],[-79.962233,40.410029],[-79.962319,40.410066],[-79.962415,40.410117],[-79.962491,40.410109],[-79.962659,40.410021],[-79.962988,40.409923],[-79.963498,40.409861],[-79.964131,40.40994],[-79.964535,40.41005],[-79.964682,40.410093],[-79.964803,40.410143],[-79.964853,40.410116],[-79.964843,40.410057],[-79.964742,40.40985],[-79.964589,40.409606],[-79.964556,40.409371],[-79.964584,40.409201],[-79.964642,40.409073],[-79.964823,40.408864],[-79.965235,40.408449],[-79.965572,40.408064],[-79.966306,40.407437],[-79.966781,40.407089],[-79.967382,40.406706],[-79.968026,40.406328],[-79.968355,40.406162],[-79.968722,40.405904],[-79.968802,40.405864],[-79.968959,40.405857],[-79.969065,40.405836],[-79.969186,40.405752],[-79.96954,40.405634],[-79.969926,40.405568],[-79.971043,40.405322],[-79.97168,40.405244],[-79.972147,40.405177],[-79.972385,40.405165],[-79.972505,40.405196],[-79.972607,40.405187],[-79.972715,40.405081],[-79.972819,40.405027],[-79.973244,40.404973],[-79.973651,40.404906],[-79.973862,40.404837],[-79.973919,40.404783],[-79.973958,40.404777],[-79.974278,40.404729],[-79.974633,40.404679],[-79.975063,40.404605],[-79.975407,40.404481],[-79.975571,40.404393],[-79.975695,40.404315],[-79.975777,40.404265],[-79.975829,40.40419],[-79.975892,40.404143],[-79.976547,40.403724],[-79.978141,40.402702],[-79.978919,40.402148],[-79.979189,40.401936],[-79.979276,40.401848],[-79.979467,40.40164],[-79.979568,40.401518],[-79.979689,40.401306],[-79.979743,40.401195],[-79.979867,40.400857],[-79.979903,40.400554],[-79.97991,40.400311],[-79.979872,40.399972],[-79.979741,40.399652],[-79.979632,40.399371],[-79.979503,40.399155],[-79.9793,40.3987],[-79.979261,40.398474],[-79.979219,40.398438],[-79.979059,40.397956],[-79.978891,40.397595],[-79.978581,40.39734],[-79.978592,40.397041],[-79.978688,40.396855],[-79.978867,40.396723],[-79.978984,40.396715],[-79.979022,40.396764],[-79.979084,40.396993],[-79.979222,40.397169],[-79.979343,40.397301],[-79.97952,40.397353],[-79.979697,40.397384],[-79.979848,40.397526],[-79.980029,40.397702],[-79.98019,40.39771],[-79.980556,40.397714],[-79.980937,40.397729],[-79.981098,40.397826],[-79.980655,40.398154],[-79.98042,40.398337],[-79.980358,40.398473],[-79.980437,40.398639],[-79.980564,40.398732],[-79.981062,40.398728],[-79.981247,40.398803],[-79.981425,40.398984],[-79.981577,40.399056],[-79.981868,40.399121],[-79.982088,40.399245],[-79.982094,40.399323],[-79.982044,40.399363],[-79.981593,40.399414],[-79.981104,40.399446],[-79.981047,40.399492],[-79.98106,40.399556],[-79.981165,40.399643],[-79.981377,40.399801],[-79.981376,40.400428],[-79.981164,40.400673],[-79.981088,40.400786],[-79.981056,40.40094],[-79.981058,40.401226],[-79.98123,40.401438],[-79.981309,40.401509],[-79.981409,40.401535],[-79.981593,40.401573],[-79.981747,40.401643],[-79.982029,40.401892],[-79.982178,40.402088],[-79.982187,40.402236],[-79.982151,40.402251],[-79.981903,40.402267],[-79.981719,40.402346],[-79.981436,40.402416],[-79.98129,40.402421],[-79.981105,40.402489],[-79.980914,40.402565],[-79.980672,40.40259],[-79.980317,40.402692],[-79.979843,40.402964],[-79.979435,40.403223],[-79.978999,40.403333],[-79.978512,40.403622],[-79.977908,40.403963],[-79.977853,40.404065],[-79.9779,40.404154],[-79.978405,40.404561],[-79.978894,40.404971],[-79.979293,40.405352],[-79.979619,40.405581],[-79.980025,40.405808],[-79.980178,40.405897],[-79.980371,40.406095],[-79.980427,40.406127],[-79.980525,40.406156],[-79.980854,40.406278],[-79.981038,40.406311],[-79.981212,40.406277],[-79.981435,40.406245],[-79.981885,40.406155],[-79.982226,40.406119],[-79.982488,40.406116],[-79.98275,40.406106],[-79.982999,40.406123],[-79.983217,40.406148],[-79.983513,40.406182],[-79.983533,40.406211],[-79.983451,40.406249],[-79.982984,40.406432],[-79.982656,40.406553],[-79.982426,40.406652],[-79.982015,40.40689],[-79.981746,40.407103],[-79.981706,40.407221],[-79.981731,40.40731],[-79.981741,40.407444],[-79.981778,40.407609],[-79.981861,40.407967],[-79.982006,40.408527],[-79.982247,40.409038],[-79.982252,40.409192],[-79.982178,40.409196],[-79.981791,40.408938],[-79.981478,40.40867],[-79.981287,40.408484],[-79.98099,40.408212],[-79.980695,40.407951],[-79.979972,40.407535],[-79.979632,40.407429],[-79.97939,40.407395],[-79.979252,40.407437],[-79.979124,40.407557],[-79.97893,40.40779],[-79.978568,40.40812],[-79.978322,40.408235],[-79.978187,40.408278],[-79.978061,40.4083],[-79.977824,40.408315],[-79.977692,40.408167],[-79.977714,40.407908],[-79.977756,40.407581],[-79.977831,40.40705],[-79.977883,40.406635],[-79.977776,40.406492],[-79.977363,40.40617],[-79.976975,40.405925],[-79.976484,40.405689],[-79.976137,40.405583],[-79.975873,40.405561],[-79.975277,40.405678],[-79.974497,40.405875],[-79.974237,40.40597],[-79.974131,40.406103],[-79.974044,40.406214],[-79.974012,40.406651],[-79.973951,40.407125],[-79.973872,40.407605],[-79.973834,40.407891],[-79.973774,40.407976],[-79.97364,40.408012],[-79.973512,40.407995],[-79.973457,40.407901],[-79.97339,40.407734],[-79.973311,40.407615],[-79.973098,40.407362],[-79.972766,40.407078],[-79.972505,40.406915],[-79.97221,40.406842],[-79.9718,40.406839],[-79.97137,40.406875],[-79.97096,40.406984],[-79.970426,40.407201],[-79.969761,40.407443],[-79.969009,40.407715],[-79.968678,40.407878],[-79.968595,40.408008],[-79.968598,40.408109],[-79.968631,40.40822],[-79.968873,40.408585],[-79.968922,40.408735],[-79.9689,40.408959],[-79.968742,40.409264],[-79.968536,40.409441],[-79.96821,40.409543],[-79.967999,40.409569],[-79.967736,40.409602],[-79.967594,40.409717],[-79.967567,40.409785],[-79.967644,40.409923],[-79.967788,40.410049],[-79.968105,40.410233],[-79.968397,40.410446],[-79.968733,40.410646],[-79.969059,40.41078],[-79.969425,40.410795],[-79.969768,40.410755],[-79.970205,40.410696],[-79.970468,40.410697],[-79.970683,40.410771],[-79.970945,40.410962],[-79.971183,40.411086],[-79.971481,40.411136],[-79.972162,40.411162],[-79.972614,40.411114],[-79.973006,40.411011],[-79.97312,40.410914],[-79.973333,40.410933],[-79.973488,40.411006],[-79.973881,40.411588],[-79.974016,40.411708],[-79.974418,40.411921],[-79.974607,40.411993],[-79.974819,40.412093],[-79.975344,40.412376],[-79.975469,40.412445],[-79.975557,40.412439],[-79.97567,40.412378],[-79.9758,40.412334],[-79.976021,40.412274],[-79.97615,40.412288],[-79.976326,40.412416],[-79.976373,40.412516],[-79.976442,40.412772],[-79.976861,40.413071],[-79.976954,40.413215],[-79.977036,40.413482],[-79.977118,40.413749],[-79.976852,40.414106],[-79.976793,40.414175],[-79.976698,40.414261],[-79.976396,40.414532],[-79.976086,40.414798],[-79.976025,40.414833],[-79.97597,40.414828],[-79.975877,40.41478],[-79.975806,40.414725],[-79.975771,40.414628],[-79.975762,40.414337],[-79.975679,40.414272],[-79.97547,40.414153],[-79.975212,40.414079],[-79.974777,40.413981],[-79.974491,40.41397],[-79.974384,40.414045],[-79.974353,40.414208],[-79.974396,40.414638],[-79.974281,40.414897],[-79.974123,40.415007],[-79.973942,40.415049],[-79.973831,40.415029],[-79.973661,40.41496],[-79.973458,40.414796],[-79.973358,40.414646],[-79.973289,40.414323],[-79.973175,40.414202],[-79.972945,40.414003],[-79.972739,40.413738],[-79.972531,40.413627],[-79.972257,40.413535],[-79.972203,40.413469],[-79.971811,40.413328],[-79.971666,40.413297],[-79.971102,40.413297],[-79.970856,40.413251],[-79.970318,40.413259],[-79.970149,40.413349],[-79.970041,40.413379],[-79.97004,40.413748],[-79.97002,40.414031],[-79.970076,40.414287],[-79.970262,40.414597],[-79.970261,40.414807],[-79.970186,40.414859],[-79.970107,40.41491],[-79.970042,40.414923],[-79.969964,40.414888],[-79.969821,40.414762],[-79.969669,40.414586],[-79.969434,40.414409],[-79.968933,40.414071],[-79.968498,40.413685],[-79.968056,40.413372],[-79.967872,40.413242],[-79.967692,40.413195],[-79.967479,40.41319],[-79.967157,40.413278],[-79.966974,40.413292],[-79.96687,40.413336],[-79.966746,40.41342],[-79.966655,40.41355],[-79.966491,40.413769],[-79.966228,40.414025],[-79.966021,40.414169],[-79.965942,40.414213],[-79.965858,40.414214],[-79.965813,40.414187],[-79.965815,40.414126],[-79.965834,40.414039],[-79.965871,40.413957],[-79.965905,40.413752],[-79.965874,40.413585],[-79.965803,40.413421],[-79.965656,40.413132],[-79.965549,40.412952],[-79.965339,40.412719],[-79.965016,40.412428],[-79.964603,40.412154],[-79.964017,40.411879],[-79.963815,40.411872],[-79.963731,40.411934],[-79.963643,40.412134],[-79.963608,40.412488],[-79.963549,40.41309],[-79.963514,40.413565],[-79.963415,40.413859],[-79.963208,40.414144],[-79.962985,40.41427],[-79.962841,40.414267],[-79.962696,40.414187],[-79.962334,40.413946],[-79.96201,40.413721],[-79.961769,40.413422],[-79.961479,40.4127],[-79.961354,40.412421],[-79.961258,40.41234],[-79.961052,40.412234],[-79.960847,40.412127],[-79.960479,40.412123],[-79.960365,40.412169],[-79.960247,40.412315],[-79.960159,40.412482],[-79.96012,40.412621],[-79.960193,40.412857],[-79.960296,40.413125],[-79.960327,40.413527],[-79.960357,40.413675],[-79.960345,40.413863],[-79.96026,40.41414],[-79.960201,40.414318],[-79.960054,40.414436],[-79.959881,40.414456],[-79.959198,40.414502],[-79.958951,40.414468],[-79.95877,40.414439],[-79.957978,40.414465],[-79.957922,40.414521],[-79.957918,40.41461],[-79.957972,40.414735],[-79.957999,40.414906],[-79.958225,40.415293],[-79.958316,40.415429],[-79.958393,40.415582],[-79.958536,40.415778],[-79.958585,40.415942],[-79.95861,40.416058],[-79.958601,40.416223],[-79.958583,40.416334],[-79.958588,40.416483],[-79.958613,40.416587],[-79.958718,40.416695],[-79.958924,40.416829],[-79.959139,40.417018],[-79.959315,40.417197],[-79.95937,40.417333],[-79.959395,40.417449],[-79.959524,40.417628],[-79.959643,40.417764],[-79.959746,40.417823],[-79.959997,40.418],[-79.96018,40.418068],[-79.960318,40.418093],[-79.960453,40.418046],[-79.960565,40.417945],[-79.960654,40.417789],[-79.960789,40.417736],[-79.961178,40.417712],[-79.9613,40.41771],[-79.961364,40.417786],[-79.961537,40.417998],[-79.961592,40.41814],[-79.96162,40.418327],[-79.961592,40.418565],[-79.961664,40.418784],[-79.961792,40.418941],[-79.961996,40.419015],[-79.962154,40.419001],[-79.962325,40.41892],[-79.962422,40.418803],[-79.962623,40.418562],[-79.962768,40.418382],[-79.962903,40.418297],[-79.963145,40.418221],[-79.963582,40.418124],[-79.9641,40.417971],[-79.964412,40.417799],[-79.964808,40.417566],[-79.964965,40.417513],[-79.96511,40.417532],[-79.965278,40.417601],[-79.965569,40.417689],[-79.965722,40.417719],[-79.965915,40.417693],[-79.966238,40.417638],[-79.96649,40.417622],[-79.966952,40.417651],[-79.967342,40.417638],[-79.967725,40.417683],[-79.968122,40.417808],[-79.968509,40.417958],[-79.968891,40.418144],[-79.968988,40.418241],[-79.969025,40.41829],[-79.969034,40.418348],[-79.969014,40.418398],[-79.968942,40.418451],[-79.968505,40.418548],[-79.967925,40.418664],[-79.967364,40.418713],[-79.966636,40.418733],[-79.966312,40.418734],[-79.965918,40.418824],[-79.965642,40.418961],[-79.96548,40.419086],[-79.965389,40.419187],[-79.965329,40.41932],[-79.965321,40.419525],[-79.965318,40.419657],[-79.965467,40.419786],[-79.96557,40.419856],[-79.965671,40.419865],[-79.965904,40.419927],[-79.966122,40.419961],[-79.96658,40.419975],[-79.966863,40.420019],[-79.967204,40.420078],[-79.967445,40.420195],[-79.967788,40.42031],[-79.968145,40.420408],[-79.96853,40.420505],[-79.96887,40.420532],[-79.969273,40.420518],[-79.969541,40.420552],[-79.969804,40.420646],[-79.970374,40.420635],[-79.97061,40.420581],[-79.970947,40.420536],[-79.971481,40.420526],[-79.971738,40.42057],[-79.972138,40.420673],[-79.972647,40.420801],[-79.972879,40.420846],[-79.973066,40.420815],[-79.973199,40.420697],[-79.973289,40.420579],[-79.973344,40.420506],[-79.973436,40.420444],[-79.973556,40.420381],[-79.973684,40.420307],[-79.973841,40.420249],[-79.97399,40.420196],[-79.974175,40.42011],[-79.97433,40.419997],[-79.974534,40.419849],[-79.974661,40.419753],[-79.974787,40.419635],[-79.974886,40.419572],[-79.975098,40.419557],[-79.975258,40.419598],[-79.975447,40.41965],[-79.975565,40.41973],[-79.975612,40.41984],[-79.975747,40.420002],[-79.975867,40.420121],[-79.976014,40.420207],[-79.976174,40.420259],[-79.976571,40.420257],[-79.976975,40.420266],[-79.977241,40.420255],[-79.977564,40.420194],[-79.977807,40.420123],[-79.978037,40.420013],[-79.978215,40.419933],[-79.978315,40.419903],[-79.978464,40.41984],[-79.978605,40.419721],[-79.978703,40.419637],[-79.978714,40.419548],[-79.978811,40.419419],[-79.978909,40.41934],[-79.979051,40.419249],[-79.979164,40.419181],[-79.979219,40.419114],[-79.979251,40.41897],[-79.979246,40.418832],[-79.979335,40.418676],[-79.979459,40.418519],[-79.979657,40.418388],[-79.979813,40.418325],[-79.980013,40.418266],[-79.980233,40.418251],[-79.980314,40.418315],[-79.980418,40.41839],[-79.980551,40.418487],[-79.98058,40.418511],[-79.980617,40.418519],[-79.980687,40.418473],[-79.980794,40.418416],[-79.980937,40.418402],[-79.981132,40.41841],[-79.981299,40.418434],[-79.98149,40.41853],[-79.981733,40.418696],[-79.982007,40.418911],[-79.98217,40.419035],[-79.982324,40.419115],[-79.98257,40.419132],[-79.982859,40.419165],[-79.983084,40.419199],[-79.983424,40.41933],[-79.983731,40.419457],[-79.983927,40.419503],[-79.984087,40.419527],[-79.984274,40.419518],[-79.984482,40.419481],[-79.985056,40.419293],[-79.985348,40.419177],[-79.985651,40.419177],[-79.985953,40.419144],[-79.986152,40.419068],[-79.986294,40.418994],[-79.986384,40.418898],[-79.986511,40.418802],[-79.986668,40.418744],[-79.986806,40.41878],[-79.98693,40.41881],[-79.987112,40.418884],[-79.987271,40.418886],[-79.987489,40.418937],[-79.987828,40.419157],[-79.988052,40.419368],[-79.988074,40.419599],[-79.988021,40.419765],[-79.987598,40.42016],[-79.987318,40.420419],[-79.987178,40.420962],[-79.986901,40.421326],[-79.986578,40.421569],[-79.986332,40.421783],[-79.986299,40.421982],[-79.986374,40.422069],[-79.986549,40.422132],[-79.986923,40.422103],[-79.987426,40.422049],[-79.988201,40.421923],[-79.988878,40.421877],[-79.989786,40.421871],[-79.990609,40.421877],[-79.990726,40.421952],[-79.990871,40.42196],[-79.991142,40.421855],[-79.991616,40.421907],[-79.991656,40.422248],[-79.991673,40.422446],[-79.991318,40.422812],[-79.991136,40.422986],[-79.99068,40.423155],[-79.990099,40.423458],[-79.989752,40.423675],[-79.98955,40.423883],[-79.989546,40.423976],[-79.989584,40.424036],[-79.989665,40.424095],[-79.989746,40.424132],[-79.989965,40.424211],[-79.990823,40.424536],[-79.991308,40.424814],[-79.991635,40.425105],[-79.991962,40.425374],[-79.992039,40.425411],[-79.992119,40.425443],[-79.992296,40.425456],[-79.992409,40.425377],[-79.992518,40.425198],[-79.992576,40.425092],[-79.992754,40.424918],[-79.992996,40.424825],[-79.993301,40.424874],[-79.993591,40.424924],[-79.993854,40.425018],[-79.994221,40.42522],[-79.994516,40.425391],[-79.994826,40.425605],[-79.995121,40.425798],[-79.995406,40.425925],[-79.995864,40.426037],[-79.996272,40.426156],[-79.996631,40.426315],[-79.996975,40.426463],[-79.99734,40.426604],[-79.997828,40.426747],[-79.99795,40.426841],[-79.998124,40.426967],[-79.998316,40.427101],[-79.998455,40.427164],[-79.998627,40.427227],[-79.998776,40.427271],[-79.998941,40.42726],[-79.99906,40.427246],[-79.999222,40.427238],[-79.999344,40.427233],[-79.999494,40.427177],[-79.999616,40.427161],[-79.999793,40.427149],[-79.999942,40.427198],[-80.000416,40.427189],[-80.000608,40.427272],[-80.000598,40.427533],[-80.000492,40.427767],[-80.000561,40.428129],[-80.000661,40.428286],[-80.000903,40.428444],[-80.001171,40.428526],[-80.001366,40.428566],[-80.001632,40.428552],[-80.001821,40.428517],[-80.002082,40.428443],[-80.002374,40.428406],[-80.002569,40.428391],[-80.002728,40.428357],[-80.003013,40.428268],[-80.003235,40.428192],[-80.003499,40.428141],[-80.003718,40.428127],[-80.003953,40.428122],[-80.004245,40.428111],[-80.004463,40.428084],[-80.004791,40.42799],[-80.005014,40.427928],[-80.005209,40.427922],[-80.005399,40.427962],[-80.005505,40.428024],[-80.005571,40.428115],[-80.005596,40.428255],[-80.005661,40.428493],[-80.005667,40.428674],[-80.005589,40.4289],[-80.005464,40.429113],[-80.005411,40.429237],[-80.005405,40.429354],[-80.005477,40.429519],[-80.005623,40.429618],[-80.005836,40.429766],[-80.006055,40.429928],[-80.006116,40.430058],[-80.006159,40.430209],[-80.006128,40.430405],[-80.006066,40.430552],[-80.005912,40.43075],[-80.005726,40.430848],[-80.005575,40.430895],[-80.005464,40.430969],[-80.005391,40.431058],[-80.005339,40.431197],[-80.005371,40.431305],[-80.00546,40.431412],[-80.005847,40.431643],[-80.006562,40.43205],[-80.007083,40.432446],[-80.007251,40.432645],[-80.007446,40.432823],[-80.007892,40.43309],[-80.008343,40.433269],[-80.00883,40.433361],[-80.009253,40.433527],[-80.009516,40.433725],[-80.0097,40.433859],[-80.010286,40.434203],[-80.010588,40.434451],[-80.011093,40.434803],[-80.011541,40.435143],[-80.012035,40.435474],[-80.012246,40.435673],[-80.012459,40.435806],[-80.012699,40.435874],[-80.013015,40.435977],[-80.013237,40.436088],[-80.013459,40.436207],[-80.013678,40.436232],[-80.013971,40.436197],[-80.014172,40.436251],[-80.014365,40.436363],[-80.01454,40.436498],[-80.015282,40.436824],[-80.015647,40.436962],[-80.015933,40.437029],[-80.016161,40.437039],[-80.016449,40.43712],[-80.016567,40.437263],[-80.016857,40.437431],[-80.017534,40.437809],[-80.017922,40.438063],[-80.018327,40.438272],[-80.018788,40.438437],[-80.019287,40.438616],[-80.019767,40.438781],[-80.020113,40.438919],[-80.020576,40.439127],[-80.021044,40.43951],[-80.021414,40.439792],[-80.021662,40.439983],[-80.021884,40.440095],[-80.022097,40.440221],[-80.022241,40.440269],[-80.022422,40.440302],[-80.02264,40.440312],[-80.022823,40.440374],[-80.022949,40.440458],[-80.023143,40.440578],[-80.023308,40.44069],[-80.023473,40.440818],[-80.0238,40.440942],[-80.024231,40.441056],[-80.024622,40.441136],[-80.025054,40.44128],[-80.025293,40.441333],[-80.025756,40.441394],[-80.026053,40.441452],[-80.026241,40.441585],[-80.026351,40.441646],[-80.026446,40.441651],[-80.026531,40.44162],[-80.026847,40.441425],[-80.027301,40.441029],[-80.027362,40.440958],[-80.027414,40.440908],[-80.027559,40.440832],[-80.027714,40.4408],[-80.027827,40.440742],[-80.027936,40.440679],[-80.02799,40.440686],[-80.028031,40.44071],[-80.028082,40.440739],[-80.02816,40.440775],[-80.028251,40.440797],[-80.028382,40.440819],[-80.028467,40.440833],[-80.028565,40.440836],[-80.02864,40.440832],[-80.028699,40.440814],[-80.028748,40.440783],[-80.028834,40.44071],[-80.028935,40.440605],[-80.029299,40.440276],[-80.029697,40.439845],[-80.029904,40.439637],[-80.03025,40.439342],[-80.030663,40.439062],[-80.030996,40.438838],[-80.031199,40.438657],[-80.031228,40.438544],[-80.031093,40.438478],[-80.030736,40.438416],[-80.030527,40.438427],[-80.030167,40.438424],[-80.029754,40.438403],[-80.02958,40.438392],[-80.029517,40.438342],[-80.029497,40.438306],[-80.0295,40.438266],[-80.029687,40.438197],[-80.029762,40.438152],[-80.029797,40.438076],[-80.029876,40.438031],[-80.030008,40.43801],[-80.030111,40.437953],[-80.030245,40.437867],[-80.030335,40.437728],[-80.030453,40.437548],[-80.030589,40.437389],[-80.030756,40.437255],[-80.031048,40.437061],[-80.031291,40.436948],[-80.031521,40.436819],[-80.03168,40.436723],[-80.031711,40.436679],[-80.031717,40.436621],[-80.031681,40.436512],[-80.031641,40.436428],[-80.031497,40.436344],[-80.031256,40.436249],[-80.030333,40.4359],[-80.029737,40.435641],[-80.029395,40.435503],[-80.029066,40.435396],[-80.028846,40.435328],[-80.02858,40.435326],[-80.028316,40.435368],[-80.028158,40.435458],[-80.02802,40.435584],[-80.027901,40.435709],[-80.027801,40.435842],[-80.027721,40.436003],[-80.027612,40.436136],[-80.027501,40.436239],[-80.027382,40.43635],[-80.027165,40.436456],[-80.027005,40.436496],[-80.026818,40.436565],[-80.026586,40.436714],[-80.026437,40.436804],[-80.026336,40.436908],[-80.026236,40.437026],[-80.0262,40.437077],[-80.026145,40.437143],[-80.026089,40.437188],[-80.025894,40.437301],[-80.025444,40.437454],[-80.025152,40.437504],[-80.025009,40.437485],[-80.02494,40.437406],[-80.024974,40.437304],[-80.025229,40.436995],[-80.025388,40.436636],[-80.025615,40.436349],[-80.025787,40.436099],[-80.025932,40.435908],[-80.025993,40.435733],[-80.025992,40.435435],[-80.026001,40.435116],[-80.026005,40.434826],[-80.026044,40.434579],[-80.026004,40.434239],[-80.025891,40.433973],[-80.025883,40.433748],[-80.025901,40.433436],[-80.026031,40.433078],[-80.026053,40.432882],[-80.026034,40.432817],[-80.025952,40.432768],[-80.025778,40.432793],[-80.025602,40.432942],[-80.025367,40.433142],[-80.025113,40.433325],[-80.024822,40.433573],[-80.024567,40.433868],[-80.024414,40.434125],[-80.024202,40.434289],[-80.024044,40.434401],[-80.023932,40.434446],[-80.023756,40.434566],[-80.023544,40.434751],[-80.023369,40.4349],[-80.023288,40.435039],[-80.023188,40.435157],[-80.02303,40.435262],[-80.022879,40.435279],[-80.022688,40.435261],[-80.022582,40.435205],[-80.022493,40.435091],[-80.022506,40.434924],[-80.022585,40.434727],[-80.022655,40.434551],[-80.022703,40.434297],[-80.022824,40.433932],[-80.022892,40.433691],[-80.022912,40.433459],[-80.022944,40.433001],[-80.022951,40.432631],[-80.02284,40.432314],[-80.022781,40.431968],[-80.022618,40.431623],[-80.022526,40.431436],[-80.022418,40.431308],[-80.022261,40.431173],[-80.022067,40.431046],[-80.021875,40.430905],[-80.021727,40.430806],[-80.021658,40.430714],[-80.021548,40.430556],[-80.021467,40.430406],[-80.021437,40.430268],[-80.021374,40.430092],[-80.021302,40.429923],[-80.021316,40.429778],[-80.021359,40.429639],[-80.021363,40.429501],[-80.021312,40.429394],[-80.021184,40.429237],[-80.021019,40.429131],[-80.020914,40.429119],[-80.020819,40.429113],[-80.02066,40.42916],[-80.020568,40.429241],[-80.020466,40.429338],[-80.020326,40.429384],[-80.020166,40.429438],[-80.020006,40.42947],[-80.019817,40.429488],[-80.019638,40.429513],[-80.019526,40.429566],[-80.019405,40.429634],[-80.019304,40.429745],[-80.01925,40.429833],[-80.019205,40.429892],[-80.019085,40.429996],[-80.018964,40.43007],[-80.018861,40.430102],[-80.018709,40.43009],[-80.01865,40.430026],[-80.018609,40.429932],[-80.01859,40.429382],[-80.018695,40.429104],[-80.018844,40.428753],[-80.018921,40.428512],[-80.019019,40.428308],[-80.019116,40.428103],[-80.019231,40.427839],[-80.019321,40.427707],[-80.019419,40.427589],[-80.01952,40.427493],[-80.019598,40.427404],[-80.019605,40.427324],[-80.019546,40.427264],[-80.019492,40.427225],[-80.019388,40.42722],[-80.018596,40.427232],[-80.018408,40.427283],[-80.018034,40.427442],[-80.017727,40.427597],[-80.017283,40.427954],[-80.016962,40.428272],[-80.016325,40.42893],[-80.015931,40.429343],[-80.015758,40.429543],[-80.015553,40.429663],[-80.015244,40.429777],[-80.015009,40.429847],[-80.014776,40.429968],[-80.014581,40.43008],[-80.014422,40.430228],[-80.014253,40.430395],[-80.014161,40.430495],[-80.014108,40.430597],[-80.014077,40.43067],[-80.013999,40.430752],[-80.013925,40.430797],[-80.01383,40.430802],[-80.013729,40.43076],[-80.013614,40.430723],[-80.01348,40.4307],[-80.013414,40.430687],[-80.013076,40.430668],[-80.012811,40.430688],[-80.012641,40.430684],[-80.012652,40.430608],[-80.012804,40.430467],[-80.013196,40.430129],[-80.013504,40.429844],[-80.013831,40.429569],[-80.014087,40.429285],[-80.014371,40.428982],[-80.014612,40.428521],[-80.014994,40.428057],[-80.01526,40.427493],[-80.015465,40.427112],[-80.015687,40.426723],[-80.015863,40.42647],[-80.016043,40.426303],[-80.016222,40.426147],[-80.016462,40.42594],[-80.016551,40.425786],[-80.016585,40.425662],[-80.016552,40.42551],[-80.016395,40.425376],[-80.016153,40.425228],[-80.015825,40.425053],[-80.015621,40.424905],[-80.015407,40.424735],[-80.015316,40.42457],[-80.015256,40.424477],[-80.015213,40.42434],[-80.015142,40.424204],[-80.015006,40.42409],[-80.014862,40.423981],[-80.014786,40.423964],[-80.01471,40.423969],[-80.014631,40.424],[-80.014499,40.42405],[-80.014382,40.424088],[-80.014213,40.42412],[-80.014077,40.424167],[-80.01397,40.424227],[-80.013881,40.424283],[-80.013793,40.424328],[-80.013695,40.424374],[-80.013529,40.424391],[-80.013354,40.424384],[-80.013176,40.424304],[-80.012976,40.424134],[-80.012787,40.424014],[-80.012538,40.423939],[-80.01228,40.423901],[-80.012127,40.42386],[-80.011983,40.423791],[-80.011903,40.423669],[-80.012049,40.423521],[-80.012244,40.423394],[-80.012429,40.423246],[-80.012664,40.423183],[-80.012804,40.423129],[-80.012896,40.423048],[-80.013036,40.422973],[-80.013225,40.422947],[-80.013366,40.422908],[-80.013569,40.422737],[-80.013741,40.422495],[-80.01384,40.422341],[-80.013855,40.422224]]]}},
{"type":"Feature","properties":{},"geometry":{"type":"Polygon","coordinates":[[[-79.949444,40.442627],[-79.949312,40.442801],[-79.94924,40.443092],[-79.949162,40.443344],[-79.949072,40.443497],[-79.948912,40.443626],[-79.948337,40.443973],[-79.948192,40.444015],[-79.948057,40.444097],[-79.947939,40.444178],[-79.947793,40.444207],[-79.94768,40.44417],[-79.947661,40.444117],[-79.9477,40.443991],[-79.947916,40.443737],[-79.948698,40.443148],[-79.948925,40.442696],[-79.948966,40.442353],[-79.949151,40.44196],[-79.949271,40.441668],[-79.949402,40.441448],[-79.949514,40.441176],[-79.949623,40.440976],[-79.949807,40.440775],[-79.950086,40.440604],[-79.950436,40.440525],[-79.950738,40.440533],[-79.951075,40.440553],[-79.951291,40.440549],[-79.951505,40.440498],[-79.951735,40.440428],[-79.951853,40.440347],[-79.951902,40.440267],[-79.951883,40.440188],[-79.951758,40.440078],[-79.951636,40.440015],[-79.951471,40.439978],[-79.951392,40.439947],[-79.951311,40.43985],[-79.951195,40.439733],[-79.951045,40.439624],[-79.950939,40.439553],[-79.950888,40.439436],[-79.950877,40.439087],[-79.950876,40.438546],[-79.950835,40.438349],[-79.950752,40.43816],[-79.950617,40.437991],[-79.95044,40.437849],[-79.950184,40.437545],[-79.950075,40.437362],[-79.950033,40.437152],[-79.950062,40.436967],[-79.95019,40.436674],[-79.950404,40.436374],[-79.950586,40.436127],[-79.95074,40.435959],[-79.950771,40.435859],[-79.950729,40.435616],[-79.950669,40.435354],[-79.950627,40.43486],[-79.950742,40.43443],[-79.950853,40.434144],[-79.951034,40.433726],[-79.951071,40.43354],[-79.950989,40.433404],[-79.950939,40.43293],[-79.951017,40.431366],[-79.951023,40.431024],[-79.951036,40.430892],[-79.950908,40.43067],[-79.950655,40.430306],[-79.950472,40.42998],[-79.950387,40.429507],[-79.950223,40.42922],[-79.950024,40.428947],[-79.949929,40.428685],[-79.949912,40.428409],[-79.949988,40.428104],[-79.950209,40.427731],[-79.950491,40.427396],[-79.951017,40.427135],[-79.952448,40.42662],[-79.952928,40.426532],[-79.953445,40.426535],[-79.953881,40.426685],[-79.954268,40.426902],[-79.954829,40.427531],[-79.955876,40.428469],[-79.95678,40.429437],[-79.957405,40.430244],[-79.957667,40.430878],[-79.957794,40.431153],[-79.957948,40.431414],[-79.957989,40.431559],[-79.957978,40.432073],[-79.958355,40.432753],[-79.958332,40.433454],[-79.958319,40.433545],[-79.958237,40.433661],[-79.958095,40.433757],[-79.957935,40.433865],[-79.957819,40.433947],[-79.957698,40.434119],[-79.957468,40.43446],[-79.957451,40.43462],[-79.957728,40.434622],[-79.958387,40.434082],[-79.959062,40.433482],[-79.959302,40.433193],[-79.95942,40.432785],[-79.959416,40.432587],[-79.959498,40.432464],[-79.959658,40.432346],[-79.959788,40.432309],[-79.959921,40.432343],[-79.964218,40.43413],[-79.965463,40.434713],[-79.966021,40.43493],[-79.966163,40.435063],[-79.966272,40.435208],[-79.966409,40.435372],[-79.96659,40.435489],[-79.966782,40.435548],[-79.96719,40.435604],[-79.968044,40.435657],[-79.968899,40.435698],[-79.969514,40.435768],[-79.970165,40.435926],[-79.970831,40.436027],[-79.971987,40.436178],[-79.972372,40.436197],[-79.972959,40.436176],[-79.973494,40.436138],[-79.973832,40.436112],[-79.975797,40.435942],[-79.979854,40.435493],[-79.984029,40.434982],[-79.986845,40.434791],[-79.988585,40.434651],[-79.98969,40.434556],[-79.990456,40.434508],[-79.991643,40.434518],[-79.99244,40.434629],[-79.993204,40.434915],[-79.993881,40.435208],[-79.994174,40.435476],[-79.994564,40.435792],[-79.994891,40.436062],[-79.994964,40.436144],[-79.994932,40.436232],[-79.994809,40.436207],[-79.994464,40.436077],[-79.994281,40.435947],[-79.99416,40.43586],[-79.994003,40.435796],[-79.992783,40.435433],[-79.992124,40.435232],[-79.990522,40.435043],[-79.989169,40.435023],[-79.98826,40.435107],[-79.987006,40.435175],[-79.986274,40.435259],[-79.982342,40.435715],[-79.976666,40.436338],[-79.973643,40.436703],[-79.972823,40.436719],[-79.972364,40.436674],[-79.971241,40.436503],[-79.970249,40.436302],[-79.969201,40.436115],[-79.968502,40.436095],[-79.967805,40.436128],[-79.967082,40.436149],[-79.966681,40.436163],[-79.966169,40.43623],[-79.965881,40.436242],[-79.965762,40.436344],[-79.965557,40.436475],[-79.965332,40.436529],[-79.965223,40.436528],[-79.965091,40.436474],[-79.964947,40.436363],[-79.964848,40.436262],[-79.964764,40.43609],[-79.964763,40.435933],[-79.96477,40.43573],[-79.964787,40.43559],[-79.964839,40.435459],[-79.964925,40.435344],[-79.964903,40.435074],[-79.964822,40.434999],[-79.96435,40.434771],[-79.963295,40.434244],[-79.962319,40.433763],[-79.961143,40.433279],[-79.960956,40.433159],[-79.960607,40.433012],[-79.960431,40.432856],[-79.960353,40.43285],[-79.960278,40.432877],[-79.960096,40.433118],[-79.960057,40.433224],[-79.960047,40.433461],[-79.959944,40.433727],[-79.959504,40.434256],[-79.959231,40.434485],[-79.959028,40.434595],[-79.958705,40.434719],[-79.958543,40.434795],[-79.958417,40.434883],[-79.958266,40.435011],[-79.958074,40.435213],[-79.95793,40.435281],[-79.957809,40.435277],[-79.957531,40.435223],[-79.957261,40.435123],[-79.957062,40.435113],[-79.956856,40.43513],[-79.956744,40.435126],[-79.956691,40.435087],[-79.956671,40.435028],[-79.956669,40.434963],[-79.956693,40.434903],[-79.956718,40.434876],[-79.956589,40.434872],[-79.956468,40.434861],[-79.956355,40.434837],[-79.956301,40.434765],[-79.956262,40.434641],[-79.956335,40.434494],[-79.956467,40.434314],[-79.95667,40.434185],[-79.956972,40.433929],[-79.957231,40.433686],[-79.957447,40.433438],[-79.957535,40.433226],[-79.957569,40.432948],[-79.957521,40.432811],[-79.957389,40.432715],[-79.957224,40.432678],[-79.957077,40.432661],[-79.956981,40.432624],[-79.95691,40.432559],[-79.95686,40.432375],[-79.956866,40.432145],[-79.956962,40.431912],[-79.956975,40.431787],[-79.956936,40.431662],[-79.956783,40.431454],[-79.956625,40.431378],[-79.956446,40.431157],[-79.956362,40.430981],[-79.95633,40.430797],[-79.956365,40.430546],[-79.956352,40.430408],[-79.956301,40.430303],[-79.95616,40.430194],[-79.955922,40.430047],[-79.955784,40.430037],[-79.955654,40.430006],[-79.955539,40.429923],[-79.955432,40.429806],[-79.955367,40.429662],[-79.955317,40.429472],[-79.95527,40.429361],[-79.955155,40.429244],[-79.954808,40.428941],[-79.954458,40.428757],[-79.954156,40.428486],[-79.95398,40.428259],[-79.953846,40.428123],[-79.953591,40.427969],[-79.953416,40.427887],[-79.953199,40.427845],[-79.952974,40.42781],[-79.952827,40.427799],[-79.952612,40.42781],[-79.952287,40.427882],[-79.952107,40.427932],[-79.951944,40.427928],[-79.951735,40.427886],[-79.951536,40.42787],[-79.9514,40.427899],[-79.951203,40.427956],[-79.951067,40.428017],[-79.950983,40.428072],[-79.950908,40.428159],[-79.950878,40.428298],[-79.950945,40.428507],[-79.951059,40.428822],[-79.951102,40.429084],[-79.951097,40.429197],[-79.951171,40.429347],[-79.951269,40.42945],[-79.951392,40.429507],[-79.951505,40.429558],[-79.951718,40.429725],[-79.951797,40.429783],[-79.951791,40.429842],[-79.951801,40.429902],[-79.951864,40.429966],[-79.95205,40.430121],[-79.952222,40.430256],[-79.952311,40.430327],[-79.952365,40.430418],[-79.952377,40.430523],[-79.952382,40.430648],[-79.952317,40.430781],[-79.952075,40.431023],[-79.951924,40.431165],[-79.951791,40.431299],[-79.951793,40.431378],[-79.951883,40.431495],[-79.952016,40.431585],[-79.952039,40.432026],[-79.952091,40.43244],[-79.952051,40.432553],[-79.951899,40.432648],[-79.951764,40.43273],[-79.951706,40.43281],[-79.951692,40.432909],[-79.951748,40.433033],[-79.951907,40.433406],[-79.951912,40.433564],[-79.951856,40.433684],[-79.951814,40.434001],[-79.95178,40.434397],[-79.951712,40.434714],[-79.95157,40.435106],[-79.951559,40.435561],[-79.951542,40.435963],[-79.951512,40.436096],[-79.951357,40.436356],[-79.951089,40.436605],[-79.950872,40.43682],[-79.950672,40.437034],[-79.950624,40.437147],[-79.950705,40.437258],[-79.95084,40.43744],[-79.951087,40.437613],[-79.951373,40.437792],[-79.951566,40.437887],[-79.951647,40.438004],[-79.951713,40.438168],[-79.951719,40.438609],[-79.951768,40.4388],[-79.952185,40.439405],[-79.952282,40.4396],[-79.952345,40.439698],[-79.952478,40.439814],[-79.952681,40.439949],[-79.952888,40.439958],[-79.953493,40.44025],[-79.953512,40.440309],[-79.953506,40.440394],[-79.953407,40.440521],[-79.953281,40.440636],[-79.953118,40.440672],[-79.952852,40.440697],[-79.952637,40.440721],[-79.952414,40.440764],[-79.952219,40.440847],[-79.952058,40.440943],[-79.95194,40.441011],[-79.951812,40.441066],[-79.95158,40.441097],[-79.951373,40.441087],[-79.951218,40.441084],[-79.95113,40.441039],[-79.951001,40.441042],[-79.950735,40.441093],[-79.950455,40.441224],[-79.950114,40.441599],[-79.949951,40.44178],[-79.949775,40.441929],[-79.949613,40.442255],[-79.949444,40.442627]]]}},
{"type":"Feature","properties":{},"geometry":{"type":"Polygon","coordinates":[[[-79.944805,40.438829],[-79.944375,40.439079],[-79.944073,40.439304],[-79.943865,40.439505],[-79.943731,40.439601],[-79.943531,40.439632],[-79.943438,40.439629],[-79.943372,40.439591],[-79.943262,40.439522],[-79.943237,40.439413],[-79.943315,40.439165],[-79.943622,40.438676],[-79.943652,40.438472],[-79.943816,40.438244],[-79.944109,40.437959],[-79.944339,40.437751],[-79.944464,40.437623],[-79.944538,40.43749],[-79.944526,40.437342],[-79.944471,40.437184],[-79.944328,40.436978],[-79.944072,40.43678],[-79.943923,40.436706],[-79.943759,40.436657],[-79.943601,40.436627],[-79.943404,40.436661],[-79.943113,40.436749],[-79.942832,40.436833],[-79.942644,40.436908],[-79.942493,40.436991],[-79.942226,40.437177],[-79.942087,40.43721],[-79.941928,40.437185],[-79.941834,40.437143],[-79.941749,40.436969],[-79.941732,40.436679],[-79.941678,40.436543],[-79.9415,40.436387],[-79.941221,40.436184],[-79.941017,40.436083],[-79.940857,40.436037],[-79.940635,40.436047],[-79.940371,40.436096],[-79.940206,40.436099],[-79.940094,40.436073],[-79.940021,40.436025],[-79.939982,40.435949],[-79.939992,40.435806],[-79.940016,40.435663],[-79.939999,40.435581],[-79.939904,40.435528],[-79.939765,40.435449],[-79.939535,40.435425],[-79.939305,40.435424],[-79.939038,40.435391],[-79.938674,40.435217],[-79.938311,40.435103],[-79.937933,40.43494],[-79.937427,40.434741],[-79.937304,40.434705],[-79.937082,40.434704],[-79.936895,40.434713],[-79.936783,40.434797],[-79.936694,40.434931],[-79.93659,40.435048],[-79.936505,40.435071],[-79.936333,40.435075],[-79.936087,40.435008],[-79.935919,40.43494],[-79.935824,40.43487],[-79.935741,40.434746],[-79.935694,40.434637],[-79.935583,40.43454],[-79.935407,40.434423],[-79.935182,40.434334],[-79.934943,40.434283],[-79.934812,40.434253],[-79.934693,40.434247],[-79.93456,40.434249],[-79.934438,40.43426],[-79.934317,40.43427],[-79.934231,40.434272],[-79.934137,40.434244],[-79.934056,40.434199],[-79.934028,40.434109],[-79.934081,40.433976],[-79.934208,40.433795],[-79.934476,40.433546],[-79.93472,40.433412],[-79.934884,40.433376],[-79.93525,40.433375],[-79.935554,40.433451],[-79.935805,40.433474],[-79.936024,40.433563],[-79.936175,40.433582],[-79.936234,40.433642],[-79.936364,40.433661],[-79.936433,40.433583],[-79.936553,40.433509],[-79.936653,40.433491],[-79.936797,40.433494],[-79.936883,40.433498],[-79.936971,40.433545],[-79.937087,40.433609],[-79.93722,40.43367],[-79.937647,40.433777],[-79.938008,40.433825],[-79.938376,40.433878],[-79.938622,40.433945],[-79.938971,40.434086],[-79.939275,40.434179],[-79.939584,40.43419],[-79.940268,40.434237],[-79.940614,40.434275],[-79.941915,40.434563],[-79.942233,40.434645],[-79.94265,40.434648],[-79.943237,40.434615],[-79.943683,40.43465],[-79.94418,40.434904],[-79.944414,40.435031],[-79.945379,40.435583],[-79.945817,40.435806],[-79.946334,40.436026],[-79.946548,40.435989],[-79.946891,40.435939],[-79.94729,40.435865],[-79.947736,40.435879],[-79.947967,40.435929],[-79.94814,40.435948],[-79.948312,40.435934],[-79.948509,40.435831],[-79.948693,40.435729],[-79.948888,40.435539],[-79.948908,40.435297],[-79.948861,40.435155],[-79.948743,40.43507],[-79.948663,40.434808],[-79.948559,40.434722],[-79.948234,40.434756],[-79.948049,40.434803],[-79.947713,40.434848],[-79.947441,40.43488],[-79.947023,40.434833],[-79.946663,40.43478],[-79.946388,40.434708],[-79.94624,40.43459],[-79.946051,40.434512],[-79.945821,40.434494],[-79.945599,40.434504],[-79.94551,40.434434],[-79.94534,40.434267],[-79.945371,40.434113],[-79.94559,40.434016],[-79.946111,40.43394],[-79.946462,40.433917],[-79.946619,40.433875],[-79.946759,40.433768],[-79.946806,40.433669],[-79.946738,40.433549],[-79.946336,40.433228],[-79.94591,40.43294],[-79.945631,40.432736],[-79.945527,40.432623],[-79.94553,40.432513],[-79.945538,40.432305],[-79.94565,40.432237],[-79.946326,40.432251],[-79.947101,40.432264],[-79.947352,40.432254],[-79.94745,40.432175],[-79.947476,40.432081],[-79.947423,40.432],[-79.947281,40.431844],[-79.947296,40.431734],[-79.947364,40.431633],[-79.94735,40.431409],[-79.947395,40.431271],[-79.947461,40.431066],[-79.947636,40.431052],[-79.947909,40.431069],[-79.947912,40.430948],[-79.947863,40.430763],[-79.947749,40.430567],[-79.947562,40.430554],[-79.947458,40.430452],[-79.947186,40.430013],[-79.947154,40.429904],[-79.947124,40.429449],[-79.946909,40.429447],[-79.946501,40.429477],[-79.946197,40.429631],[-79.945963,40.429723],[-79.94583,40.429814],[-79.945692,40.429981],[-79.945551,40.430077],[-79.945206,40.430226],[-79.944785,40.430393],[-79.944425,40.430584],[-79.944127,40.430787],[-79.943895,40.430959],[-79.943484,40.431285],[-79.943194,40.431512],[-79.942947,40.431654],[-79.942407,40.431931],[-79.942188,40.432023],[-79.941781,40.432327],[-79.941409,40.432564],[-79.941154,40.43269],[-79.940906,40.43273],[-79.940636,40.432826],[-79.94053,40.432852],[-79.940114,40.43286],[-79.939443,40.432876],[-79.938886,40.432916],[-79.938703,40.432906],[-79.938501,40.432863],[-79.938376,40.432786],[-79.938266,40.432706],[-79.938249,40.432416],[-79.938611,40.432162],[-79.938875,40.432009],[-79.939136,40.431814],[-79.939429,40.431551],[-79.939445,40.431391],[-79.939425,40.431211],[-79.939414,40.431107],[-79.939326,40.431026],[-79.939062,40.430872],[-79.938661,40.430677],[-79.938001,40.430338],[-79.937656,40.430114],[-79.93737,40.429922],[-79.937164,40.429778],[-79.936979,40.429715],[-79.936843,40.429729],[-79.936731,40.429802],[-79.936671,40.429963],[-79.936656,40.430144],[-79.936594,40.430227],[-79.936473,40.430268],[-79.936237,40.430305],[-79.936035,40.430243],[-79.935645,40.430179],[-79.935321,40.430153],[-79.934892,40.430194],[-79.934485,40.430273],[-79.934141,40.430378],[-79.933984,40.430436],[-79.933776,40.43044],[-79.933561,40.430427],[-79.93341,40.430425],[-79.933252,40.430433],[-79.933045,40.43047],[-79.932935,40.430384],[-79.932845,40.430271],[-79.932764,40.430212],[-79.932707,40.430224],[-79.932644,40.430258],[-79.932301,40.430325],[-79.9321,40.430323],[-79.93185,40.430251],[-79.931442,40.430259],[-79.931264,40.430328],[-79.930806,40.430353],[-79.930582,40.430297],[-79.930313,40.430198],[-79.930095,40.430125],[-79.929827,40.430059],[-79.929502,40.429972],[-79.929277,40.429905],[-79.929096,40.429749],[-79.928868,40.429583],[-79.928665,40.42951],[-79.928282,40.429419],[-79.927927,40.429321],[-79.927728,40.429171],[-79.927611,40.429086],[-79.927509,40.429049],[-79.927409,40.429056],[-79.927246,40.42912],[-79.926988,40.429152],[-79.926595,40.429204],[-79.926273,40.429237],[-79.925993,40.429209],[-79.925868,40.429129],[-79.925857,40.42902],[-79.926029,40.428989],[-79.926206,40.42892],[-79.926491,40.428876],[-79.926712,40.428828],[-79.926839,40.42876],[-79.927003,40.428707],[-79.927297,40.428696],[-79.92778,40.428786],[-79.929228,40.42917],[-79.930294,40.429507],[-79.930825,40.429672],[-79.931147,40.42976],[-79.931342,40.429794],[-79.931623,40.429806],[-79.931822,40.429774],[-79.932157,40.429702],[-79.93255,40.429629],[-79.932871,40.429584],[-79.93328,40.42956],[-79.933825,40.42955],[-79.934137,40.42956],[-79.934421,40.429445],[-79.934562,40.429371],[-79.93479,40.429334],[-79.93517,40.429305],[-79.935463,40.429272],[-79.935648,40.429225],[-79.935825,40.42915],[-79.936022,40.429042],[-79.936215,40.428907],[-79.936579,40.428817],[-79.936893,40.428779],[-79.937287,40.428749],[-79.937783,40.428767],[-79.938297,40.428911],[-79.938746,40.42904],[-79.939133,40.429252],[-79.939651,40.429604],[-79.939922,40.429769],[-79.940314,40.429915],[-79.940679,40.43009],[-79.941074,40.430324],[-79.941226,40.430469],[-79.941271,40.430534],[-79.941299,40.430747],[-79.941342,40.430725],[-79.941627,40.430456],[-79.941872,40.43027],[-79.942474,40.430017],[-79.943055,40.429776],[-79.943342,40.429682],[-79.943541,40.429618],[-79.94378,40.429466],[-79.944033,40.429291],[-79.944609,40.428901],[-79.945202,40.428588],[-79.945909,40.428262],[-79.946275,40.428156],[-79.946769,40.428125],[-79.947286,40.428142],[-79.947825,40.428368],[-79.948413,40.428587],[-79.948677,40.428747],[-79.948929,40.429006],[-79.949168,40.4295],[-79.949354,40.429826],[-79.949395,40.429984],[-79.949562,40.430256],[-79.949617,40.430496],[-79.949668,40.430956],[-79.949691,40.431444],[-79.949653,40.431604],[-79.949577,40.431715],[-79.949573,40.432017],[-79.949633,40.432323],[-79.949702,40.432662],[-79.9497,40.432942],[-79.949613,40.433146],[-79.949518,40.433296],[-79.949295,40.433498],[-79.949104,40.4336],[-79.948882,40.43361],[-79.94889,40.433857],[-79.948926,40.433851],[-79.948974,40.433778],[-79.949114,40.433688],[-79.949242,40.433653],[-79.949429,40.433649],[-79.949574,40.433707],[-79.949671,40.433815],[-79.949652,40.434226],[-79.94962,40.434353],[-79.949571,40.434607],[-79.949484,40.435003],[-79.949419,40.435208],[-79.949391,40.435471],[-79.949397,40.435872],[-79.949364,40.436076],[-79.949191,40.43626],[-79.948972,40.436363],[-79.94868,40.436445],[-79.948504,40.436531],[-79.948282,40.436568],[-79.947916,40.43657],[-79.947689,40.436645],[-79.947353,40.436685],[-79.947032,40.436751],[-79.946609,40.43677],[-79.946286,40.436776],[-79.946065,40.436687],[-79.945613,40.436493],[-79.945071,40.436152],[-79.944626,40.435924],[-79.944326,40.43576],[-79.944131,40.435736],[-79.943672,40.435734],[-79.943417,40.435717],[-79.943432,40.435749],[-79.943614,40.435828],[-79.943847,40.435928],[-79.944202,40.436037],[-79.944595,40.436205],[-79.944853,40.436408],[-79.945256,40.436642],[-79.945592,40.436822],[-79.945766,40.436885],[-79.945891,40.436987],[-79.946189,40.4372],[-79.946347,40.437439],[-79.946399,40.437487],[-79.946432,40.437399],[-79.946571,40.437237],[-79.946768,40.437135],[-79.947047,40.437113],[-79.947235,40.437131],[-79.947403,40.437227],[-79.94749,40.437264],[-79.947532,40.43723],[-79.947732,40.437182],[-79.94814,40.437163],[-79.948607,40.437187],[-79.948907,40.437335],[-79.949269,40.437548],[-79.949503,40.437697],[-79.949639,40.437903],[-79.949704,40.438127],[-79.949798,40.4388],[-79.949785,40.438959],[-79.94982,40.439162],[-79.949742,40.439399],[-79.949634,40.439615],[-79.949589,40.439984],[-79.949538,40.440188],[-79.949486,40.440348],[-79.949328,40.440576],[-79.948794,40.44125],[-79.948283,40.44172],[-79.947937,40.442122],[-79.947701,40.442357],[-79.947577,40.442513],[-79.947525,40.442668],[-79.947443,40.442801],[-79.947301,40.442869],[-79.947176,40.442992],[-79.947022,40.443116],[-79.94681,40.443208],[-79.946695,40.443199],[-79.946592,40.443135],[-79.946488,40.443027],[-79.946584,40.442894],[-79.946906,40.442635],[-79.947157,40.442411],[-79.947597,40.441799],[-79.948022,40.441188],[-79.948336,40.440792],[-79.948726,40.440428],[-79.948912,40.440188],[-79.948984,40.439979],[-79.948982,40.439704],[-79.949021,40.439572],[-79.94922,40.439299],[-79.94919,40.439025],[-79.949253,40.438783],[-79.94929,40.438585],[-79.949241,40.438399],[-79.949031,40.438129],[-79.948793,40.43787],[-79.948543,40.437688],[-79.948278,40.437589],[-79.948077,40.437593],[-79.947884,40.437618],[-79.947749,40.437659],[-79.947563,40.437668],[-79.947441,40.43767],[-79.947334,40.4377],[-79.947235,40.437757],[-79.947116,40.437825],[-79.947053,40.437892],[-79.946963,40.437987],[-79.946842,40.438231],[-79.946702,40.438343],[-79.946532,40.438429],[-79.946325,40.438449],[-79.945727,40.438625],[-79.945135,40.438735],[-79.944805,40.438829]]]}},
{"type":"Feature","properties":{},"geometry":{"type":"Polygon","coordinates":[[[-79.902348,40.44365],[-79.902292,40.443375],[-79.902226,40.443038],[-79.902233,40.442801],[-79.902237,40.442622],[-79.902177,40.442454],[-79.901989,40.441978],[-79.901922,40.441716],[-79.901697,40.441362],[-79.901455,40.441108],[-79.901292,40.44099],[-79.900989,40.440784],[-79.900846,40.440629],[-79.900822,40.440503],[-79.900873,40.440402],[-79.90098,40.440294],[-79.901109,40.440208],[-79.901473,40.440169],[-79.901795,40.440111],[-79.901836,40.440089],[-79.901821,40.440068],[-79.901732,40.440075],[-79.901149,40.44008],[-79.900955,40.440037],[-79.900764,40.439898],[-79.900641,40.4397],[-79.900564,40.439459],[-79.900503,40.439265],[-79.900258,40.438927],[-79.900039,40.438673],[-79.899438,40.437988],[-79.899306,40.437737],[-79.899254,40.437412],[-79.899302,40.437168],[-79.899392,40.436987],[-79.899401,40.43684],[-79.8994,40.436576],[-79.899282,40.435914],[-79.899278,40.435355],[-79.899317,40.434828],[-79.899487,40.434329],[-79.899831,40.43388],[-79.899958,40.43354],[-79.900103,40.433316],[-79.900294,40.433249],[-79.900486,40.433235],[-79.900777,40.433272],[-79.901293,40.433441],[-79.901683,40.433582],[-79.901752,40.433581],[-79.901694,40.433476],[-79.901411,40.43325],[-79.900588,40.432516],[-79.900514,40.43236],[-79.900574,40.432084],[-79.900652,40.431514],[-79.90068,40.431313],[-79.900696,40.430511],[-79.900772,40.43031],[-79.900867,40.430266],[-79.901071,40.430178],[-79.90118,40.430123],[-79.901192,40.43008],[-79.901134,40.429966],[-79.901089,40.42985],[-79.901113,40.429766],[-79.901194,40.429701],[-79.901356,40.429582],[-79.901543,40.429399],[-79.901718,40.429259],[-79.901794,40.429068],[-79.901778,40.428973],[-79.901898,40.428844],[-79.902156,40.428745],[-79.902497,40.428601],[-79.902751,40.428375],[-79.902968,40.428245],[-79.903159,40.428199],[-79.903213,40.428145],[-79.903266,40.42807],[-79.903414,40.427962],[-79.903509,40.427908],[-79.903825,40.427881],[-79.904087,40.427876],[-79.904364,40.427923],[-79.904518,40.427994],[-79.904796,40.428063],[-79.904963,40.428102],[-79.90524,40.428139],[-79.905448,40.428188],[-79.90556,40.428249],[-79.905725,40.428235],[-79.906127,40.428281],[-79.906477,40.428464],[-79.906715,40.428565],[-79.906655,40.428418],[-79.906608,40.428019],[-79.906696,40.427775],[-79.907,40.427337],[-79.907276,40.42691],[-79.907546,40.426736],[-79.907831,40.426615],[-79.908158,40.426482],[-79.908583,40.42639],[-79.908757,40.426229],[-79.909012,40.426023],[-79.909532,40.425908],[-79.910095,40.425813],[-79.910494,40.425795],[-79.910896,40.425872],[-79.911337,40.425864],[-79.911513,40.425745],[-79.911687,40.425583],[-79.911697,40.425457],[-79.911665,40.425331],[-79.911514,40.424933],[-79.911528,40.42449],[-79.911752,40.423758],[-79.911921,40.423418],[-79.912136,40.423266],[-79.912409,40.423177],[-79.912848,40.423095],[-79.913317,40.423107],[-79.914008,40.423147],[-79.914214,40.423132],[-79.914335,40.423035],[-79.914318,40.42292],[-79.914204,40.422806],[-79.913992,40.422652],[-79.913695,40.422425],[-79.913582,40.422333],[-79.913529,40.422197],[-79.913592,40.422016],[-79.913724,40.421834],[-79.913912,40.421673],[-79.91413,40.421574],[-79.914389,40.421485],[-79.914661,40.421374],[-79.914959,40.4212],[-79.915355,40.421087],[-79.91564,40.420955],[-79.915829,40.420836],[-79.91603,40.420653],[-79.916137,40.420535],[-79.916243,40.420417],[-79.916405,40.420298],[-79.916593,40.420147],[-79.916824,40.420047],[-79.917029,40.419991],[-79.91726,40.41986],[-79.917449,40.419741],[-79.91761,40.419611],[-79.917797,40.419418],[-79.918039,40.419245],[-79.918325,40.419134],[-79.918743,40.419036],[-79.918975,40.418958],[-79.919063,40.418904],[-79.919087,40.418808],[-79.919146,40.418697],[-79.919254,40.418637],[-79.919433,40.418633],[-79.919559,40.418699],[-79.919766,40.418711],[-79.91989,40.418683],[-79.920039,40.418606],[-79.920264,40.418544],[-79.920392,40.418447],[-79.920415,40.418314],[-79.920286,40.418138],[-79.920069,40.41782],[-79.920082,40.417604],[-79.920149,40.417518],[-79.920283,40.417426],[-79.920357,40.417361],[-79.920348,40.417293],[-79.920333,40.417146],[-79.920357,40.417035],[-79.920456,40.41689],[-79.920703,40.416643],[-79.920836,40.416488],[-79.920852,40.416361],[-79.920881,40.416171],[-79.921017,40.415789],[-79.921144,40.41546],[-79.921344,40.415255],[-79.921595,40.41514],[-79.921882,40.41505],[-79.922261,40.415033],[-79.922692,40.415156],[-79.923452,40.415411],[-79.924097,40.415762],[-79.924576,40.416072],[-79.92488,40.416277],[-79.925165,40.416562],[-79.925446,40.416931],[-79.925598,40.417255],[-79.925653,40.417465],[-79.92567,40.417889],[-79.925713,40.418116],[-79.925669,40.418221],[-79.925567,40.41829],[-79.925463,40.418274],[-79.92537,40.418141],[-79.925326,40.418013],[-79.925267,40.417923],[-79.925112,40.417809],[-79.92485,40.417613],[-79.92456,40.417325],[-79.924212,40.41694],[-79.924049,40.416839],[-79.923592,40.416536],[-79.923185,40.416311],[-79.923096,40.416282],[-79.923008,40.416284],[-79.922921,40.416328],[-79.922887,40.416494],[-79.922872,40.416782],[-79.922895,40.416983],[-79.923076,40.417169],[-79.923267,40.41738],[-79.923459,40.417614],[-79.923431,40.417737],[-79.923154,40.418091],[-79.922928,40.418389],[-79.922797,40.419057],[-79.922853,40.419307],[-79.92293,40.419709],[-79.922911,40.420088],[-79.922745,40.420391],[-79.922283,40.420693],[-79.921933,40.420755],[-79.921605,40.420743],[-79.921354,40.420668],[-79.921064,40.420594],[-79.920876,40.420457],[-79.920739,40.420423],[-79.920595,40.420438],[-79.920454,40.42052],[-79.920313,40.420608],[-79.920188,40.420708],[-79.920014,40.420754],[-79.919675,40.420797],[-79.919343,40.420889],[-79.918278,40.421092],[-79.917856,40.421167],[-79.917706,40.421213],[-79.917415,40.421371],[-79.91717,40.421443],[-79.916901,40.421546],[-79.916518,40.421694],[-79.915891,40.421822],[-79.915312,40.421973],[-79.915116,40.422093],[-79.915055,40.422204],[-79.915044,40.422345],[-79.915283,40.422677],[-79.91541,40.422913],[-79.9153,40.423465],[-79.914464,40.424086],[-79.914173,40.424238],[-79.913991,40.42429],[-79.913652,40.424245],[-79.913116,40.424185],[-79.912886,40.424308],[-79.912693,40.424526],[-79.912567,40.424815],[-79.912533,40.425005],[-79.912782,40.425417],[-79.913178,40.426039],[-79.913768,40.426737],[-79.913847,40.42698],[-79.913951,40.42721],[-79.914067,40.42733],[-79.914036,40.427374],[-79.913949,40.427406],[-79.913846,40.42742],[-79.913776,40.427489],[-79.913673,40.427533],[-79.913584,40.427498],[-79.913236,40.427224],[-79.912919,40.427089],[-79.912143,40.426828],[-79.911601,40.426625],[-79.91143,40.426536],[-79.911088,40.426567],[-79.910954,40.426637],[-79.910594,40.426625],[-79.910211,40.426651],[-79.909967,40.426777],[-79.909635,40.42701],[-79.90904,40.42718],[-79.908868,40.427281],[-79.908815,40.427386],[-79.90878,40.427539],[-79.908718,40.427846],[-79.908645,40.428055],[-79.908656,40.428171],[-79.90882,40.428303],[-79.909158,40.428474],[-79.909821,40.428963],[-79.910183,40.429274],[-79.91017,40.429372],[-79.910069,40.429459],[-79.909823,40.429531],[-79.909379,40.429655],[-79.909208,40.429793],[-79.909017,40.429827],[-79.908589,40.429951],[-79.908065,40.430065],[-79.907599,40.430117],[-79.907337,40.430183],[-79.90705,40.430212],[-79.906771,40.430224],[-79.906539,40.43021],[-79.906356,40.43025],[-79.906158,40.430315],[-79.905922,40.430423],[-79.905739,40.430463],[-79.905531,40.430449],[-79.905363,40.430446],[-79.905244,40.430485],[-79.905025,40.430623],[-79.904774,40.430781],[-79.904426,40.430916],[-79.904229,40.431011],[-79.904075,40.431191],[-79.903974,40.431395],[-79.903822,40.431666],[-79.903489,40.431991],[-79.903216,40.432222],[-79.902986,40.432513],[-79.902875,40.432791],[-79.902971,40.433168],[-79.903064,40.433319],[-79.903172,40.433458],[-79.903319,40.433571],[-79.903539,40.433683],[-79.90383,40.433788],[-79.904089,40.433881],[-79.904396,40.433967],[-79.904669,40.434023],[-79.90491,40.434055],[-79.905198,40.434062],[-79.905662,40.434047],[-79.905837,40.434013],[-79.905997,40.434034],[-79.906272,40.434139],[-79.906384,40.434131],[-79.906569,40.434146],[-79.906853,40.434275],[-79.907129,40.434405],[-79.907225,40.434427],[-79.907297,40.434414],[-79.907384,40.434394],[-79.907497,40.434416],[-79.907595,40.434494],[-79.907638,40.434597],[-79.907625,40.434683],[-79.907484,40.434777],[-79.907318,40.434829],[-79.907134,40.434832],[-79.906948,40.434775],[-79.906715,40.434712],[-79.90642,40.434748],[-79.905992,40.434872],[-79.905563,40.434972],[-79.90541,40.434914],[-79.90528,40.434861],[-79.904912,40.434868],[-79.904477,40.435004],[-79.904305,40.435136],[-79.904103,40.435317],[-79.903976,40.435344],[-79.903865,40.435242],[-79.903725,40.435122],[-79.903571,40.435052],[-79.902708,40.435074],[-79.902537,40.434998],[-79.902109,40.434865],[-79.901698,40.43475],[-79.901413,40.434847],[-79.901202,40.434998],[-79.901019,40.435283],[-79.900977,40.435479],[-79.900809,40.435849],[-79.90071,40.43601],[-79.900659,40.436145],[-79.900667,40.436414],[-79.900694,40.436487],[-79.900916,40.436684],[-79.901089,40.436852],[-79.901076,40.436957],[-79.900862,40.43726],[-79.900781,40.437469],[-79.900783,40.437671],[-79.900912,40.437944],[-79.900971,40.438285],[-79.900943,40.438408],[-79.900947,40.438555],[-79.901114,40.438747],[-79.901264,40.438964],[-79.901348,40.439317],[-79.901455,40.439425],[-79.901641,40.439483],[-79.901872,40.439467],[-79.902186,40.439406],[-79.902544,40.439326],[-79.902884,40.439221],[-79.903318,40.439042],[-79.90353,40.438922],[-79.903624,40.438835],[-79.903891,40.438701],[-79.904464,40.438605],[-79.905206,40.438561],[-79.905685,40.438533],[-79.906028,40.438497],[-79.906259,40.438486],[-79.906388,40.438514],[-79.906381,40.438551],[-79.906343,40.438595],[-79.906247,40.438609],[-79.906059,40.43871],[-79.90584,40.438861],[-79.905646,40.438932],[-79.905118,40.439174],[-79.90483,40.439191],[-79.904651,40.439323],[-79.904273,40.439526],[-79.904008,40.439738],[-79.90377,40.439804],[-79.903308,40.440088],[-79.903008,40.440228],[-79.902675,40.44032],[-79.902095,40.440434],[-79.901627,40.440541],[-79.901549,40.440616],[-79.901583,40.44067],[-79.901633,40.440724],[-79.901738,40.440765],[-79.9019,40.440848],[-79.902081,40.440985],[-79.902202,40.441154],[-79.902363,40.441444],[-79.902608,40.441849],[-79.902732,40.441981],[-79.902862,40.44204],[-79.903023,40.442074],[-79.903185,40.442126],[-79.903235,40.442186],[-79.903252,40.442241],[-79.903136,40.442353],[-79.902895,40.442571],[-79.90283,40.442676],[-79.902795,40.442812],[-79.902726,40.442917],[-79.902698,40.443033],[-79.902662,40.443169],[-79.902699,40.443321],[-79.902665,40.443511],[-79.90259,40.443671],[-79.902532,40.443843],[-79.902518,40.443923],[-79.90242,40.443846],[-79.902359,40.443706],[-79.902348,40.44365]]]}},
{"type":"Feature","properties":{},"geometry":{"type":"Polygon","coordinates":[[[-79.901999,40.443879],[-79.901959,40.443922],[-79.901895,40.443917],[-79.901797,40.44387],[-79.901723,40.443792],[-79.901711,40.44367],[-79.901642,40.443537],[-79.901558,40.443385],[-79.901418,40.443278],[-79.901324,40.443096],[-79.901306,40.44251],[-79.901251,40.442309],[-79.901142,40.44214],[-79.900974,40.442021],[-79.900779,40.441927],[-79.900466,40.441878],[-79.90029,40.441887],[-79.900081,40.441842],[-79.899612,40.441698],[-79.899472,40.44156],[-79.899388,40.441421],[-79.899374,40.441238],[-79.899402,40.441109],[-79.899469,40.440973],[-79.899607,40.440775],[-79.899723,40.440656],[-79.899767,40.440515],[-79.899722,40.440369],[-79.89967,40.440248],[-79.899688,40.439441],[-79.89969,40.439233],[-79.899573,40.439094],[-79.899367,40.438909],[-79.899029,40.438695],[-79.898538,40.438356],[-79.898381,40.438181],[-79.898326,40.437987],[-79.898343,40.437509],[-79.898311,40.437235],[-79.898199,40.437011],[-79.898134,40.436957],[-79.898028,40.436916],[-79.897869,40.436925],[-79.897432,40.437013],[-79.897338,40.436953],[-79.897292,40.436514],[-79.897377,40.436158],[-79.897546,40.435947],[-79.897824,40.435636],[-79.898133,40.435288],[-79.898267,40.435004],[-79.898243,40.43473],[-79.898116,40.434524],[-79.89811,40.434329],[-79.898176,40.434156],[-79.898162,40.433454],[-79.898196,40.433257],[-79.898334,40.433078],[-79.898481,40.432934],[-79.898519,40.43286],[-79.898511,40.43272],[-79.898465,40.432531],[-79.898393,40.432294],[-79.898417,40.432049],[-79.898494,40.431938],[-79.898515,40.431852],[-79.898471,40.431742],[-79.898377,40.431536],[-79.898355,40.431341],[-79.898421,40.431156],[-79.898511,40.430971],[-79.898734,40.430827],[-79.898891,40.43072],[-79.899046,40.430582],[-79.899138,40.43044],[-79.899187,40.429981],[-79.899259,40.429747],[-79.899373,40.429555],[-79.899527,40.429357],[-79.899579,40.429221],[-79.899566,40.429075],[-79.899502,40.428939],[-79.899324,40.428746],[-79.899026,40.428562],[-79.898787,40.42846],[-79.898597,40.428408],[-79.898273,40.42839],[-79.898235,40.428351],[-79.897951,40.428151],[-79.897659,40.428004],[-79.897481,40.427934],[-79.897201,40.427939],[-79.897274,40.427613],[-79.896777,40.427529],[-79.89523,40.42817],[-79.894357,40.427026],[-79.893763,40.426937],[-79.893014,40.42822],[-79.891154,40.427405],[-79.891275,40.427135],[-79.891623,40.426753],[-79.892061,40.426374],[-79.89236,40.426162],[-79.892701,40.425925],[-79.893003,40.425785],[-79.893396,40.425647],[-79.893663,40.425558],[-79.893947,40.425534],[-79.894223,40.425534],[-79.894495,40.425568],[-79.894746,40.42562],[-79.894983,40.425722],[-79.896702,40.426367],[-79.89672,40.42622],[-79.897528,40.425919],[-79.897482,40.425007],[-79.897596,40.424961],[-79.897716,40.424958],[-79.897861,40.425017],[-79.898039,40.425075],[-79.898233,40.425138],[-79.898441,40.425153],[-79.898602,40.425174],[-79.898705,40.425148],[-79.898864,40.425121],[-79.89911,40.425049],[-79.899252,40.425003],[-79.899364,40.425007],[-79.899447,40.425085],[-79.899523,40.425237],[-79.89956,40.42537],[-79.899682,40.425448],[-79.899835,40.425488],[-79.899948,40.425522],[-79.90026,40.42551],[-79.900651,40.425485],[-79.901838,40.425371],[-79.902365,40.425337],[-79.90275,40.425378],[-79.903139,40.425414],[-79.903387,40.425415],[-79.903554,40.4254],[-79.903657,40.425355],[-79.903672,40.425312],[-79.903598,40.425265],[-79.903265,40.425087],[-79.902941,40.424965],[-79.902621,40.424971],[-79.902418,40.424877],[-79.902241,40.424844],[-79.902063,40.424755],[-79.901876,40.424655],[-79.901769,40.424577],[-79.901711,40.424505],[-79.901621,40.424446],[-79.901476,40.424399],[-79.90129,40.424348],[-79.901168,40.424277],[-79.9011,40.424162],[-79.901056,40.424022],[-79.901052,40.423918],[-79.90109,40.42385],[-79.901185,40.423818],[-79.901281,40.42381],[-79.901384,40.423796],[-79.901499,40.423745],[-79.901624,40.423651],[-79.901798,40.423593],[-79.90202,40.423552],[-79.902204,40.423554],[-79.902349,40.423595],[-79.902407,40.42363],[-79.902512,40.423665],[-79.902664,40.42368],[-79.9028,40.423672],[-79.902935,40.423645],[-79.903062,40.423618],[-79.903229,40.423597],[-79.90338,40.423569],[-79.903507,40.423549],[-79.903634,40.423516],[-79.903673,40.423472],[-79.903703,40.423429],[-79.903717,40.423367],[-79.903683,40.423301],[-79.903577,40.423229],[-79.903196,40.423053],[-79.903041,40.42297],[-79.902943,40.422893],[-79.902841,40.422834],[-79.902495,40.422638],[-79.902028,40.422402],[-79.901881,40.42232],[-79.901734,40.422231],[-79.901466,40.422083],[-79.901286,40.421976],[-79.901059,40.421864],[-79.90084,40.421758],[-79.900774,40.421717],[-79.900821,40.421661],[-79.901254,40.4212],[-79.901415,40.421246],[-79.901625,40.421322],[-79.901794,40.421355],[-79.901891,40.421372],[-79.90193,40.421341],[-79.901982,40.42123],[-79.901915,40.421145],[-79.901832,40.421049],[-79.901783,40.420995],[-79.901749,40.420928],[-79.901723,40.420868],[-79.901793,40.420817],[-79.901896,40.420791],[-79.902047,40.420764],[-79.902225,40.420815],[-79.902412,40.420916],[-79.902712,40.421045],[-79.902915,40.421145],[-79.902982,40.421248],[-79.903083,40.421417],[-79.903142,40.421507],[-79.903192,40.421562],[-79.903274,40.421621],[-79.903403,40.421662],[-79.903516,40.421678],[-79.903651,40.421651],[-79.903785,40.421606],[-79.90392,40.421572],[-79.904025,40.421601],[-79.90417,40.421653],[-79.9043,40.421712],[-79.904455,40.421795],[-79.904569,40.421878],[-79.904692,40.421974],[-79.904792,40.422094],[-79.904881,40.422135],[-79.904994,40.42217],[-79.905259,40.422195],[-79.905475,40.422198],[-79.905619,40.422226],[-79.905707,40.422294],[-79.905754,40.422412],[-79.905726,40.422541],[-79.905693,40.42261],[-79.905645,40.42264],[-79.905626,40.422678],[-79.905656,40.422699],[-79.905707,40.422713],[-79.905907,40.422715],[-79.906137,40.422704],[-79.906279,40.422702],[-79.906414,40.422681],[-79.906644,40.42264],[-79.906796,40.422625],[-79.907013,40.422652],[-79.907167,40.422741],[-79.907289,40.422793],[-79.907576,40.422782],[-79.907844,40.422887],[-79.908021,40.422945],[-79.908182,40.422954],[-79.908268,40.42291],[-79.908457,40.422576],[-79.908589,40.422207],[-79.908515,40.422135],[-79.90845,40.422105],[-79.90837,40.422101],[-79.908125,40.421946],[-79.907561,40.421792],[-79.9074,40.421764],[-79.907317,40.421668],[-79.907329,40.421545],[-79.90747,40.421463],[-79.90762,40.421387],[-79.907819,40.421365],[-79.908001,40.421319],[-79.908206,40.42123],[-79.908378,40.42111],[-79.908433,40.421054],[-79.908431,40.420999],[-79.908343,40.420989],[-79.908239,40.421009],[-79.908109,40.42095],[-79.907946,40.420849],[-79.907832,40.420784],[-79.907535,40.420674],[-79.907028,40.420389],[-79.90664,40.420266],[-79.906328,40.420244],[-79.905967,40.420227],[-79.905766,40.420212],[-79.905636,40.420182],[-79.905518,40.420114],[-79.905243,40.419709],[-79.905232,40.419545],[-79.90534,40.419511],[-79.905737,40.419513],[-79.905854,40.419543],[-79.905988,40.419522],[-79.906084,40.419469],[-79.906154,40.419388],[-79.906155,40.41922],[-79.906223,40.419149],[-79.906331,40.419082],[-79.906495,40.419055],[-79.906641,40.419048],[-79.906788,40.419064],[-79.906892,40.419067],[-79.907006,40.419008],[-79.907201,40.418832],[-79.907373,40.418661],[-79.907584,40.418573],[-79.907929,40.418487],[-79.90816,40.418474],[-79.908308,40.418517],[-79.908358,40.418545],[-79.908379,40.418647],[-79.908336,40.418825],[-79.908273,40.418952],[-79.908265,40.419069],[-79.908289,40.419241],[-79.908384,40.419375],[-79.908438,40.41943],[-79.908525,40.419489],[-79.908661,40.419523],[-79.908788,40.419512],[-79.908891,40.419486],[-79.908993,40.419424],[-79.909093,40.41931],[-79.909177,40.419243],[-79.909292,40.419236],[-79.909391,40.419272],[-79.909484,40.419331],[-79.909566,40.419404],[-79.909636,40.419477],[-79.909759,40.419508],[-79.909856,40.419487],[-79.909915,40.419425],[-79.909948,40.419313],[-79.909925,40.419178],[-79.909795,40.418942],[-79.909731,40.418454],[-79.909783,40.418378],[-79.909886,40.418348],[-79.909996,40.418337],[-79.910125,40.418367],[-79.910404,40.418506],[-79.910664,40.418627],[-79.910825,40.418704],[-79.910948,40.418715],[-79.911039,40.418704],[-79.911178,40.41865],[-79.911423,40.418497],[-79.911626,40.418376],[-79.911931,40.418352],[-79.912124,40.418292],[-79.912292,40.418196],[-79.912448,40.418109],[-79.912507,40.418052],[-79.9127,40.417983],[-79.91292,40.417988],[-79.913126,40.417956],[-79.913296,40.417925],[-79.913331,40.417859],[-79.913415,40.41782],[-79.913522,40.417743],[-79.913702,40.417628],[-79.913823,40.417616],[-79.913797,40.417561],[-79.913612,40.417499],[-79.913451,40.417427],[-79.913326,40.417336],[-79.913226,40.417264],[-79.913078,40.41722],[-79.912859,40.417224],[-79.912712,40.417217],[-79.912457,40.41725],[-79.912337,40.417308],[-79.912167,40.417349],[-79.911934,40.417316],[-79.911777,40.417365],[-79.911595,40.417397],[-79.911451,40.417465],[-79.911379,40.417522],[-79.911309,40.417607],[-79.911201,40.417675],[-79.911118,40.417751],[-79.910925,40.417811],[-79.910656,40.417788],[-79.91047,40.417698],[-79.910298,40.417673],[-79.91014,40.417704],[-79.909733,40.417768],[-79.909234,40.417805],[-79.908942,40.417829],[-79.908651,40.41789],[-79.908432,40.417913],[-79.908238,40.417963],[-79.908119,40.41804],[-79.907817,40.418149],[-79.907443,40.418286],[-79.907237,40.418318],[-79.9069,40.418296],[-79.906558,40.418275],[-79.905861,40.418241],[-79.905227,40.418244],[-79.904777,40.418308],[-79.904305,40.418438],[-79.904089,40.418536],[-79.904003,40.418616],[-79.903946,40.418739],[-79.903907,40.418866],[-79.90388,40.418964],[-79.903857,40.41903],[-79.903803,40.419059],[-79.903737,40.419074],[-79.903651,40.419057],[-79.903551,40.418998],[-79.903444,40.418884],[-79.903377,40.418712],[-79.90332,40.418639],[-79.903238,40.418565],[-79.903139,40.418525],[-79.903055,40.418541],[-79.90298,40.418491],[-79.902833,40.418494],[-79.90218,40.418496],[-79.901625,40.418507],[-79.901002,40.418462],[-79.900711,40.418449],[-79.900481,40.418486],[-79.900326,40.418433],[-79.900181,40.418454],[-79.900077,40.41847],[-79.899956,40.418505],[-79.899867,40.418572],[-79.899679,40.418618],[-79.899375,40.418651],[-79.899247,40.418654],[-79.899161,40.418632],[-79.898993,40.418537],[-79.898771,40.418462],[-79.898557,40.418422],[-79.898683,40.417788],[-79.899007,40.417782],[-79.899556,40.417733],[-79.900015,40.417724],[-79.900352,40.417734],[-79.900761,40.417765],[-79.901273,40.417818],[-79.901845,40.417846],[-79.903007,40.417809],[-79.903489,40.417886],[-79.903693,40.417898],[-79.903895,40.417847],[-79.904177,40.417733],[-79.904684,40.417614],[-79.905638,40.417471],[-79.906046,40.417479],[-79.906477,40.417549],[-79.906682,40.417592],[-79.906928,40.417619],[-79.90719,40.41752],[-79.907514,40.417421],[-79.907755,40.417307],[-79.908525,40.417137],[-79.909611,40.416976],[-79.910099,40.41692],[-79.910747,40.416783],[-79.911558,40.416612],[-79.912652,40.416373],[-79.913543,40.416153],[-79.914222,40.416344],[-79.914779,40.41652],[-79.915214,40.416731],[-79.915528,40.416974],[-79.915598,40.417254],[-79.915512,40.417739],[-79.915317,40.418039],[-79.914942,40.418421],[-79.914363,40.418806],[-79.913763,40.419207],[-79.913422,40.419385],[-79.913058,40.419486],[-79.912771,40.419444],[-79.912428,40.41956],[-79.912167,40.41969],[-79.911966,40.419787],[-79.911705,40.419917],[-79.911484,40.42003],[-79.911325,40.420158],[-79.911227,40.4203],[-79.911191,40.420426],[-79.911012,40.420569],[-79.910793,40.420745],[-79.910594,40.420905],[-79.910376,40.421112],[-79.909889,40.421526],[-79.90981,40.42177],[-79.909925,40.421994],[-79.909968,40.422235],[-79.90992,40.422493],[-79.909593,40.423092],[-79.909392,40.423345],[-79.909243,40.423489],[-79.909055,40.423656],[-79.908854,40.423761],[-79.908498,40.423791],[-79.908202,40.423781],[-79.907875,40.423772],[-79.907496,40.423716],[-79.907114,40.423591],[-79.906795,40.423495],[-79.90654,40.423508],[-79.906213,40.423491],[-79.905846,40.42349],[-79.905477,40.423458],[-79.905301,40.423367],[-79.905082,40.423215],[-79.904944,40.423054],[-79.904796,40.422901],[-79.904569,40.422804],[-79.904435,40.422767],[-79.904266,40.422591],[-79.904183,40.42253],[-79.904051,40.422548],[-79.90395,40.422597],[-79.903941,40.422636],[-79.904118,40.422734],[-79.904325,40.422847],[-79.904507,40.423101],[-79.904603,40.423544],[-79.904631,40.423801],[-79.904586,40.423973],[-79.904379,40.424204],[-79.904151,40.424418],[-79.90404,40.424467],[-79.904113,40.424497],[-79.904463,40.424592],[-79.904703,40.424759],[-79.904843,40.425014],[-79.904954,40.425105],[-79.905172,40.425234],[-79.905361,40.425394],[-79.905428,40.425588],[-79.905484,40.425735],[-79.905437,40.425861],[-79.905228,40.426029],[-79.904926,40.426167],[-79.904583,40.426267],[-79.904276,40.426265],[-79.90391,40.426303],[-79.903566,40.426387],[-79.903212,40.426487],[-79.902709,40.4267],[-79.902539,40.42682],[-79.902298,40.426926],[-79.902095,40.426969],[-79.901922,40.426995],[-79.901822,40.427052],[-79.901722,40.427124],[-79.901521,40.427213],[-79.900685,40.427221],[-79.900107,40.427169],[-79.899787,40.427051],[-79.899446,40.426924],[-79.899136,40.426805],[-79.898855,40.426623],[-79.898628,40.426549],[-79.898352,40.426531],[-79.897964,40.426531],[-79.897454,40.426532],[-79.896679,40.426547],[-79.895935,40.426428],[-79.895495,40.426381],[-79.895159,40.426388],[-79.894966,40.426422],[-79.894549,40.426461],[-79.894349,40.426513],[-79.894622,40.426544],[-79.894995,40.426727],[-79.895389,40.426909],[-79.895608,40.427009],[-79.895793,40.427054],[-79.896009,40.427038],[-79.896232,40.427003],[-79.896437,40.426914],[-79.896801,40.426803],[-79.897337,40.426824],[-79.897971,40.426892],[-79.898481,40.42709],[-79.898932,40.427424],[-79.899367,40.427667],[-79.899834,40.428031],[-79.900071,40.428173],[-79.900458,40.428264],[-79.900699,40.428314],[-79.900843,40.428574],[-79.900879,40.428678],[-79.900699,40.428944],[-79.900697,40.429127],[-79.900334,40.42977],[-79.900108,40.430453],[-79.900024,40.430717],[-79.899989,40.431378],[-79.899911,40.431673],[-79.899588,40.432082],[-79.899544,40.43223],[-79.899563,40.432676],[-79.899494,40.43327],[-79.899334,40.433517],[-79.899215,40.433813],[-79.899109,40.434237],[-79.899122,40.434542],[-79.899147,40.435074],[-79.899046,40.435418],[-79.898863,40.43569],[-79.898798,40.435893],[-79.898506,40.436265],[-79.89847,40.436394],[-79.898533,40.436491],[-79.898822,40.436779],[-79.898891,40.436955],[-79.89893,40.437657],[-79.899016,40.437845],[-79.899183,40.438062],[-79.899368,40.43823],[-79.899598,40.438428],[-79.89988,40.43874],[-79.900115,40.439096],[-79.900228,40.439376],[-79.900257,40.439772],[-79.90032,40.44012],[-79.900423,40.440356],[-79.900516,40.440758],[-79.900659,40.440981],[-79.900865,40.441179],[-79.901102,40.441315],[-79.901345,40.441427],[-79.901509,40.441546],[-79.901654,40.441718],[-79.901751,40.441857],[-79.901751,40.442248],[-79.901923,40.442691],[-79.902102,40.443021],[-79.902205,40.443239],[-79.902231,40.443324],[-79.902199,40.443438],[-79.902165,40.443564],[-79.901999,40.443879]]]}},
{"type":"Feature","properties":{},"geometry":{"type":"Polygon","coordinates":[[[-80.040252,40.43348],[-80.040164,40.433641],[-80.040053,40.433779],[-80.039831,40.433983],[-80.039679,40.434129],[-80.039547,40.434236],[-80.0395,40.434372],[-80.039527,40.434555],[-80.039594,40.434698],[-80.039712,40.434799],[-80.039861,40.43486],[-80.040281,40.434947],[-80.04069,40.435011],[-80.041139,40.435026],[-80.041495,40.435051],[-80.041966,40.435089],[-80.042298,40.435027],[-80.042576,40.43491],[-80.042873,40.434744],[-80.043255,40.434617],[-80.043586,40.434539],[-80.043753,40.434551],[-80.043859,40.434597],[-80.043884,40.434724],[-80.043851,40.434956],[-80.043773,40.435277],[-80.043686,40.435502],[-80.043685,40.435773],[-80.043744,40.435964],[-80.043863,40.436097],[-80.044118,40.436212],[-80.044351,40.436311],[-80.044627,40.436457],[-80.044894,40.436643],[-80.045391,40.436833],[-80.045864,40.436911],[-80.046513,40.43697],[-80.047055,40.436967],[-80.047926,40.437093],[-80.048482,40.437194],[-80.048893,40.437313],[-80.049129,40.437476],[-80.049226,40.437578],[-80.049084,40.437701],[-80.048784,40.437778],[-80.048169,40.437807],[-80.047553,40.437803],[-80.046623,40.43775],[-80.045732,40.43764],[-80.044343,40.437468],[-80.043709,40.437225],[-80.042934,40.436865],[-80.042615,40.436688],[-80.042503,40.436467],[-80.042356,40.436127],[-80.042361,40.435951],[-80.042379,40.435879],[-80.042306,40.435865],[-80.04213,40.435932],[-80.041841,40.436009],[-80.04131,40.436044],[-80.040714,40.436024],[-80.039805,40.43585],[-80.039185,40.435703],[-80.038753,40.435592],[-80.038432,40.435351],[-80.038249,40.435187],[-80.038221,40.434996],[-80.038277,40.43478],[-80.038345,40.434643],[-80.038361,40.434483],[-80.038356,40.434363],[-80.03826,40.434301],[-80.038105,40.434336],[-80.03791,40.434436],[-80.037725,40.434519],[-80.037479,40.434652],[-80.037086,40.434763],[-80.036514,40.434822],[-80.035993,40.434849],[-80.035513,40.434826],[-80.035134,40.434754],[-80.034769,40.434602],[-80.033782,40.434111],[-80.032552,40.433537],[-80.031715,40.433178],[-80.031494,40.433127],[-80.031189,40.433103],[-80.030858,40.432984],[-80.030601,40.4328],[-80.030261,40.432423],[-80.029465,40.431482],[-80.029063,40.431013],[-80.028877,40.430796],[-80.028799,40.430703],[-80.02875,40.430599],[-80.028738,40.430507],[-80.028746,40.430404],[-80.028754,40.43029],[-80.028798,40.430148],[-80.028882,40.43],[-80.029056,40.429806],[-80.02911,40.429747],[-80.029323,40.429555],[-80.029582,40.429339],[-80.029863,40.429169],[-80.030274,40.428906],[-80.030692,40.428603],[-80.030975,40.428326],[-80.031092,40.428092],[-80.031128,40.427932],[-80.031089,40.427709],[-80.031089,40.42728],[-80.031126,40.427038],[-80.031154,40.426777],[-80.031195,40.426541],[-80.031276,40.426276],[-80.031343,40.426071],[-80.031388,40.425951],[-80.031429,40.425822],[-80.031474,40.425702],[-80.031543,40.425541],[-80.031624,40.425411],[-80.031786,40.425219],[-80.031861,40.42516],[-80.031965,40.425102],[-80.032075,40.425029],[-80.032098,40.424987],[-80.032068,40.424957],[-80.031952,40.424915],[-80.031775,40.42489],[-80.031519,40.42483],[-80.031231,40.424816],[-80.03098,40.42479],[-80.030798,40.424743],[-80.03062,40.424684],[-80.030397,40.424513],[-80.030261,40.424369],[-80.03016,40.424189],[-80.030074,40.423943],[-80.029923,40.423592],[-80.029864,40.423257],[-80.029913,40.422841],[-80.029963,40.422489],[-80.030109,40.422167],[-80.030237,40.421934],[-80.030276,40.421693],[-80.030339,40.421405],[-80.030383,40.421021],[-80.030437,40.420749],[-80.030489,40.420437],[-80.030536,40.420148],[-80.030623,40.419939],[-80.030784,40.419745],[-80.030957,40.419637],[-80.031153,40.419546],[-80.031443,40.419484],[-80.031693,40.419471],[-80.031995,40.419457],[-80.032318,40.419459],[-80.032622,40.419485],[-80.032843,40.419536],[-80.032979,40.419566],[-80.032905,40.419519],[-80.032735,40.419451],[-80.032525,40.419399],[-80.0322,40.41935],[-80.031834,40.419325],[-80.031463,40.419316],[-80.031265,40.419336],[-80.031066,40.419292],[-80.030832,40.419177],[-80.030566,40.419023],[-80.030436,40.418882],[-80.030285,40.418717],[-80.030129,40.418441],[-80.030036,40.418148],[-80.03001,40.417997],[-80.030005,40.417861],[-80.030031,40.417701],[-80.030117,40.417476],[-80.030135,40.417388],[-80.030244,40.41721],[-80.030408,40.417111],[-80.030649,40.417003],[-80.030878,40.416982],[-80.03115,40.416993],[-80.031244,40.417015],[-80.031233,40.416983],[-80.031084,40.416898],[-80.030838,40.41672],[-80.030581,40.416525],[-80.030308,40.416172],[-80.030142,40.41588],[-80.030108,40.415617],[-80.030131,40.415279],[-80.030155,40.415147],[-80.030192,40.415046],[-80.030235,40.414961],[-80.030341,40.414831],[-80.030451,40.414701],[-80.030571,40.414531],[-80.030681,40.414393],[-80.030802,40.414271],[-80.030915,40.414205],[-80.031059,40.414146],[-80.031285,40.414062],[-80.031378,40.41402],[-80.031333,40.413925],[-80.031226,40.41384],[-80.031139,40.413754],[-80.031091,40.413563],[-80.031086,40.413404],[-80.03109,40.413212],[-80.031088,40.413013],[-80.031138,40.412645],[-80.031222,40.41234],[-80.03131,40.41217],[-80.031483,40.412031],[-80.031653,40.411821],[-80.031761,40.411611],[-80.031796,40.411419],[-80.03181,40.411227],[-80.031741,40.411021],[-80.031703,40.410822],[-80.03172,40.41071],[-80.031789,40.410597],[-80.031859,40.410508],[-80.032009,40.41033],[-80.032168,40.410079],[-80.032258,40.409982],[-80.032423,40.409914],[-80.032548,40.40992],[-80.032603,40.409983],[-80.03267,40.410125],[-80.032695,40.410236],[-80.032617,40.410413],[-80.032489,40.410631],[-80.032488,40.410918],[-80.032492,40.41125],[-80.032525,40.411624],[-80.032422,40.411969],[-80.032171,40.412413],[-80.032014,40.412703],[-80.031823,40.412922],[-80.031727,40.413148],[-80.031732,40.413307],[-80.031777,40.41341],[-80.031855,40.413544],[-80.032016,40.413692],[-80.032303,40.413846],[-80.032684,40.413998],[-80.033068,40.414246],[-80.033378,40.414463],[-80.033523,40.414596],[-80.033551,40.414659],[-80.033443,40.414689],[-80.033281,40.414681],[-80.033077,40.414657],[-80.03283,40.41463],[-80.032515,40.414572],[-80.032039,40.414526],[-80.031835,40.414502],[-80.0317,40.41452],[-80.031567,40.414595],[-80.031472,40.414728],[-80.031422,40.414877],[-80.031405,40.415292],[-80.031385,40.415612],[-80.031392,40.415835],[-80.031441,40.416049],[-80.03151,40.416224],[-80.031726,40.416443],[-80.031855,40.41656],[-80.032037,40.416708],[-80.032689,40.41699],[-80.032858,40.417059],[-80.033099,40.417102],[-80.033405,40.417199],[-80.033723,40.417329],[-80.034105,40.417529],[-80.034212,40.417622],[-80.034164,40.417727],[-80.033999,40.417802],[-80.03375,40.417823],[-80.033415,40.417806],[-80.032986,40.417774],[-80.03262,40.417742],[-80.032286,40.41774],[-80.031971,40.417683],[-80.031634,40.417578],[-80.03136,40.417503],[-80.031141,40.417507],[-80.030944,40.417551],[-80.030812,40.417666],[-80.030765,40.417818],[-80.030779,40.417922],[-80.030881,40.418135],[-80.031022,40.4183],[-80.031225,40.418447],[-80.031544,40.418625],[-80.031893,40.418761],[-80.032219,40.418827],[-80.032617,40.418891],[-80.032984,40.418923],[-80.03331,40.419012],[-80.033479,40.419081],[-80.033658,40.419172],[-80.033891,40.419304],[-80.034193,40.419479],[-80.034307,40.419572],[-80.034362,40.419635],[-80.034383,40.419679],[-80.034363,40.419711],[-80.034314,40.419732],[-80.034167,40.419769],[-80.034041,40.419796],[-80.033692,40.419841],[-80.033486,40.419887],[-80.033276,40.419944],[-80.033085,40.420016],[-80.032902,40.420073],[-80.0328,40.420062],[-80.032668,40.420032],[-80.032483,40.420002],[-80.032159,40.419993],[-80.031867,40.420014],[-80.031597,40.420044],[-80.031393,40.420183],[-80.031212,40.420386],[-80.031083,40.420572],[-80.031022,40.420917],[-80.030981,40.421269],[-80.030945,40.421908],[-80.03092,40.422155],[-80.030867,40.422444],[-80.030825,40.42274],[-80.030819,40.422883],[-80.030797,40.423163],[-80.030786,40.423427],[-80.030875,40.423616],[-80.030978,40.423886],[-80.031097,40.423995],[-80.031331,40.424126],[-80.031628,40.424264],[-80.031934,40.424377],[-80.032259,40.424411],[-80.032499,40.424422],[-80.032658,40.424483],[-80.032772,40.424599],[-80.032809,40.424835],[-80.032713,40.425032],[-80.032517,40.425419],[-80.032325,40.425917],[-80.032111,40.426368],[-80.032034,40.426857],[-80.032063,40.427119],[-80.032061,40.427662],[-80.032053,40.428045],[-80.032036,40.42846],[-80.031979,40.428621],[-80.031839,40.428807],[-80.031412,40.429135],[-80.031154,40.429312],[-80.030882,40.429588],[-80.030461,40.429868],[-80.030333,40.430014],[-80.030275,40.430167],[-80.030273,40.430231],[-80.030312,40.430287],[-80.030425,40.430356],[-80.030639,40.430439],[-80.030796,40.430436],[-80.030992,40.430384],[-80.031219,40.430308],[-80.031481,40.430233],[-80.031602,40.430191],[-80.031808,40.43012],[-80.032132,40.430138],[-80.032467,40.430163],[-80.033017,40.430248],[-80.033373,40.430265],[-80.033687,40.430307],[-80.034055,40.430371],[-80.03459,40.430472],[-80.034832,40.430531],[-80.035014,40.430655],[-80.035132,40.430757],[-80.03522,40.430875],[-80.035224,40.431018],[-80.035198,40.43117],[-80.035146,40.431483],[-80.035137,40.431818],[-80.035203,40.431936],[-80.035396,40.432092],[-80.035663,40.432246],[-80.036033,40.432407],[-80.036317,40.432473],[-80.036504,40.432453],[-80.036649,40.432402],[-80.036801,40.432272],[-80.036901,40.432158],[-80.03702,40.431964],[-80.037139,40.431778],[-80.037299,40.431576],[-80.037589,40.431339],[-80.037912,40.431037],[-80.038205,40.430736],[-80.038364,40.430509],[-80.038473,40.430324],[-80.03863,40.430033],[-80.038725,40.42976],[-80.038771,40.429576],[-80.038798,40.429456],[-80.038866,40.429303],[-80.039037,40.429124],[-80.039331,40.428871],[-80.039566,40.428722],[-80.039753,40.428703],[-80.039994,40.428714],[-80.040326,40.428675],[-80.040504,40.428608],[-80.040623,40.428649],[-80.041004,40.428756],[-80.041748,40.429012],[-80.042427,40.428668],[-80.043018,40.428162],[-80.043138,40.428189],[-80.043382,40.428311],[-80.043532,40.428428],[-80.043588,40.428531],[-80.043579,40.428655],[-80.043535,40.428755],[-80.043478,40.428924],[-80.043368,40.429134],[-80.043244,40.429312],[-80.043099,40.429646],[-80.043081,40.429742],[-80.043104,40.429817],[-80.043185,40.429879],[-80.043313,40.42998],[-80.043389,40.430039],[-80.043402,40.430118],[-80.043394,40.430202],[-80.043466,40.430324],[-80.043579,40.430438],[-80.043662,40.4305],[-80.043791,40.430601],[-80.043867,40.430687],[-80.043861,40.430807],[-80.043739,40.430921],[-80.043524,40.431021],[-80.043273,40.431026],[-80.04299,40.430968],[-80.042768,40.430901],[-80.042411,40.430844],[-80.042047,40.430875],[-80.041728,40.431001],[-80.041341,40.431272],[-80.0411,40.431572],[-80.041014,40.431781],[-80.040959,40.432014],[-80.040936,40.432269],[-80.041006,40.432468],[-80.04096,40.432676],[-80.040858,40.432885],[-80.040677,40.43308],[-80.040474,40.433252],[-80.040252,40.43348]]]}},
{"type":"Feature","properties":{},"geometry":{"type":"Polygon","coordinates":[[[-80.016859,40.412399],[-80.016745,40.412324],[-80.016556,40.412193],[-80.016413,40.412062],[-80.016233,40.411931],[-80.016027,40.41185],[-80.01585,40.411797],[-80.015656,40.411801],[-80.015453,40.411812],[-80.015271,40.411886],[-80.015133,40.411924],[-80.014858,40.411965],[-80.014443,40.411995],[-80.014194,40.412006],[-80.014047,40.412045],[-80.01381,40.412127],[-80.013517,40.412196],[-80.013306,40.41225],[-80.012992,40.412249],[-80.012651,40.41227],[-80.012394,40.412346],[-80.01223,40.412398],[-80.012104,40.4125],[-80.012051,40.412578],[-80.01211,40.412669],[-80.01227,40.412772],[-80.012522,40.412852],[-80.012913,40.412943],[-80.013369,40.413019],[-80.013953,40.413078],[-80.014558,40.413222],[-80.014937,40.41337],[-80.015212,40.413576],[-80.015411,40.413728],[-80.015622,40.413957],[-80.015807,40.414243],[-80.015991,40.414501],[-80.016053,40.414683],[-80.01607,40.414923],[-80.016039,40.415362],[-80.016091,40.415537],[-80.016126,40.415614],[-80.016159,40.415769],[-80.016235,40.415838],[-80.016349,40.415921],[-80.016443,40.415976],[-80.01661,40.415993],[-80.01697,40.415979],[-80.017283,40.415959],[-80.01754,40.415919],[-80.017891,40.415905],[-80.018059,40.415944],[-80.018191,40.416033],[-80.018352,40.416143],[-80.018411,40.416255],[-80.018516,40.416366],[-80.018658,40.416469],[-80.018865,40.416578],[-80.019108,40.416658],[-80.019397,40.416737],[-80.019705,40.416823],[-80.019884,40.416918],[-80.019998,40.417022],[-80.02,40.417086],[-80.019883,40.417159],[-80.019625,40.417185],[-80.019237,40.417192],[-80.018951,40.417191],[-80.018784,40.417173],[-80.018581,40.417198],[-80.018463,40.417243],[-80.018288,40.417282],[-80.017974,40.417281],[-80.017647,40.417294],[-80.017383,40.417413],[-80.017165,40.417516],[-80.017011,40.417625],[-80.016923,40.41774],[-80.016933,40.418057],[-80.016923,40.418291],[-80.017,40.418388],[-80.017202,40.418631],[-80.017349,40.418869],[-80.017619,40.41921],[-80.017789,40.419468],[-80.017867,40.419586],[-80.01799,40.419669],[-80.018122,40.419744],[-80.018189,40.419813],[-80.018252,40.420031],[-80.018349,40.420192],[-80.018554,40.420402],[-80.018781,40.420621],[-80.018922,40.420627],[-80.019251,40.420476],[-80.01955,40.420359],[-80.019685,40.420336],[-80.019735,40.420419],[-80.019702,40.420561],[-80.0197,40.42078],[-80.01976,40.420913],[-80.019986,40.421035],[-80.020368,40.421141],[-80.020816,40.421266],[-80.021236,40.4214],[-80.021523,40.421415],[-80.021829,40.421444],[-80.022016,40.421511],[-80.022259,40.421747],[-80.022512,40.422102],[-80.022621,40.422333],[-80.022852,40.42259],[-80.023203,40.42288],[-80.023463,40.423172],[-80.023719,40.423506],[-80.023902,40.423742],[-80.024095,40.423965],[-80.024278,40.424187],[-80.024435,40.424481],[-80.024534,40.424662],[-80.024643,40.424872],[-80.024767,40.425011],[-80.024965,40.42512],[-80.025248,40.425284],[-80.025586,40.42544],[-80.025869,40.425604],[-80.026049,40.425749],[-80.026177,40.42598],[-80.026318,40.426323],[-80.02639,40.426555],[-80.026417,40.42678],[-80.026533,40.426941],[-80.026676,40.427079],[-80.026876,40.427238],[-80.027045,40.427319],[-80.027193,40.427344],[-80.027404,40.427298],[-80.027603,40.42716],[-80.027773,40.427008],[-80.027822,40.426816],[-80.027967,40.426446],[-80.028132,40.426139],[-80.028149,40.425821],[-80.027982,40.425128],[-80.027925,40.424917],[-80.027773,40.424528],[-80.027749,40.424369],[-80.027778,40.424192],[-80.027908,40.423953],[-80.027915,40.423882],[-80.027884,40.423777],[-80.027798,40.423704],[-80.027646,40.42357],[-80.027586,40.423451],[-80.027601,40.423337],[-80.027616,40.423249],[-80.02756,40.423147],[-80.027501,40.423057],[-80.02736,40.422968],[-80.027189,40.422837],[-80.027112,40.422753],[-80.027118,40.422661],[-80.027144,40.422597],[-80.027261,40.422517],[-80.02735,40.422403],[-80.027483,40.422244],[-80.027508,40.422166],[-80.02754,40.422017],[-80.027563,40.421883],[-80.027634,40.421782],[-80.027723,40.421696],[-80.027878,40.421629],[-80.028017,40.42164],[-80.028229,40.421622],[-80.028376,40.421591],[-80.028483,40.421476],[-80.028563,40.421255],[-80.028621,40.421042],[-80.028638,40.420724],[-80.028663,40.420384],[-80.028738,40.420142],[-80.028814,40.419936],[-80.028917,40.419708],[-80.028913,40.419581],[-80.028926,40.419411],[-80.028876,40.419313],[-80.028634,40.419106],[-80.028488,40.418897],[-80.02838,40.418708],[-80.028356,40.418532],[-80.02832,40.4183],[-80.028194,40.418111],[-80.028003,40.417931],[-80.027843,40.417843],[-80.027638,40.417797],[-80.027449,40.417688],[-80.027354,40.417584],[-80.027351,40.417499],[-80.027422,40.41742],[-80.027611,40.417268],[-80.027875,40.417171],[-80.028012,40.417097],[-80.028146,40.416982],[-80.028291,40.41688],[-80.028377,40.416765],[-80.028429,40.416679],[-80.028486,40.416569],[-80.028503,40.416406],[-80.02849,40.416283],[-80.028432,40.416209],[-80.028373,40.416112],[-80.028281,40.41599],[-80.028255,40.415877],[-80.028284,40.415803],[-80.028366,40.415759],[-80.028433,40.415757],[-80.02858,40.415747],[-80.02869,40.41571],[-80.028787,40.41563],[-80.028861,40.415519],[-80.028882,40.415388],[-80.028923,40.415211],[-80.028897,40.415013],[-80.028956,40.414821],[-80.029025,40.414686],[-80.029115,40.414469],[-80.029222,40.41424],[-80.029301,40.41409],[-80.029413,40.413986],[-80.029493,40.413906],[-80.029573,40.413824],[-80.029602,40.413728],[-80.029596,40.413601],[-80.029552,40.413538],[-80.029467,40.41349],[-80.029322,40.413433],[-80.0292,40.413372],[-80.029078,40.413328],[-80.028901,40.413265],[-80.028815,40.413192],[-80.02873,40.41312],[-80.02864,40.413058],[-80.028532,40.413017],[-80.02841,40.412963],[-80.02828,40.412927],[-80.028113,40.412909],[-80.027977,40.412848],[-80.027897,40.412804],[-80.027786,40.412672],[-80.027712,40.412543],[-80.02772,40.412497],[-80.027759,40.412429],[-80.027763,40.412393],[-80.027788,40.412333],[-80.027886,40.412338],[-80.027974,40.412368],[-80.028087,40.412426],[-80.028218,40.412476],[-80.028363,40.412516],[-80.028511,40.412541],[-80.028743,40.412568],[-80.028938,40.412589],[-80.029143,40.412627],[-80.02932,40.41267],[-80.02951,40.412694],[-80.029634,40.412688],[-80.029767,40.412647],[-80.02988,40.412588],[-80.029958,40.412481],[-80.029972,40.412353],[-80.029958,40.412212],[-80.029953,40.412064],[-80.030019,40.411836],[-80.030098,40.411708],[-80.030186,40.411586],[-80.030238,40.411493],[-80.030381,40.411349],[-80.03045,40.411199],[-80.030487,40.410937],[-80.030527,40.410738],[-80.030566,40.41054],[-80.030652,40.410326],[-80.030726,40.41007],[-80.030711,40.409894],[-80.030587,40.40979],[-80.030367,40.409547],[-80.030327,40.409478],[-80.030343,40.4094],[-80.030462,40.409362],[-80.030573,40.409374],[-80.030732,40.409427],[-80.030939,40.409543],[-80.031111,40.409695],[-80.031208,40.409835],[-80.031242,40.410039],[-80.031196,40.410294],[-80.031067,40.410721],[-80.030995,40.411054],[-80.030897,40.411423],[-80.030818,40.411955],[-80.030764,40.412274],[-80.030581,40.412617],[-80.030332,40.412904],[-80.030244,40.413033],[-80.030193,40.413154],[-80.030214,40.413224],[-80.030254,40.413337],[-80.030287,40.413477],[-80.030291,40.413597],[-80.030259,40.413739],[-80.030046,40.414139],[-80.029936,40.414438],[-80.029802,40.414851],[-80.029667,40.415228],[-80.029575,40.415639],[-80.02958,40.415795],[-80.029559,40.415993],[-80.029582,40.416127],[-80.029625,40.416295],[-80.029595,40.416529],[-80.029642,40.416825],[-80.029683,40.416923],[-80.029651,40.417086],[-80.029546,40.417258],[-80.029451,40.417436],[-80.029364,40.417615],[-80.029352,40.417806],[-80.029357,40.417954],[-80.029334,40.418089],[-80.029348,40.41823],[-80.029491,40.418488],[-80.029614,40.41882],[-80.029643,40.41917],[-80.02964,40.41942],[-80.029644,40.419709],[-80.029592,40.42021],[-80.029576,40.420465],[-80.029552,40.420861],[-80.029493,40.421286],[-80.029292,40.421912],[-80.029166,40.422402],[-80.029016,40.422624],[-80.028931,40.422845],[-80.028956,40.423042],[-80.028944,40.42324],[-80.028895,40.423425],[-80.028909,40.423559],[-80.029036,40.423895],[-80.029201,40.424394],[-80.029388,40.425019],[-80.029585,40.425665],[-80.029583,40.426273],[-80.029601,40.426823],[-80.029517,40.427341],[-80.029434,40.427604],[-80.02929,40.427988],[-80.02907,40.428339],[-80.02881,40.428563],[-80.028576,40.428758],[-80.028337,40.429046],[-80.028093,40.42922],[-80.027967,40.429322],[-80.027871,40.429493],[-80.027833,40.429727],[-80.027771,40.429806],[-80.027662,40.429872],[-80.027486,40.429868],[-80.027116,40.42984],[-80.026884,40.42983],[-80.026634,40.429814],[-80.026428,40.429726],[-80.026116,40.429499],[-80.025953,40.429333],[-80.025845,40.429137],[-80.02566,40.42888],[-80.025598,40.42869],[-80.0256,40.428457],[-80.025534,40.428006],[-80.025393,40.427677],[-80.025247,40.427439],[-80.025027,40.427225],[-80.024741,40.426976],[-80.024512,40.426768],[-80.024286,40.426617],[-80.024013,40.426481],[-80.023649,40.426361],[-80.023199,40.426172],[-80.02244,40.425884],[-80.021907,40.425689],[-80.021642,40.425489],[-80.021525,40.425308],[-80.021501,40.42516],[-80.021496,40.425005],[-80.021532,40.424849],[-80.021595,40.424515],[-80.021588,40.424311],[-80.0215,40.42403],[-80.021351,40.423849],[-80.021143,40.423712],[-80.020927,40.423617],[-80.020721,40.423536],[-80.020526,40.423491],[-80.020321,40.423459],[-80.019745,40.423485],[-80.019154,40.423496],[-80.018973,40.423502],[-80.018878,40.423463],[-80.01838,40.422998],[-80.018026,40.422657],[-80.017743,40.422411],[-80.017511,40.422188],[-80.017235,40.421959],[-80.016943,40.421519],[-80.016603,40.421003],[-80.016331,40.42062],[-80.016314,40.420394],[-80.016316,40.420027],[-80.016329,40.419334],[-80.016345,40.418966],[-80.016281,40.418706],[-80.01614,40.418363],[-80.015942,40.417851],[-80.015861,40.41764],[-80.015883,40.417449],[-80.015934,40.417342],[-80.016052,40.417269],[-80.016279,40.417152],[-80.016524,40.417006],[-80.016706,40.416924],[-80.017035,40.416819],[-80.017181,40.416767],[-80.017188,40.41671],[-80.017132,40.416676],[-80.017002,40.416657],[-80.016798,40.416633],[-80.016557,40.416623],[-80.016274,40.416572],[-80.01577,40.416427],[-80.015571,40.416296],[-80.015446,40.416143],[-80.015299,40.415892],[-80.015119,40.415479],[-80.014958,40.415079],[-80.014751,40.414574],[-80.01456,40.414377],[-80.014394,40.41426],[-80.014097,40.414146],[-80.013481,40.413974],[-80.012996,40.413828],[-80.012735,40.413748],[-80.012438,40.413712],[-80.012299,40.413708],[-80.012076,40.413655],[-80.011786,40.413555],[-80.011402,40.413407],[-80.010897,40.413226],[-80.010756,40.413151],[-80.010621,40.412984],[-80.010582,40.412907],[-80.010578,40.412809],[-80.010636,40.412603],[-80.010706,40.412474],[-80.010776,40.41236],[-80.010892,40.412244],[-80.011008,40.412115],[-80.011169,40.411963],[-80.011454,40.411774],[-80.011891,40.411582],[-80.012258,40.411511],[-80.01279,40.411395],[-80.013175,40.411302],[-80.013697,40.411186],[-80.014444,40.411009],[-80.014831,40.410952],[-80.015181,40.410945],[-80.015573,40.410782],[-80.015781,40.410651],[-80.015875,40.41055],[-80.015982,40.410424],[-80.016183,40.410219],[-80.016412,40.410024],[-80.016751,40.409752],[-80.017004,40.40957],[-80.017291,40.409324],[-80.017544,40.409139],[-80.017863,40.409013],[-80.018101,40.408948],[-80.018423,40.408928],[-80.018642,40.408959],[-80.018744,40.408978],[-80.018803,40.408945],[-80.018797,40.408903],[-80.018744,40.408847],[-80.018603,40.408779],[-80.01843,40.408705],[-80.018358,40.408632],[-80.01829,40.408531],[-80.018267,40.408411],[-80.018272,40.408214],[-80.018336,40.407718],[-80.018407,40.407403],[-80.018451,40.407173],[-80.018496,40.406972],[-80.018536,40.406937],[-80.018606,40.406933],[-80.018676,40.406946],[-80.01874,40.406976],[-80.018764,40.407029],[-80.018764,40.407133],[-80.018734,40.407349],[-80.018692,40.407587],[-80.018662,40.407934],[-80.01866,40.408132],[-80.018775,40.408257],[-80.018931,40.408353],[-80.019107,40.408391],[-80.019339,40.408398],[-80.019589,40.408421],[-80.019806,40.40842],[-80.019917,40.408425],[-80.020157,40.408434],[-80.020335,40.408422],[-80.020531,40.408406],[-80.020626,40.40842],[-80.020701,40.408461],[-80.020756,40.408507],[-80.020756,40.408583],[-80.02071,40.408627],[-80.020531,40.408789],[-80.020446,40.408883],[-80.020404,40.409007],[-80.020424,40.409183],[-80.020475,40.40932],[-80.02069,40.409606],[-80.020717,40.409665],[-80.020799,40.409745],[-80.020928,40.409813],[-80.021106,40.409945],[-80.021216,40.410072],[-80.021268,40.410186],[-80.02123,40.410287],[-80.021128,40.410333],[-80.020994,40.410327],[-80.020816,40.410297],[-80.020648,40.410241],[-80.020491,40.410184],[-80.020356,40.410136],[-80.020233,40.410113],[-80.020044,40.410091],[-80.019842,40.410011],[-80.019662,40.409938],[-80.019492,40.409822],[-80.019345,40.409741],[-80.019167,40.40971],[-80.019,40.409705],[-80.018778,40.409684],[-80.018544,40.409655],[-80.018244,40.409635],[-80.018078,40.409638],[-80.017804,40.409728],[-80.017575,40.409852],[-80.017283,40.410078],[-80.017145,40.410259],[-80.016988,40.410533],[-80.016908,40.41078],[-80.016997,40.411126],[-80.017148,40.411509],[-80.017377,40.412051],[-80.017404,40.412182],[-80.017374,40.412276],[-80.017277,40.412367],[-80.017212,40.412407],[-80.01709,40.412422],[-80.016946,40.412424],[-80.016859,40.412399]]]}},
{"type":"Feature","properties":{},"geometry":{"type":"Polygon","coordinates":[[[-79.92527,40.408241],[-79.925014,40.408528],[-79.924842,40.408903],[-79.924747,40.409164],[-79.924692,40.4093],[-79.92481,40.409298],[-79.925014,40.409238],[-79.925369,40.409276],[-79.925755,40.409359],[-79.926247,40.409552],[-79.92655,40.409794],[-79.926793,40.410026],[-79.926876,40.410329],[-79.926721,40.410535],[-79.926447,40.410732],[-79.926128,40.410873],[-79.92585,40.410946],[-79.925568,40.410872],[-79.925232,40.410946],[-79.924913,40.41111],[-79.924742,40.411304],[-79.924647,40.411565],[-79.924691,40.411993],[-79.924728,40.41224],[-79.924949,40.41245],[-79.925343,40.412803],[-79.925527,40.413036],[-79.925625,40.413327],[-79.925678,40.413585],[-79.925669,40.413788],[-79.925674,40.413923],[-79.925768,40.41409],[-79.925907,40.414313],[-79.926059,40.414434],[-79.926254,40.414791],[-79.926437,40.41499],[-79.926617,40.415066],[-79.926867,40.415072],[-79.927072,40.415035],[-79.927321,40.414974],[-79.927568,40.414868],[-79.927739,40.414695],[-79.928072,40.414498],[-79.928186,40.414394],[-79.928318,40.414369],[-79.928525,40.414388],[-79.928648,40.414554],[-79.928788,40.414777],[-79.928842,40.415069],[-79.928891,40.415355],[-79.928874,40.41562],[-79.928822,40.415847],[-79.928696,40.416052],[-79.928619,40.416273],[-79.928513,40.416647],[-79.928545,40.416956],[-79.928515,40.417171],[-79.928549,40.417288],[-79.928678,40.41741],[-79.928904,40.417569],[-79.929129,40.417694],[-79.929323,40.417764],[-79.929573,40.41777],[-79.929868,40.417765],[-79.929928,40.417797],[-79.929937,40.417848],[-79.929881,40.417934],[-79.929474,40.418099],[-79.929006,40.41822],[-79.928275,40.418398],[-79.927923,40.418449],[-79.927658,40.418454],[-79.92748,40.418418],[-79.927284,40.418292],[-79.927066,40.418156],[-79.926579,40.417776],[-79.92624,40.417535],[-79.926093,40.417323],[-79.926046,40.417026],[-79.925991,40.416677],[-79.926082,40.416541],[-79.926306,40.416401],[-79.926585,40.416255],[-79.926708,40.416191],[-79.926326,40.416215],[-79.926113,40.416224],[-79.925817,40.416208],[-79.925621,40.416065],[-79.925452,40.415831],[-79.925235,40.41552],[-79.925151,40.415189],[-79.925006,40.41504],[-79.924583,40.414715],[-79.924191,40.41421],[-79.923933,40.413978],[-79.923573,40.413771],[-79.923051,40.413578],[-79.922739,40.413483],[-79.922451,40.413353],[-79.92206,40.412887],[-79.922037,40.412386],[-79.922138,40.411872],[-79.922186,40.411609],[-79.922185,40.411483],[-79.922148,40.411396],[-79.922076,40.411452],[-79.921967,40.411647],[-79.92187,40.411888],[-79.921611,40.412096],[-79.921398,40.412347],[-79.921135,40.412398],[-79.920901,40.412447],[-79.92077,40.412517],[-79.920467,40.412714],[-79.920098,40.413127],[-79.919681,40.413461],[-79.919349,40.413682],[-79.918989,40.413824],[-79.918745,40.414008],[-79.918442,40.414234],[-79.918167,40.41438],[-79.917935,40.414474],[-79.917797,40.414556],[-79.91772,40.414608],[-79.917681,40.414651],[-79.917689,40.41467],[-79.917913,40.414661],[-79.918224,40.414711],[-79.918584,40.414806],[-79.918723,40.414879],[-79.918927,40.415041],[-79.919142,40.415192],[-79.919253,40.415258],[-79.919316,40.415274],[-79.919389,40.415269],[-79.919528,40.415222],[-79.919655,40.415177],[-79.919703,40.415165],[-79.91977,40.415186],[-79.919786,40.415223],[-79.919783,40.415259],[-79.919695,40.415388],[-79.919573,40.415486],[-79.919442,40.415536],[-79.919285,40.415584],[-79.919138,40.41559],[-79.918949,40.415545],[-79.918746,40.415417],[-79.918462,40.415197],[-79.918225,40.415074],[-79.917944,40.41506],[-79.917708,40.415062],[-79.917289,40.415067],[-79.917171,40.415058],[-79.917081,40.415009],[-79.91699,40.414931],[-79.916906,40.414834],[-79.916866,40.414627],[-79.916881,40.414528],[-79.917345,40.414195],[-79.917783,40.413894],[-79.917981,40.41375],[-79.918166,40.413543],[-79.918406,40.41344],[-79.918689,40.413181],[-79.918994,40.412939],[-79.919563,40.412419],[-79.920196,40.411962],[-79.920541,40.411696],[-79.920851,40.4116],[-79.921125,40.411398],[-79.921853,40.410669],[-79.922149,40.410494],[-79.922292,40.410125],[-79.922331,40.410018],[-79.922445,40.409903],[-79.922487,40.409609],[-79.922619,40.409373],[-79.922721,40.409106],[-79.922895,40.409001],[-79.923073,40.408812],[-79.923263,40.408533],[-79.923375,40.408378],[-79.923392,40.408198],[-79.923588,40.407884],[-79.923823,40.407525],[-79.924168,40.40704],[-79.924429,40.406686],[-79.924705,40.406337],[-79.924837,40.406064],[-79.925116,40.405709],[-79.925593,40.405205],[-79.926061,40.404638],[-79.926644,40.403872],[-79.926819,40.403576],[-79.927812,40.402645],[-79.928174,40.402311],[-79.928908,40.40179],[-79.929801,40.401171],[-79.930781,40.40073],[-79.931613,40.40037],[-79.931956,40.400257],[-79.932462,40.400214],[-79.932653,40.400199],[-79.93301,40.400079],[-79.933814,40.399884],[-79.934483,40.399714],[-79.934914,40.399632],[-79.935444,40.399605],[-79.935953,40.399635],[-79.936333,40.399763],[-79.936587,40.399882],[-79.936765,40.400143],[-79.936991,40.400517],[-79.937096,40.400802],[-79.937082,40.401056],[-79.937026,40.401485],[-79.936924,40.401746],[-79.936702,40.40219],[-79.936523,40.402351],[-79.936236,40.402801],[-79.93604,40.403002],[-79.935716,40.403233],[-79.935483,40.403435],[-79.935312,40.403607],[-79.935236,40.403755],[-79.935195,40.403874],[-79.935227,40.403936],[-79.935285,40.403918],[-79.935487,40.40379],[-79.935931,40.403612],[-79.936257,40.403454],[-79.936643,40.403306],[-79.936894,40.403104],[-79.937193,40.402772],[-79.937444,40.402356],[-79.937541,40.402157],[-79.937858,40.401937],[-79.938319,40.401612],[-79.938774,40.401457],[-79.939238,40.401443],[-79.939748,40.401501],[-79.940261,40.401671],[-79.940624,40.401946],[-79.941032,40.40226],[-79.941085,40.402647],[-79.940972,40.402807],[-79.940857,40.402888],[-79.940687,40.402863],[-79.9403,40.402735],[-79.940149,40.402631],[-79.940115,40.402508],[-79.939859,40.402321],[-79.939521,40.40213],[-79.939291,40.402062],[-79.938893,40.402058],[-79.938697,40.402157],[-79.938518,40.402296],[-79.938331,40.40244],[-79.938088,40.402439],[-79.938012,40.402491],[-79.937943,40.402622],[-79.93785,40.402725],[-79.937735,40.402818],[-79.937658,40.402932],[-79.937603,40.403062],[-79.937601,40.40344],[-79.937518,40.403605],[-79.93739,40.403754],[-79.937312,40.40384],[-79.937175,40.403921],[-79.936991,40.403925],[-79.936805,40.403883],[-79.936637,40.403914],[-79.93652,40.403939],[-79.936099,40.404133],[-79.935649,40.404344],[-79.935247,40.404555],[-79.935064,40.404592],[-79.934781,40.40461],[-79.934744,40.404623],[-79.934728,40.404648],[-79.93473,40.404683],[-79.934735,40.404721],[-79.934752,40.404755],[-79.934772,40.404794],[-79.934799,40.404817],[-79.93483,40.404843],[-79.934877,40.404857],[-79.934937,40.404859],[-79.9354,40.404803],[-79.935618,40.404807],[-79.935846,40.404853],[-79.936016,40.405002],[-79.93627,40.40533],[-79.937208,40.406546],[-79.937314,40.406622],[-79.937485,40.406692],[-79.938238,40.406949],[-79.938456,40.40708],[-79.9386,40.407207],[-79.938708,40.407365],[-79.938768,40.407626],[-79.938852,40.407838],[-79.939045,40.408105],[-79.93929,40.408405],[-79.93951,40.408586],[-79.939645,40.408888],[-79.939752,40.409027],[-79.939789,40.409041],[-79.939841,40.409019],[-79.939889,40.408906],[-79.939878,40.408348],[-79.939915,40.408258],[-79.940032,40.408137],[-79.940205,40.408033],[-79.940603,40.408547],[-79.940798,40.40877],[-79.940934,40.40888],[-79.940976,40.408906],[-79.941053,40.408918],[-79.941139,40.408918],[-79.941199,40.408892],[-79.941364,40.40876],[-79.941479,40.408425],[-79.941631,40.408338],[-79.941747,40.408302],[-79.941877,40.408327],[-79.942027,40.40842],[-79.942068,40.408555],[-79.941943,40.408788],[-79.941574,40.409206],[-79.941306,40.409358],[-79.940991,40.409398],[-79.940734,40.409436],[-79.940574,40.409496],[-79.940518,40.409576],[-79.940475,40.409852],[-79.940385,40.410237],[-79.940316,40.410388],[-79.940226,40.410496],[-79.940019,40.410739],[-79.93965,40.411124],[-79.939498,40.411306],[-79.939463,40.411393],[-79.939518,40.411449],[-79.939678,40.411504],[-79.940078,40.411514],[-79.940489,40.411402],[-79.940892,40.411037],[-79.941457,40.410576],[-79.941792,40.410414],[-79.942495,40.410263],[-79.943067,40.410223],[-79.943301,40.410345],[-79.943474,40.410555],[-79.943564,40.410779],[-79.943524,40.410935],[-79.943298,40.411176],[-79.942941,40.411344],[-79.942809,40.411445],[-79.942732,40.411631],[-79.942725,40.411867],[-79.942874,40.412055],[-79.943218,40.412302],[-79.943557,40.412762],[-79.944161,40.413714],[-79.944541,40.414387],[-79.944585,40.414577],[-79.944788,40.414792],[-79.944976,40.415019],[-79.945206,40.415586],[-79.945272,40.415659],[-79.945528,40.415856],[-79.945878,40.416207],[-79.946261,40.416707],[-79.946404,40.416941],[-79.946647,40.41723],[-79.947069,40.417678],[-79.947488,40.41827],[-79.947995,40.41901],[-79.948356,40.419464],[-79.948764,40.419941],[-79.949046,40.420258],[-79.94911,40.420845],[-79.949183,40.420994],[-79.949683,40.421526],[-79.950949,40.423348],[-79.95145,40.424353],[-79.951505,40.424784],[-79.95141,40.425115],[-79.951183,40.425315],[-79.950892,40.425419],[-79.950718,40.425399],[-79.950397,40.425273],[-79.950238,40.425235],[-79.950059,40.425319],[-79.949675,40.425569],[-79.949512,40.425641],[-79.949135,40.425666],[-79.948942,40.425744],[-79.948651,40.425836],[-79.948447,40.425846],[-79.948159,40.425782],[-79.947841,40.425748],[-79.947611,40.425741],[-79.947483,40.425772],[-79.947494,40.425853],[-79.947565,40.425949],[-79.947787,40.426055],[-79.947992,40.426114],[-79.948199,40.426202],[-79.948569,40.426455],[-79.948649,40.426597],[-79.948614,40.426685],[-79.948513,40.426802],[-79.948306,40.426933],[-79.947963,40.427072],[-79.947214,40.427213],[-79.946452,40.427447],[-79.945583,40.427699],[-79.945368,40.42764],[-79.94514,40.427581],[-79.94505,40.42759],[-79.944984,40.427605],[-79.944946,40.427631],[-79.944906,40.427678],[-79.944868,40.427791],[-79.944802,40.42797],[-79.944625,40.428202],[-79.944315,40.428404],[-79.943961,40.428665],[-79.943659,40.428878],[-79.943138,40.42909],[-79.942525,40.429154],[-79.941719,40.42905],[-79.940614,40.428943],[-79.939567,40.428798],[-79.938891,40.428627],[-79.938261,40.428401],[-79.937901,40.428216],[-79.937383,40.428116],[-79.936939,40.428078],[-79.936224,40.428211],[-79.935523,40.428389],[-79.93477,40.42844],[-79.933942,40.428391],[-79.933454,40.428291],[-79.932915,40.428283],[-79.932338,40.428238],[-79.931878,40.428275],[-79.931051,40.428263],[-79.930235,40.428205],[-79.929766,40.428141],[-79.929039,40.427898],[-79.928613,40.427686],[-79.928268,40.427381],[-79.928032,40.42712],[-79.927943,40.426966],[-79.927797,40.426905],[-79.927627,40.426835],[-79.92749,40.426654],[-79.927471,40.426426],[-79.927562,40.426286],[-79.927837,40.426281],[-79.928151,40.426367],[-79.928348,40.42651],[-79.928462,40.4267],[-79.928585,40.426817],[-79.928853,40.426967],[-79.929335,40.42722],[-79.92983,40.42743],[-79.930033,40.427498],[-79.930242,40.427527],[-79.930502,40.427549],[-79.930782,40.427566],[-79.931553,40.427535],[-79.931764,40.42752],[-79.932032,40.427498],[-79.932397,40.427475],[-79.932562,40.427455],[-79.932704,40.427403],[-79.932852,40.427335],[-79.932999,40.4272],[-79.933196,40.427081],[-79.933478,40.426928],[-79.93367,40.426869],[-79.9341,40.42685],[-79.934703,40.426866],[-79.935094,40.426859],[-79.935201,40.426846],[-79.935372,40.426788],[-79.93566,40.426612],[-79.93586,40.426367],[-79.936091,40.426182],[-79.936524,40.42602],[-79.936834,40.425855],[-79.937127,40.425822],[-79.937408,40.425849],[-79.937611,40.425911],[-79.93773,40.426041],[-79.937815,40.426215],[-79.937777,40.426375],[-79.937699,40.426582],[-79.937613,40.426699],[-79.937505,40.42678],[-79.937373,40.42681],[-79.937158,40.426817],[-79.937004,40.426831],[-79.936963,40.426887],[-79.936934,40.426994],[-79.937005,40.427075],[-79.937127,40.427095],[-79.937364,40.427079],[-79.937628,40.427052],[-79.937931,40.427091],[-79.938185,40.427185],[-79.938508,40.427403],[-79.938605,40.427522],[-79.938656,40.427757],[-79.93881,40.427859],[-79.938928,40.427955],[-79.939124,40.428034],[-79.939376,40.428051],[-79.939613,40.428046],[-79.939799,40.428048],[-79.940066,40.428098],[-79.940307,40.428214],[-79.940485,40.428282],[-79.940817,40.428325],[-79.941069,40.428348],[-79.941261,40.428306],[-79.941651,40.428167],[-79.941913,40.428058],[-79.94214,40.427982],[-79.942298,40.427984],[-79.94242,40.42796],[-79.942765,40.427773],[-79.943002,40.427565],[-79.943033,40.427394],[-79.942935,40.427254],[-79.942803,40.427163],[-79.942519,40.427042],[-79.942145,40.427011],[-79.941801,40.427028],[-79.941522,40.427061],[-79.941385,40.427036],[-79.941333,40.426999],[-79.941292,40.426829],[-79.941491,40.426754],[-79.941889,40.426642],[-79.94218,40.426555],[-79.942454,40.426577],[-79.942872,40.426646],[-79.943218,40.426689],[-79.943444,40.426794],[-79.943631,40.426906],[-79.94369,40.426959],[-79.943736,40.427063],[-79.943747,40.427167],[-79.943727,40.427228],[-79.943784,40.42721],[-79.943859,40.427093],[-79.943955,40.426943],[-79.943994,40.426838],[-79.94412,40.426732],[-79.944248,40.42668],[-79.944383,40.426644],[-79.944593,40.426695],[-79.944731,40.426753],[-79.944826,40.426817],[-79.944935,40.426842],[-79.945071,40.42684],[-79.945364,40.426812],[-79.946012,40.426646],[-79.946382,40.426541],[-79.946508,40.426445],[-79.946484,40.426385],[-79.946337,40.426278],[-79.946198,40.426198],[-79.946021,40.426026],[-79.945815,40.425893],[-79.945619,40.42582],[-79.945454,40.425719],[-79.945322,40.425612],[-79.945268,40.425503],[-79.9452,40.425389],[-79.945196,40.425279],[-79.945228,40.425147],[-79.945322,40.424975],[-79.945433,40.42483],[-79.945517,40.424774],[-79.945665,40.424705],[-79.945994,40.42465],[-79.94651,40.424651],[-79.946942,40.42467],[-79.947274,40.424746],[-79.94747,40.424803],[-79.947578,40.424822],[-79.94774,40.424847],[-79.947811,40.424802],[-79.947885,40.424646],[-79.948058,40.424468],[-79.948464,40.424356],[-79.948759,40.424377],[-79.949198,40.42444],[-79.949432,40.424557],[-79.94962,40.424592],[-79.949792,40.424594],[-79.949955,40.424547],[-79.950105,40.424516],[-79.950492,40.424509],[-79.950459,40.424372],[-79.950336,40.424111],[-79.950081,40.423765],[-79.949501,40.423271],[-79.949004,40.42276],[-79.948625,40.422377],[-79.948346,40.422179],[-79.947859,40.421986],[-79.947275,40.421794],[-79.946629,40.421576],[-79.946339,40.421482],[-79.946164,40.421387],[-79.945971,40.42121],[-79.945859,40.421064],[-79.945855,40.420948],[-79.945997,40.420896],[-79.946219,40.420881],[-79.946442,40.420899],[-79.946674,40.420966],[-79.946774,40.420964],[-79.946852,40.420918],[-79.946907,40.420852],[-79.947002,40.420696],[-79.947033,40.420525],[-79.947,40.420405],[-79.946511,40.419828],[-79.946278,40.419503],[-79.946168,40.419192],[-79.945955,40.418949],[-79.944963,40.418227],[-79.944498,40.417825],[-79.944244,40.417637],[-79.943892,40.417617],[-79.94349,40.417608],[-79.943081,40.41761],[-79.942864,40.417554],[-79.942666,40.417437],[-79.942503,40.417264],[-79.942488,40.416831],[-79.942486,40.416524],[-79.942378,40.416307],[-79.942201,40.416052],[-79.942144,40.415845],[-79.942122,40.415609],[-79.941909,40.415234],[-79.94169,40.414893],[-79.941462,40.414727],[-79.941158,40.41453],[-79.940997,40.414423],[-79.940781,40.414411],[-79.940552,40.414432],[-79.940449,40.41456],[-79.940346,40.414726],[-79.940347,40.414973],[-79.940522,40.41548],[-79.940704,40.416009],[-79.940785,40.416553],[-79.940778,40.416778],[-79.940733,40.416987],[-79.940657,40.417141],[-79.940498,40.417251],[-79.940284,40.417238],[-79.940099,40.417202],[-79.939943,40.417177],[-79.939836,40.417038],[-79.939674,40.416822],[-79.939478,40.41669],[-79.939196,40.416634],[-79.938939,40.416661],[-79.938681,40.416857],[-79.938456,40.416969],[-79.938232,40.417102],[-79.938039,40.417281],[-79.937824,40.417488],[-79.937476,40.417652],[-79.937241,40.417775],[-79.936908,40.417973],[-79.936551,40.418075],[-79.936265,40.418137],[-79.936106,40.418213],[-79.935865,40.418302],[-79.935719,40.418333],[-79.935738,40.418231],[-79.935829,40.4181],[-79.935868,40.417936],[-79.93596,40.417805],[-79.936057,40.417617],[-79.936096,40.417475],[-79.9361,40.417351],[-79.936119,40.41725],[-79.936167,40.417164],[-79.936368,40.417003],[-79.936409,40.416883],[-79.936348,40.416603],[-79.93637,40.416377],[-79.936454,40.416224],[-79.936485,40.41606],[-79.936466,40.415925],[-79.936405,40.41574],[-79.936385,40.415594],[-79.936439,40.415418],[-79.936521,40.415225],[-79.936603,40.415038],[-79.936796,40.414859],[-79.936955,40.414761],[-79.937108,40.414696],[-79.937172,40.414621],[-79.937243,40.414541],[-79.937208,40.41439],[-79.937036,40.414292],[-79.936644,40.414147],[-79.936419,40.41401],[-79.936202,40.413924],[-79.935685,40.413867],[-79.935295,40.413868],[-79.934787,40.413895],[-79.934369,40.413953],[-79.934144,40.414065],[-79.933907,40.414249],[-79.933714,40.414422],[-79.933604,40.414441],[-79.933419,40.414422],[-79.933024,40.414322],[-79.93291,40.41433],[-79.932841,40.414374],[-79.932705,40.414379],[-79.932624,40.414361],[-79.932517,40.414357],[-79.932424,40.414345],[-79.932275,40.414275],[-79.932174,40.414246],[-79.932092,40.414109],[-79.932035,40.41393],[-79.932042,40.413688],[-79.931948,40.413503],[-79.931782,40.413394],[-79.931728,40.413327],[-79.931727,40.413057],[-79.931769,40.412989],[-79.931794,40.412853],[-79.931976,40.412788],[-79.932311,40.412674],[-79.93264,40.412595],[-79.932986,40.412368],[-79.933432,40.412146],[-79.933709,40.412056],[-79.933922,40.412035],[-79.934114,40.412032],[-79.934259,40.411978],[-79.934316,40.41191],[-79.934371,40.41179],[-79.934455,40.411648],[-79.93445,40.411513],[-79.93435,40.411363],[-79.934255,40.411167],[-79.934186,40.411078],[-79.934042,40.410957],[-79.933906,40.410864],[-79.933748,40.410749],[-79.933693,40.41066],[-79.933592,40.410492],[-79.933518,40.410145],[-79.933532,40.409885],[-79.933607,40.409687],[-79.933792,40.40948],[-79.934095,40.4093],[-79.934512,40.409219],[-79.934858,40.409195],[-79.935243,40.40925],[-79.935747,40.409353],[-79.935962,40.409389],[-79.936199,40.40944],[-79.936376,40.409443],[-79.936478,40.409407],[-79.936579,40.40936],[-79.936665,40.409268],[-79.936674,40.409105],[-79.936633,40.408959],[-79.936494,40.408776],[-79.936357,40.408638],[-79.935952,40.408195],[-79.935652,40.408009],[-79.93538,40.407822],[-79.93521,40.407566],[-79.935041,40.407344],[-79.934883,40.407144],[-79.93477,40.407057],[-79.934725,40.407029],[-79.934601,40.407071],[-79.934262,40.407297],[-79.934184,40.407377],[-79.934178,40.407654],[-79.934103,40.40783],[-79.933826,40.408156],[-79.933712,40.408276],[-79.933565,40.408274],[-79.933336,40.408255],[-79.933211,40.408275],[-79.933079,40.4083],[-79.932934,40.40837],[-79.932813,40.408485],[-79.93269,40.408572],[-79.932529,40.408586],[-79.932397,40.408605],[-79.932302,40.408647],[-79.932237,40.408682],[-79.932129,40.408751],[-79.932072,40.40882],[-79.931949,40.40889],[-79.931841,40.408954],[-79.931746,40.408995],[-79.931585,40.409015],[-79.93143,40.409001],[-79.931296,40.40897],[-79.931192,40.408887],[-79.931133,40.408773],[-79.931134,40.408457],[-79.931318,40.407992],[-79.931358,40.40787],[-79.931471,40.407482],[-79.931496,40.40733],[-79.931425,40.407196],[-79.931237,40.407087],[-79.930931,40.406963],[-79.930383,40.406855],[-79.929531,40.406713],[-79.929193,40.406725],[-79.92903,40.406635],[-79.928894,40.406534],[-79.928701,40.406498],[-79.928473,40.406502],[-79.928186,40.406516],[-79.928028,40.406514],[-79.927935,40.406493],[-79.927889,40.406432],[-79.927877,40.406311],[-79.927885,40.406201],[-79.927979,40.40605],[-79.928209,40.405865],[-79.928847,40.405532],[-79.930058,40.405188],[-79.931573,40.404895],[-79.931825,40.404822],[-79.932279,40.40451],[-79.93266,40.40399],[-79.932732,40.403724],[-79.933258,40.403117],[-79.93345,40.402696],[-79.933548,40.402525],[-79.933526,40.402306],[-79.93338,40.402128],[-79.933091,40.402066],[-79.932651,40.402131],[-79.9323,40.402205],[-79.932025,40.402334],[-79.931478,40.402728],[-79.93107,40.402871],[-79.93078,40.403023],[-79.93038,40.403402],[-79.930011,40.403837],[-79.929492,40.404207],[-79.928871,40.404591],[-79.928012,40.405339],[-79.927496,40.405788],[-79.927074,40.406179],[-79.92681,40.406669],[-79.926526,40.407001],[-79.926138,40.407312],[-79.926009,40.407405],[-79.925883,40.40761],[-79.925643,40.407953],[-79.92527,40.408241]]]}},
{"type":"Feature","properties":{},"geometry":{"type":"Polygon","coordinates":[[[-80.009467,40.412317],[-80.00932,40.412472],[-80.009236,40.412617],[-80.009237,40.412799],[-80.009308,40.413106],[-80.009328,40.413215],[-80.009276,40.413301],[-80.009151,40.413367],[-80.008996,40.413361],[-80.008813,40.413327],[-80.008666,40.413224],[-80.008422,40.413034],[-80.008213,40.412916],[-80.008044,40.412801],[-80.00793,40.412702],[-80.00785,40.412463],[-80.007724,40.412161],[-80.007566,40.411894],[-80.007402,40.411538],[-80.007233,40.411351],[-80.007127,40.411159],[-80.007026,40.410937],[-80.006934,40.410816],[-80.006724,40.410652],[-80.006507,40.410516],[-80.006349,40.410422],[-80.006077,40.410208],[-80.005912,40.41008],[-80.005826,40.409972],[-80.005553,40.409572],[-80.005233,40.409105],[-80.005135,40.408879],[-80.005004,40.408594],[-80.004954,40.408088],[-80.004967,40.407408],[-80.004996,40.407137],[-80.005,40.406909],[-80.004969,40.40672],[-80.004891,40.406556],[-80.004765,40.406424],[-80.004481,40.40618],[-80.004181,40.405949],[-80.004019,40.40575],[-80.003981,40.40559],[-80.003996,40.405535],[-80.004044,40.405496],[-80.004164,40.405496],[-80.00458,40.405714],[-80.004821,40.405735],[-80.005179,40.405851],[-80.005449,40.406],[-80.005729,40.406153],[-80.006143,40.406448],[-80.006279,40.406603],[-80.006398,40.406756],[-80.006431,40.406861],[-80.006422,40.406971],[-80.006367,40.407075],[-80.006323,40.407231],[-80.006312,40.407389],[-80.006355,40.407659],[-80.006393,40.407788],[-80.006533,40.408146],[-80.006715,40.408529],[-80.0069,40.408771],[-80.007133,40.408941],[-80.007475,40.409089],[-80.007643,40.409105],[-80.007822,40.409108],[-80.007977,40.409079],[-80.008244,40.408996],[-80.008536,40.40895],[-80.008832,40.408914],[-80.00906,40.408948],[-80.009126,40.408967],[-80.009172,40.40901],[-80.009185,40.409052],[-80.009175,40.409088],[-80.009035,40.409187],[-80.00882,40.409314],[-80.008605,40.409441],[-80.00849,40.409559],[-80.008453,40.409653],[-80.008387,40.409878],[-80.008378,40.410023],[-80.008425,40.410134],[-80.008518,40.410278],[-80.008742,40.410441],[-80.008997,40.410637],[-80.00925,40.410766],[-80.009548,40.410822],[-80.009739,40.410851],[-80.009885,40.410854],[-80.010001,40.410824],[-80.010224,40.410741],[-80.010525,40.410551],[-80.010941,40.410342],[-80.011249,40.410246],[-80.011432,40.410212],[-80.011724,40.410187],[-80.012145,40.410133],[-80.012577,40.410102],[-80.012919,40.41008],[-80.013543,40.410026],[-80.014059,40.409974],[-80.014379,40.409939],[-80.014641,40.409901],[-80.014821,40.40983],[-80.015071,40.409663],[-80.015558,40.409358],[-80.015766,40.409259],[-80.015993,40.409064],[-80.016285,40.408718],[-80.016476,40.408541],[-80.016699,40.408436],[-80.016944,40.40833],[-80.017121,40.408176],[-80.017188,40.407979],[-80.017205,40.407845],[-80.017266,40.40771],[-80.017349,40.407568],[-80.01739,40.407478],[-80.01746,40.407387],[-80.017569,40.407246],[-80.017634,40.40701],[-80.017656,40.406791],[-80.017661,40.406659],[-80.017679,40.406623],[-80.017741,40.406588],[-80.01792,40.406582],[-80.017969,40.406636],[-80.017999,40.406716],[-80.018019,40.406802],[-80.01803,40.406971],[-80.018047,40.407236],[-80.017978,40.407466],[-80.017849,40.407751],[-80.017776,40.40804],[-80.017683,40.40824],[-80.017513,40.408582],[-80.017331,40.408754],[-80.017082,40.408903],[-80.01692,40.409024],[-80.016737,40.409154],[-80.016565,40.40931],[-80.016352,40.409534],[-80.01616,40.409757],[-80.015914,40.409999],[-80.015593,40.4103],[-80.015377,40.41044],[-80.015094,40.410555],[-80.014732,40.41063],[-80.014425,40.410712],[-80.014129,40.410737],[-80.013851,40.41075],[-80.013453,40.410742],[-80.013084,40.410712],[-80.012641,40.410697],[-80.012154,40.410703],[-80.01168,40.410781],[-80.011355,40.410886],[-80.01109,40.41099],[-80.010885,40.411104],[-80.010628,40.411288],[-80.010357,40.411539],[-80.010153,40.411704],[-80.009779,40.412074],[-80.009467,40.412317]]]}},
{"type":"Feature","properties":{},"geometry":{"type":"Polygon","coordinates":[[[-79.999473,40.411238],[-79.999835,40.41125],[-80.000262,40.411257],[-80.000689,40.411257],[-80.001128,40.41128],[-80.001323,40.411213],[-80.001509,40.411161],[-80.001777,40.411084],[-80.002026,40.411048],[-80.002738,40.410867],[-80.003027,40.410789],[-80.003295,40.410712],[-80.003502,40.410669],[-80.003623,40.410547],[-80.003619,40.410411],[-80.003519,40.410246],[-80.003411,40.410121],[-80.00309,40.409856],[-80.002788,40.409552],[-80.002585,40.409388],[-80.002469,40.409351],[-80.002178,40.409372],[-80.001722,40.409421],[-80.001543,40.409377],[-80.001468,40.409299],[-80.001469,40.409036],[-80.001463,40.40869],[-80.001505,40.408553],[-80.001591,40.40846],[-80.001727,40.40835],[-80.001968,40.408138],[-80.002095,40.408048],[-80.002221,40.407926],[-80.00222,40.407743],[-80.002217,40.407504],[-80.002166,40.407378],[-80.002022,40.407285],[-80.001868,40.407185],[-80.001647,40.407101],[-80.001527,40.407092],[-80.001241,40.407101],[-80.001045,40.407165],[-80.000927,40.407235],[-80.000824,40.407253],[-80.000711,40.407291],[-80.000577,40.407333],[-80.000478,40.407331],[-80.000387,40.407253],[-80.000337,40.407163],[-80.000341,40.407043],[-80.000409,40.406914],[-80.000468,40.406802],[-80.00044,40.406603],[-80.000403,40.406413],[-80.000428,40.406221],[-80.000476,40.406117],[-80.000587,40.406003],[-80.000654,40.405811],[-80.000637,40.40562],[-80.000591,40.405509],[-80.00044,40.405337],[-80.000213,40.405087],[-79.99989,40.404758],[-79.999675,40.404555],[-79.999473,40.404414],[-79.999392,40.404333],[-79.999292,40.404165],[-79.999141,40.403979],[-79.998947,40.403781],[-79.998933,40.403618],[-79.998792,40.403354],[-79.9986,40.403214],[-79.998385,40.403172],[-79.998113,40.403184],[-79.997706,40.403244],[-79.997287,40.403461],[-79.996879,40.403749],[-79.996581,40.404036],[-79.996385,40.4043],[-79.996338,40.404679],[-79.996295,40.405163],[-79.996215,40.40534],[-79.996048,40.405448],[-79.995868,40.405406],[-79.995778,40.405257],[-79.995602,40.405091],[-79.995423,40.404847],[-79.995303,40.404556],[-79.995143,40.404357],[-79.995033,40.404268],[-79.994867,40.404154],[-79.994616,40.404041],[-79.994495,40.403985],[-79.99429,40.403969],[-79.994194,40.403919],[-79.994123,40.403809],[-79.994145,40.403718],[-79.994237,40.403651],[-79.994346,40.403597],[-79.994506,40.403548],[-79.994743,40.403491],[-79.995014,40.403427],[-79.9952,40.403378],[-79.995418,40.403276],[-79.995668,40.403101],[-79.995797,40.402897],[-79.996156,40.402544],[-79.996421,40.402311],[-79.996685,40.402025],[-79.996869,40.401911],[-79.997028,40.401849],[-79.997298,40.401766],[-79.997657,40.401511],[-79.997965,40.401296],[-79.998231,40.401089],[-79.998245,40.400997],[-79.998255,40.400808],[-79.998158,40.400562],[-79.998107,40.400139],[-79.998024,40.399939],[-79.997954,40.399888],[-79.997868,40.399851],[-79.997703,40.399762],[-79.997588,40.399641],[-79.997445,40.398933],[-79.997397,40.39851],[-79.997317,40.398427],[-79.99716,40.398299],[-79.997182,40.398195],[-79.997198,40.397865],[-79.997158,40.397168],[-79.997051,40.397027],[-79.996938,40.396964],[-79.996853,40.396959],[-79.996624,40.396996],[-79.996157,40.397064],[-79.995886,40.397108],[-79.99585,40.397057],[-79.99584,40.397011],[-79.995895,40.39686],[-79.996076,40.396674],[-79.99637,40.396545],[-79.996682,40.396428],[-79.997064,40.396388],[-79.997373,40.39644],[-79.997572,40.396547],[-79.99779,40.396699],[-79.997985,40.396911],[-79.998167,40.397139],[-79.998329,40.397383],[-79.998533,40.397634],[-79.998862,40.398025],[-79.999131,40.398424],[-79.999247,40.398715],[-79.999328,40.399346],[-79.999442,40.399689],[-79.999605,40.400234],[-79.999824,40.400797],[-79.999892,40.40105],[-79.99981,40.401404],[-79.999658,40.40172],[-79.999347,40.40196],[-79.999154,40.402062],[-79.998926,40.402125],[-79.99846,40.402212],[-79.998335,40.402306],[-79.998565,40.402302],[-79.998856,40.402335],[-79.999082,40.402461],[-79.999271,40.402744],[-79.999327,40.402893],[-79.999375,40.403055],[-79.999473,40.403171],[-79.999679,40.403287],[-80.000219,40.403632],[-80.000759,40.403977],[-80.001351,40.404612],[-80.00192,40.405183],[-80.002334,40.405563],[-80.003026,40.406034],[-80.0036,40.40646],[-80.003939,40.406784],[-80.004104,40.406991],[-80.004185,40.407184],[-80.004224,40.407409],[-80.004223,40.407692],[-80.004178,40.407936],[-80.004008,40.40823],[-80.003921,40.408482],[-80.003932,40.408805],[-80.003994,40.409143],[-80.004072,40.409271],[-80.004186,40.409511],[-80.004373,40.409742],[-80.00454,40.410006],[-80.004674,40.410213],[-80.004968,40.410458],[-80.005314,40.410694],[-80.005477,40.410828],[-80.005533,40.410916],[-80.005578,40.411004],[-80.005558,40.411061],[-80.005459,40.411088],[-80.005316,40.411114],[-80.005163,40.411147],[-80.005043,40.411167],[-80.004848,40.411215],[-80.004657,40.41128],[-80.004301,40.411376],[-80.003986,40.411455],[-80.003431,40.411611],[-80.003128,40.41169],[-80.002906,40.411686],[-80.002601,40.411733],[-80.002337,40.411746],[-80.002169,40.411782],[-80.001834,40.411869],[-80.001549,40.411883],[-80.001083,40.411867],[-80.000564,40.411837],[-80.000003,40.411791],[-79.999473,40.411754],[-79.999153,40.411758],[-79.998969,40.411853],[-79.998285,40.412316],[-79.998018,40.412484],[-79.997657,40.412661],[-79.997404,40.41275],[-79.997161,40.412859],[-79.996925,40.412955],[-79.996756,40.412985],[-79.996718,40.412888],[-79.996727,40.41264],[-79.996884,40.412493],[-79.997284,40.412198],[-79.99762,40.411794],[-79.997912,40.411339],[-79.998133,40.411086],[-79.998224,40.410987],[-79.998245,40.410869],[-79.998482,40.410552],[-79.998703,40.410521],[-79.998976,40.410542],[-79.999207,40.410563],[-79.999364,40.410671],[-79.999414,40.410885],[-79.999401,40.411016],[-79.99938,40.411147],[-79.999473,40.411238]]]}},
{"type":"Feature","properties":{},"geometry":{"type":"Polygon","coordinates":[[[-79.956151,40.41024],[-79.956195,40.409432],[-79.956112,40.409114],[-79.956403,40.408604],[-79.956605,40.408269],[-79.956829,40.408151],[-79.957126,40.407956],[-79.957361,40.407868],[-79.957716,40.407756],[-79.957951,40.407653],[-79.958057,40.407524],[-79.958114,40.407306],[-79.958259,40.406987],[-79.958385,40.406767],[-79.958732,40.406561],[-79.958868,40.406513],[-79.959094,40.406428],[-79.959229,40.406348],[-79.959332,40.406255],[-79.959374,40.406159],[-79.959408,40.40593],[-79.959439,40.405758],[-79.959491,40.405655],[-79.959562,40.405577],[-79.959711,40.405511],[-79.959994,40.405382],[-79.960302,40.405264],[-79.960684,40.405187],[-79.961224,40.405148],[-79.961372,40.405181],[-79.961456,40.405228],[-79.96148,40.405375],[-79.96158,40.40564],[-79.961753,40.405875],[-79.961887,40.406055],[-79.962058,40.40622],[-79.962065,40.406718],[-79.961976,40.407092],[-79.962033,40.407133],[-79.962125,40.407145],[-79.962215,40.407101],[-79.962322,40.407008],[-79.962538,40.40687],[-79.962935,40.406659],[-79.963475,40.406347],[-79.96382,40.406228],[-79.964232,40.406147],[-79.964334,40.406106],[-79.96446,40.406023],[-79.964584,40.405963],[-79.964703,40.405889],[-79.964817,40.405795],[-79.964827,40.405744],[-79.96481,40.405666],[-79.964765,40.405609],[-79.964705,40.405573],[-79.964558,40.405572],[-79.964498,40.405535],[-79.96446,40.4055],[-79.964426,40.405455],[-79.964419,40.405361],[-79.964414,40.405231],[-79.964429,40.405115],[-79.96442,40.404982],[-79.964315,40.404858],[-79.964133,40.404756],[-79.96403,40.404705],[-79.96392,40.404577],[-79.963897,40.404438],[-79.963901,40.404339],[-79.963943,40.404226],[-79.964013,40.404113],[-79.964127,40.40397],[-79.964226,40.403772],[-79.964176,40.403625],[-79.964043,40.403488],[-79.963911,40.403399],[-79.963719,40.403402],[-79.963507,40.403371],[-79.963193,40.403314],[-79.963063,40.403254],[-79.962977,40.403171],[-79.962875,40.403117],[-79.962782,40.403098],[-79.962506,40.403061],[-79.962275,40.403016],[-79.962107,40.402921],[-79.961863,40.402771],[-79.961768,40.402675],[-79.961784,40.402591],[-79.961846,40.402519],[-79.9619,40.402476],[-79.961989,40.402404],[-79.962142,40.402303],[-79.962313,40.402201],[-79.962482,40.402051],[-79.962624,40.401894],[-79.962711,40.401766],[-79.962827,40.401672],[-79.962998,40.401564],[-79.963189,40.401511],[-79.963362,40.401487],[-79.963622,40.401559],[-79.963714,40.401585],[-79.964067,40.401564],[-79.964539,40.401682],[-79.964826,40.401774],[-79.96519,40.401957],[-79.965459,40.402057],[-79.965617,40.402103],[-79.965901,40.402098],[-79.966072,40.401989],[-79.966186,40.401847],[-79.966255,40.401691],[-79.966452,40.401568],[-79.96666,40.401473],[-79.96701,40.40122],[-79.967199,40.401125],[-79.967532,40.401189],[-79.967983,40.401384],[-79.968256,40.401596],[-79.96845,40.401922],[-79.968543,40.402229],[-79.968564,40.402874],[-79.96846,40.40362],[-79.96852,40.40378],[-79.968614,40.403835],[-79.968815,40.403803],[-79.968978,40.403744],[-79.969121,40.403636],[-79.969246,40.403514],[-79.96938,40.403406],[-79.969531,40.403256],[-79.969645,40.403092],[-79.969796,40.402809],[-79.969915,40.402526],[-79.969959,40.402188],[-79.970007,40.40165],[-79.970907,40.402793],[-79.970867,40.40288],[-79.970954,40.403452],[-79.970746,40.403483],[-79.970442,40.404134],[-79.970118,40.404743],[-79.968748,40.405513],[-79.967178,40.406398],[-79.966139,40.406982],[-79.965214,40.407634],[-79.964028,40.40847],[-79.963714,40.408695],[-79.963522,40.408746],[-79.962922,40.407804],[-79.962116,40.408103],[-79.961715,40.408067],[-79.961293,40.408052],[-79.960846,40.407528],[-79.960447,40.40772],[-79.960254,40.407709],[-79.96007,40.408742],[-79.9593,40.408719],[-79.95929,40.409057],[-79.959065,40.409043],[-79.959041,40.409455],[-79.958775,40.409548],[-79.958576,40.409625],[-79.958355,40.409749],[-79.958235,40.409841],[-79.958064,40.409922],[-79.957868,40.409938],[-79.957657,40.410011],[-79.957407,40.410072],[-79.957267,40.410083],[-79.957156,40.410115],[-79.957085,40.410181],[-79.95698,40.410239],[-79.956752,40.410277],[-79.956489,40.410291],[-79.956277,40.410265],[-79.956151,40.41024]]]}},
{"type":"Feature","properties":{},"geometry":{"type":"Polygon","coordinates":[[[-79.956593,40.407852],[-79.956444,40.407541],[-79.956271,40.407244],[-79.956087,40.407042],[-79.955953,40.406911],[-79.956016,40.406623],[-79.954902,40.406858],[-79.954096,40.405074],[-79.953279,40.403264],[-79.953474,40.4032],[-79.953215,40.40253],[-79.952947,40.402659],[-79.952578,40.40217],[-79.952842,40.40168],[-79.951528,40.400042],[-79.951058,40.400234],[-79.950611,40.399635],[-79.949478,40.398651],[-79.949085,40.398339],[-79.948562,40.397873],[-79.947687,40.397173],[-79.946124,40.395954],[-79.944956,40.395413],[-79.945352,40.394886],[-79.944686,40.394555],[-79.945162,40.394645],[-79.94546,40.394706],[-79.945733,40.394808],[-79.946024,40.394961],[-79.946375,40.395075],[-79.94659,40.395148],[-79.946732,40.395184],[-79.94694,40.395201],[-79.947172,40.395257],[-79.94737,40.395339],[-79.94754,40.395458],[-79.947599,40.395545],[-79.947661,40.395642],[-79.947745,40.395729],[-79.947839,40.395785],[-79.947953,40.395834],[-79.948052,40.395873],[-79.948213,40.395988],[-79.948346,40.396013],[-79.948533,40.39614],[-79.949015,40.396423],[-79.949529,40.396752],[-79.949726,40.396928],[-79.949859,40.397067],[-79.950037,40.397197],[-79.950272,40.397342],[-79.950662,40.397622],[-79.950703,40.397673],[-79.950725,40.397945],[-79.950738,40.398011],[-79.950856,40.398108],[-79.950977,40.398215],[-79.951144,40.398351],[-79.951293,40.398357],[-79.951448,40.398369],[-79.951549,40.39845],[-79.95163,40.398548],[-79.951821,40.398715],[-79.951882,40.398792],[-79.95214,40.399045],[-79.952338,40.39922],[-79.952683,40.399396],[-79.953035,40.399447],[-79.953302,40.399483],[-79.953345,40.399493],[-79.953378,40.399523],[-79.953382,40.399681],[-79.95332,40.399791],[-79.953158,40.399893],[-79.953017,40.399954],[-79.952919,40.400043],[-79.95291,40.400265],[-79.952951,40.400347],[-79.953042,40.400449],[-79.953129,40.400533],[-79.95322,40.400572],[-79.953351,40.400576],[-79.9535,40.400571],[-79.953683,40.400524],[-79.953973,40.400424],[-79.954445,40.400274],[-79.955195,40.400058],[-79.955787,40.399894],[-79.9563,40.399732],[-79.956602,40.399626],[-79.956776,40.399543],[-79.956892,40.39944],[-79.956958,40.399302],[-79.956978,40.399142],[-79.956949,40.398856],[-79.956975,40.398804],[-79.957038,40.39877],[-79.957232,40.39873],[-79.957542,40.398649],[-79.957657,40.398564],[-79.957722,40.398412],[-79.957702,40.398267],[-79.957658,40.398105],[-79.957611,40.397938],[-79.957589,40.397838],[-79.957626,40.397806],[-79.957708,40.39787],[-79.957766,40.397918],[-79.957856,40.398033],[-79.958159,40.398348],[-79.958325,40.398567],[-79.958384,40.398611],[-79.958465,40.398672],[-79.958558,40.398703],[-79.958699,40.398719],[-79.958891,40.398752],[-79.959106,40.398812],[-79.959394,40.398858],[-79.959664,40.3989],[-79.959904,40.399011],[-79.960164,40.399088],[-79.960398,40.399208],[-79.960518,40.39927],[-79.96082,40.399264],[-79.961017,40.399275],[-79.961208,40.399297],[-79.961345,40.399368],[-79.96142,40.399467],[-79.961492,40.399603],[-79.961497,40.399779],[-79.961428,40.399883],[-79.961342,40.399996],[-79.961259,40.400045],[-79.960861,40.400044],[-79.96062,40.40004],[-79.960268,40.40009],[-79.959467,40.400105],[-79.95915,40.400201],[-79.958917,40.400266],[-79.958786,40.400367],[-79.958628,40.400528],[-79.958578,40.400701],[-79.958574,40.400924],[-79.958611,40.401035],[-79.958709,40.4012],[-79.958861,40.401378],[-79.958943,40.401475],[-79.958987,40.401628],[-79.959016,40.401838],[-79.959089,40.402004],[-79.959228,40.402143],[-79.959271,40.402258],[-79.959196,40.402379],[-79.959067,40.402527],[-79.958888,40.402711],[-79.958752,40.402851],[-79.958545,40.402855],[-79.958387,40.402832],[-79.95824,40.402788],[-79.958141,40.4027],[-79.958077,40.402437],[-79.957988,40.402214],[-79.957887,40.402046],[-79.957712,40.401929],[-79.957474,40.401809],[-79.957109,40.401734],[-79.956888,40.401772],[-79.956655,40.401854],[-79.956423,40.401937],[-79.956186,40.40204],[-79.956005,40.402159],[-79.955595,40.402467],[-79.955283,40.402786],[-79.955106,40.403047],[-79.955086,40.403296],[-79.955196,40.403573],[-79.955349,40.40396],[-79.955477,40.404271],[-79.955445,40.404505],[-79.955471,40.405215],[-79.955584,40.405217],[-79.955685,40.405155],[-79.955863,40.405023],[-79.956094,40.4048],[-79.956206,40.404707],[-79.956442,40.404696],[-79.956552,40.404716],[-79.956625,40.404807],[-79.956659,40.404943],[-79.95665,40.405715],[-79.956491,40.405984],[-79.956242,40.406264],[-79.956168,40.406402],[-79.956161,40.40654],[-79.95618,40.40678],[-79.956324,40.407068],[-79.956494,40.407468],[-79.956593,40.407852]]]}},
{"type":"Feature","properties":{},"geometry":{"type":"Polygon","coordinates":[[[-79.999473,40.39642],[-79.999695,40.396495],[-79.999882,40.396656],[-79.999987,40.396814],[-80.000105,40.396968],[-80.000332,40.397115],[-80.000584,40.397257],[-80.000823,40.397525],[-80.001003,40.397682],[-80.001138,40.397884],[-80.001272,40.39806],[-80.001383,40.398227],[-80.001429,40.398288],[-80.001595,40.398392],[-80.001813,40.398539],[-80.00177,40.398647],[-80.001658,40.398801],[-80.001582,40.398972],[-80.001519,40.399178],[-80.001517,40.399454],[-80.001584,40.399729],[-80.001614,40.399907],[-80.001537,40.400069],[-80.001406,40.40033],[-80.001162,40.400683],[-80.000924,40.400883],[-80.00076,40.40086],[-80.000661,40.40071],[-80.000642,40.400479],[-80.000621,40.400203],[-80.000636,40.399935],[-80.000595,40.399758],[-80.000575,40.399526],[-80.000636,40.399249],[-80.000618,40.399044],[-80.000449,40.398896],[-80.000294,40.398774],[-80.000218,40.398597],[-80.000141,40.398376],[-80.00011,40.398154],[-80.000068,40.397949],[-79.999909,40.397712],[-79.99966,40.397503],[-79.999473,40.397442],[-79.999303,40.397465],[-79.999148,40.397403],[-79.998936,40.397173],[-79.99867,40.396878],[-79.99837,40.396584],[-79.998016,40.396173],[-79.997993,40.396004],[-79.998579,40.396176],[-79.999042,40.396284],[-79.999473,40.39642]]]}},
{"type":"Feature","properties":{},"geometry":{"type":"Polygon","coordinates":[[[-79.91821,40.399314],[-79.916785,40.398695],[-79.916602,40.398616],[-79.916368,40.398812],[-79.91629,40.398767],[-79.916137,40.398689],[-79.916144,40.398653],[-79.915396,40.398216],[-79.91331,40.396997],[-79.915204,40.395378],[-79.915135,40.39557],[-79.915028,40.395779],[-79.914806,40.395991],[-79.91456,40.396334],[-79.914372,40.396594],[-79.914258,40.396771],[-79.914198,40.397062],[-79.914332,40.397245],[-79.914578,40.39735],[-79.914817,40.397424],[-79.915047,40.39745],[-79.915212,40.39742],[-79.915314,40.397326],[-79.915368,40.397198],[-79.91541,40.396951],[-79.915488,40.396787],[-79.915645,40.396784],[-79.915719,40.396859],[-79.915868,40.397031],[-79.916041,40.397093],[-79.916213,40.397101],[-79.916454,40.397042],[-79.916891,40.39687],[-79.917337,40.396533],[-79.918122,40.39606],[-79.918528,40.395834],[-79.918581,40.395702],[-79.91872,40.395557],[-79.918874,40.395478],[-79.919136,40.395626],[-79.919255,40.395766],[-79.919288,40.395929],[-79.919111,40.396172],[-79.918902,40.396351],[-79.918552,40.396554],[-79.91826,40.396822],[-79.918196,40.397031],[-79.918272,40.397171],[-79.918318,40.39728],[-79.918208,40.397424],[-79.9178,40.397606],[-79.917478,40.39782],[-79.917272,40.398053],[-79.917108,40.398307],[-79.917199,40.398448],[-79.917402,40.398542],[-79.917732,40.398602],[-79.918187,40.398538],[-79.918893,40.398285],[-79.919372,40.398079],[-79.919762,40.397788],[-79.920278,40.397374],[-79.920749,40.396939],[-79.921166,40.396571],[-79.921808,40.396111],[-79.922315,40.395874],[-79.922225,40.395949],[-79.921823,40.396283],[-79.92077,40.397172],[-79.919813,40.397976],[-79.918547,40.399031],[-79.91821,40.399314]]]}},
{"type":"Feature","properties":{},"geometry":{"type":"Polygon","coordinates":[[[-79.944398,40.394412],[-79.943668,40.394111],[-79.938327,40.3933],[-79.938493,40.393879],[-79.938545,40.394058],[-79.938182,40.393963],[-79.937797,40.393856],[-79.937628,40.393771],[-79.937045,40.393668],[-79.936527,40.393538],[-79.936245,40.393543],[-79.935948,40.393587],[-79.935614,40.393517],[-79.935311,40.393383],[-79.935072,40.39316],[-79.934926,40.392744],[-79.934746,40.391809],[-79.934531,40.390798],[-79.934572,40.390518],[-79.934741,40.390369],[-79.935168,40.390253],[-79.936056,40.390008],[-79.936523,40.389847],[-79.937139,40.389801],[-79.93772,40.389812],[-79.938311,40.389759],[-79.93884,40.389721],[-79.939401,40.38964],[-79.939836,40.389639],[-79.939943,40.389614],[-79.939955,40.389589],[-79.939917,40.38957],[-79.93963,40.389541],[-79.939157,40.389537],[-79.938876,40.389405],[-79.938718,40.389365],[-79.938068,40.389378],[-79.937422,40.389347],[-79.93639,40.389341],[-79.935734,40.389246],[-79.934677,40.389155],[-79.934138,40.389122],[-79.934048,40.389087],[-79.933995,40.389038],[-79.933942,40.388937],[-79.933719,40.388436],[-79.933693,40.387844],[-79.933808,40.386726],[-79.9338,40.386126],[-79.933729,40.385673],[-79.933621,40.3851],[-79.93351,40.38463],[-79.933504,40.383738],[-79.933533,40.383274],[-79.933646,40.382946],[-79.933772,40.382687],[-79.933963,40.382331],[-79.934201,40.381906],[-79.934296,40.381724],[-79.934424,40.381508],[-79.934519,40.381317],[-79.934624,40.381118],[-79.934775,40.380926],[-79.93495,40.380794],[-79.935137,40.380679],[-79.935303,40.380624],[-79.935369,40.380572],[-79.935326,40.38047],[-79.935276,40.38029],[-79.935303,40.380093],[-79.935411,40.379953],[-79.935586,40.379821],[-79.93585,40.379671],[-79.93615,40.379588],[-79.936496,40.37953],[-79.936806,40.379404],[-79.937015,40.379288],[-79.937211,40.379121],[-79.937393,40.378835],[-79.937588,40.378625],[-79.937658,40.378367],[-79.937776,40.378038],[-79.937984,40.377872],[-79.938202,40.377687],[-79.938374,40.377478],[-79.938524,40.377252],[-79.938605,40.376976],[-79.938757,40.376827],[-79.939085,40.376572],[-79.93959,40.376237],[-79.939955,40.376093],[-79.94026,40.376156],[-79.940454,40.376255],[-79.940717,40.376421],[-79.940921,40.376486],[-79.941089,40.376474],[-79.941277,40.376402],[-79.941554,40.376294],[-79.941987,40.376157],[-79.942397,40.376012],[-79.942647,40.375831],[-79.942801,40.375926],[-79.943402,40.375277],[-79.943527,40.375253],[-79.943808,40.375265],[-79.94417,40.375386],[-79.944502,40.375595],[-79.944802,40.375855],[-79.944897,40.375999],[-79.944958,40.376178],[-79.944998,40.376366],[-79.945103,40.376475],[-79.945056,40.37652],[-79.944583,40.376972],[-79.944506,40.377046],[-79.944466,40.376899],[-79.944461,40.376745],[-79.944367,40.376609],[-79.944126,40.376442],[-79.943896,40.376258],[-79.943648,40.376211],[-79.943424,40.376216],[-79.943157,40.376281],[-79.942891,40.376389],[-79.94275,40.376529],[-79.94262,40.376668],[-79.942487,40.376714],[-79.942161,40.376703],[-79.941905,40.376759],[-79.941709,40.376917],[-79.941594,40.377177],[-79.941645,40.377365],[-79.941798,40.377593],[-79.942005,40.377744],[-79.942302,40.377927],[-79.942657,40.378152],[-79.942865,40.378337],[-79.942998,40.378634],[-79.94322,40.378922],[-79.943483,40.379203],[-79.943198,40.379478],[-79.942936,40.379316],[-79.942584,40.379653],[-79.94154,40.37978],[-79.94113,40.379648],[-79.940766,40.379483],[-79.940379,40.379293],[-79.940085,40.379239],[-79.939772,40.37927],[-79.939485,40.379396],[-79.939231,40.379504],[-79.939065,40.379575],[-79.938912,40.37969],[-79.938759,40.379838],[-79.938662,40.37996],[-79.938642,40.380038],[-79.93871,40.380123],[-79.938283,40.380175],[-79.935653,40.380945],[-79.935524,40.380981],[-79.935617,40.382515],[-79.935586,40.382767],[-79.93554,40.382773],[-79.935461,40.382878],[-79.935373,40.383089],[-79.935371,40.383446],[-79.935468,40.383812],[-79.935516,40.383925],[-79.935607,40.384692],[-79.935955,40.387034],[-79.936093,40.388149],[-79.936189,40.388742],[-79.942149,40.388157],[-79.942718,40.388479],[-79.943716,40.389057],[-79.943883,40.389001],[-79.944433,40.3901],[-79.944453,40.390121],[-79.944963,40.390168],[-79.946065,40.390238],[-79.94744,40.390104],[-79.948429,40.39038],[-79.949242,40.390586],[-79.949226,40.391176],[-79.949577,40.391189],[-79.949587,40.390678],[-79.950043,40.390664],[-79.950562,40.390679],[-79.951946,40.390276],[-79.952598,40.390177],[-79.954129,40.390183],[-79.954479,40.38989],[-79.955014,40.38981],[-79.957773,40.389846],[-79.957834,40.391019],[-79.957472,40.390894],[-79.956837,40.390674],[-79.956701,40.390625],[-79.956538,40.390624],[-79.956427,40.390665],[-79.956284,40.390745],[-79.956219,40.390802],[-79.956138,40.390923],[-79.956082,40.39107],[-79.95607,40.391242],[-79.956134,40.391464],[-79.956335,40.391782],[-79.956382,40.392021],[-79.956425,40.392303],[-79.956373,40.392441],[-79.956307,40.392481],[-79.955976,40.392466],[-79.955828,40.392413],[-79.955617,40.392306],[-79.955514,40.392226],[-79.955482,40.39212],[-79.95544,40.391932],[-79.955007,40.391548],[-79.954768,40.391546],[-79.954589,40.391504],[-79.954168,40.391508],[-79.953906,40.391539],[-79.953436,40.391573],[-79.95318,40.391638],[-79.95262,40.391666],[-79.952129,40.391727],[-79.952036,40.391802],[-79.951912,40.391945],[-79.951781,40.392141],[-79.951702,40.392318],[-79.951589,40.392453],[-79.9516,40.392608],[-79.951564,40.392703],[-79.951499,40.392798],[-79.951516,40.39297],[-79.951527,40.393308],[-79.951569,40.39356],[-79.951745,40.393778],[-79.951754,40.394063],[-79.951686,40.394206],[-79.951684,40.394341],[-79.951652,40.394541],[-79.951607,40.394553],[-79.951526,40.39455],[-79.951388,40.39445],[-79.951366,40.394394],[-79.951306,40.394273],[-79.951261,40.39422],[-79.951246,40.394083],[-79.951117,40.393927],[-79.950939,40.393785],[-79.950827,40.393624],[-79.950641,40.393327],[-79.95052,40.393237],[-79.950343,40.393129],[-79.950209,40.393082],[-79.950026,40.393043],[-79.949871,40.393024],[-79.949774,40.393013],[-79.949642,40.393001],[-79.949593,40.392986],[-79.949592,40.392958],[-79.94968,40.3929],[-79.949772,40.39278],[-79.94984,40.392624],[-79.949896,40.392473],[-79.94987,40.392349],[-79.949764,40.392188],[-79.949591,40.392058],[-79.949396,40.391929],[-79.949122,40.391776],[-79.948873,40.391695],[-79.948146,40.391494],[-79.947884,40.391366],[-79.947605,40.391255],[-79.94747,40.391219],[-79.947207,40.391246],[-79.947018,40.391305],[-79.946875,40.391372],[-79.946832,40.391433],[-79.946744,40.391499],[-79.946629,40.391574],[-79.946451,40.391608],[-79.946338,40.391593],[-79.946262,40.391487],[-79.946136,40.391416],[-79.946062,40.391388],[-79.945873,40.39125],[-79.94567,40.391215],[-79.945591,40.391221],[-79.945536,40.391252],[-79.945503,40.391334],[-79.945458,40.391678],[-79.945479,40.391986],[-79.945496,40.392158],[-79.945603,40.392362],[-79.945663,40.39248],[-79.945672,40.392738],[-79.945692,40.393012],[-79.945673,40.393141],[-79.945649,40.393424],[-79.945581,40.393734],[-79.945492,40.393762],[-79.945471,40.393814],[-79.94536,40.393842],[-79.945289,40.393731],[-79.945163,40.393657],[-79.945003,40.393557],[-79.944862,40.393354],[-79.944582,40.393041],[-79.944159,40.392621],[-79.943841,40.392326],[-79.943596,40.392014],[-79.943485,40.391891],[-79.943315,40.391835],[-79.943208,40.391802],[-79.943045,40.391805],[-79.942737,40.391803],[-79.942561,40.391744],[-79.94245,40.391686],[-79.942362,40.39158],[-79.942182,40.39129],[-79.94175,40.391281],[-79.941652,40.391238],[-79.941459,40.391169],[-79.941298,40.39106],[-79.941189,40.390993],[-79.941059,40.390953],[-79.940923,40.390913],[-79.940671,40.390918],[-79.940543,40.390929],[-79.940403,40.390948],[-79.940236,40.39099],[-79.939883,40.391005],[-79.938837,40.391171],[-79.938705,40.391242],[-79.938471,40.391277],[-79.938203,40.39123],[-79.93801,40.391239],[-79.937173,40.391333],[-79.936867,40.391335],[-79.936773,40.391367],[-79.936682,40.391437],[-79.936672,40.391461],[-79.936687,40.391497],[-79.936752,40.39156],[-79.93697,40.391698],[-79.937377,40.391969],[-79.937665,40.392208],[-79.937853,40.392466],[-79.938007,40.392553],[-79.938306,40.392702],[-79.938692,40.392849],[-79.938997,40.392929],[-79.939577,40.392991],[-79.940043,40.393016],[-79.940415,40.393069],[-79.940901,40.393176],[-79.941207,40.393281],[-79.941541,40.393387],[-79.941944,40.393456],[-79.942446,40.393532],[-79.942963,40.393728],[-79.943261,40.393774],[-79.943369,40.393824],[-79.943593,40.39397],[-79.943883,40.394114],[-79.944463,40.394438],[-79.944398,40.394412]]]}},
{"type":"Feature","properties":{},"geometry":{"type":"Polygon","coordinates":[[[-79.926968,40.391974],[-79.926985,40.391689],[-79.927063,40.391319],[-79.927112,40.391095],[-79.927062,40.39095],[-79.926899,40.390747],[-79.926729,40.39069],[-79.926448,40.39067],[-79.926147,40.390744],[-79.925822,40.390836],[-79.92571,40.390817],[-79.92548,40.390662],[-79.925262,40.390508],[-79.925047,40.390443],[-79.924767,40.390444],[-79.924276,40.390518],[-79.923949,40.390631],[-79.923698,40.390687],[-79.92348,40.390687],[-79.923297,40.390605],[-79.92321,40.39055],[-79.923165,40.390461],[-79.923129,40.390305],[-79.923079,40.390139],[-79.922979,40.389984],[-79.922832,40.389856],[-79.922714,40.389758],[-79.922615,40.389661],[-79.922613,40.389232],[-79.922694,40.389136],[-79.922809,40.38907],[-79.922954,40.389046],[-79.923061,40.389056],[-79.923168,40.38908],[-79.923281,40.389095],[-79.923404,40.389093],[-79.923571,40.38906],[-79.923809,40.388952],[-79.924218,40.388769],[-79.924365,40.388753],[-79.924547,40.388574],[-79.924611,40.38847],[-79.92468,40.388368],[-79.924691,40.388183],[-79.924651,40.387373],[-79.92471,40.387295],[-79.924826,40.387224],[-79.924987,40.387187],[-79.925318,40.387176],[-79.925381,40.387201],[-79.925419,40.387232],[-79.925501,40.387265],[-79.925632,40.387241],[-79.925735,40.387217],[-79.925814,40.387124],[-79.925822,40.387049],[-79.92585,40.387003],[-79.925979,40.386962],[-79.926093,40.386928],[-79.926236,40.386912],[-79.926536,40.386911],[-79.926615,40.386948],[-79.926832,40.387053],[-79.927012,40.387258],[-79.927134,40.387463],[-79.927179,40.387651],[-79.92736,40.387867],[-79.927596,40.388244],[-79.92772,40.388394],[-79.927871,40.388475],[-79.92805,40.388529],[-79.928283,40.388563],[-79.928619,40.388538],[-79.928765,40.38852],[-79.928821,40.388482],[-79.928913,40.388417],[-79.928976,40.388327],[-79.929002,40.388183],[-79.928922,40.388],[-79.928817,40.387867],[-79.928751,40.387742],[-79.928742,40.387373],[-79.928765,40.387227],[-79.928839,40.387088],[-79.928848,40.387002],[-79.928703,40.386692],[-79.928639,40.386444],[-79.928564,40.386259],[-79.928551,40.386103],[-79.928593,40.386021],[-79.928872,40.385799],[-79.929249,40.385508],[-79.929376,40.385437],[-79.929481,40.385397],[-79.929558,40.38534],[-79.929621,40.385214],[-79.92965,40.385051],[-79.929602,40.384983],[-79.929499,40.384916],[-79.929307,40.38486],[-79.929183,40.384841],[-79.929058,40.384774],[-79.92884,40.384628],[-79.928638,40.384448],[-79.928327,40.384102],[-79.927983,40.383881],[-79.927761,40.383774],[-79.927659,40.383746],[-79.927575,40.383756],[-79.927492,40.383787],[-79.927339,40.383906],[-79.927009,40.384128],[-79.926845,40.384228],[-79.926674,40.384282],[-79.926503,40.384256],[-79.926274,40.384147],[-79.926057,40.38406],[-79.92587,40.383999],[-79.925594,40.383991],[-79.925417,40.384003],[-79.925172,40.38408],[-79.92499,40.38416],[-79.924841,40.384253],[-79.924671,40.384368],[-79.924557,40.384486],[-79.924438,40.384608],[-79.924387,40.384768],[-79.924376,40.384953],[-79.924388,40.385158],[-79.924419,40.385248],[-79.924383,40.385347],[-79.92429,40.385413],[-79.924196,40.385449],[-79.924073,40.385456],[-79.924011,40.385453],[-79.923936,40.385386],[-79.923847,40.385237],[-79.923698,40.385124],[-79.923487,40.385034],[-79.923212,40.385005],[-79.922761,40.384949],[-79.922409,40.384923],[-79.92226,40.384905],[-79.922153,40.384889],[-79.922017,40.384862],[-79.921906,40.38481],[-79.921797,40.384718],[-79.921719,40.384657],[-79.921654,40.384629],[-79.921535,40.384612],[-79.921333,40.384598],[-79.921208,40.384558],[-79.921095,40.384508],[-79.921048,40.384445],[-79.921019,40.384261],[-79.921067,40.384183],[-79.9212,40.384107],[-79.921468,40.384094],[-79.921753,40.384067],[-79.922072,40.384035],[-79.922334,40.383983],[-79.92272,40.383809],[-79.923103,40.383501],[-79.923369,40.383235],[-79.923589,40.38293],[-79.923781,40.382695],[-79.923937,40.382508],[-79.924101,40.382359],[-79.92431,40.382247],[-79.924568,40.38208],[-79.924777,40.381934],[-79.924983,40.381724],[-79.925041,40.381607],[-79.925043,40.381492],[-79.924955,40.38139],[-79.924777,40.381239],[-79.924308,40.380879],[-79.924079,40.380738],[-79.923869,40.380643],[-79.923683,40.380604],[-79.922735,40.380617],[-79.922589,40.380594],[-79.922446,40.38052],[-79.92236,40.380448],[-79.922338,40.37993],[-79.922287,40.379738],[-79.922175,40.379568],[-79.922039,40.379442],[-79.921818,40.379369],[-79.921608,40.379292],[-79.921448,40.379183],[-79.921281,40.379053],[-79.92125,40.378955],[-79.92119,40.378845],[-79.921103,40.378752],[-79.920884,40.37858],[-79.920627,40.378431],[-79.920406,40.378336],[-79.920173,40.378259],[-79.919914,40.378204],[-79.919684,40.378204],[-79.919443,40.3782],[-79.919401,40.378042],[-79.919408,40.377905],[-79.919443,40.377775],[-79.919552,40.37767],[-79.919532,40.377413],[-79.919418,40.377334],[-79.919281,40.377272],[-79.919111,40.377245],[-79.919104,40.377117],[-79.919265,40.376899],[-79.919495,40.376724],[-79.919803,40.376563],[-79.920269,40.376392],[-79.920725,40.376289],[-79.921194,40.376237],[-79.921509,40.376265],[-79.921715,40.376382],[-79.921767,40.376612],[-79.92202,40.376805],[-79.922204,40.376939],[-79.922459,40.37709],[-79.922706,40.377212],[-79.922939,40.377336],[-79.923107,40.377425],[-79.923201,40.377463],[-79.923275,40.37749],[-79.923344,40.377512],[-79.923501,40.37756],[-79.923839,40.377657],[-79.92403,40.377713],[-79.92417,40.37773],[-79.924303,40.377731],[-79.924449,40.377728],[-79.924536,40.377658],[-79.924602,40.377597],[-79.924699,40.377475],[-79.924883,40.377274],[-79.925034,40.3771],[-79.925195,40.376856],[-79.925241,40.376547],[-79.925232,40.376272],[-79.925293,40.376091],[-79.925402,40.375978],[-79.925497,40.375796],[-79.925621,40.375665],[-79.925852,40.375514],[-79.926107,40.375415],[-79.926397,40.375393],[-79.926847,40.375419],[-79.927243,40.375531],[-79.927528,40.375689],[-79.927677,40.375797],[-79.927883,40.375905],[-79.928154,40.375969],[-79.928491,40.375988],[-79.928882,40.375963],[-79.929216,40.375871],[-79.929446,40.375695],[-79.929696,40.375476],[-79.929939,40.375343],[-79.930176,40.375407],[-79.930392,40.37548],[-79.930497,40.375607],[-79.930446,40.375771],[-79.93036,40.375884],[-79.930333,40.37609],[-79.930314,40.376301],[-79.930285,40.376439],[-79.930157,40.37654],[-79.929977,40.376603],[-79.929833,40.376679],[-79.929774,40.376744],[-79.929771,40.376822],[-79.929786,40.376864],[-79.929847,40.377009],[-79.930037,40.37734],[-79.930034,40.37752],[-79.9299,40.37769],[-79.929436,40.377909],[-79.928887,40.378091],[-79.928464,40.378193],[-79.928282,40.378291],[-79.928118,40.378414],[-79.92805,40.378583],[-79.928016,40.378768],[-79.928035,40.378857],[-79.928388,40.379095],[-79.928572,40.37925],[-79.928711,40.379389],[-79.929132,40.379742],[-79.929298,40.379863],[-79.929572,40.380004],[-79.929916,40.380143],[-79.930233,40.380236],[-79.930441,40.380266],[-79.930676,40.380253],[-79.930802,40.380173],[-79.9309,40.380056],[-79.930889,40.379889],[-79.930798,40.379689],[-79.930713,40.379472],[-79.930724,40.379317],[-79.93086,40.379177],[-79.931081,40.379092],[-79.931299,40.379049],[-79.931538,40.379006],[-79.9317,40.378964],[-79.931815,40.37888],[-79.931866,40.378738],[-79.931888,40.378596],[-79.931888,40.378502],[-79.931843,40.378417],[-79.931679,40.378274],[-79.931588,40.378162],[-79.931505,40.378013],[-79.93151,40.37782],[-79.931782,40.377614],[-79.931857,40.377593],[-79.932773,40.377569],[-79.932946,40.377553],[-79.933073,40.377503],[-79.933132,40.377417],[-79.933118,40.377322],[-79.933058,40.377203],[-79.93306,40.377083],[-79.933109,40.377031],[-79.933314,40.376958],[-79.933553,40.37689],[-79.933652,40.376845],[-79.933757,40.376783],[-79.933821,40.376691],[-79.93384,40.376588],[-79.933815,40.376516],[-79.933774,40.376448],[-79.933681,40.376368],[-79.933518,40.37617],[-79.933488,40.376052],[-79.933484,40.375934],[-79.933523,40.375861],[-79.933735,40.375567],[-79.934481,40.375489],[-79.935216,40.375338],[-79.936158,40.375337],[-79.936808,40.375342],[-79.937688,40.375497],[-79.93821,40.375675],[-79.938643,40.37589],[-79.938751,40.375948],[-79.938421,40.376152],[-79.938128,40.376458],[-79.937961,40.37683],[-79.937719,40.377306],[-79.93754,40.377687],[-79.937378,40.377879],[-79.937179,40.377968],[-79.937002,40.378023],[-79.93688,40.378068],[-79.936742,40.378311],[-79.936503,40.37853],[-79.936239,40.37869],[-79.935852,40.378868],[-79.935586,40.378959],[-79.935193,40.378958],[-79.935,40.378953],[-79.934874,40.379054],[-79.934731,40.379143],[-79.934559,40.379197],[-79.934262,40.379203],[-79.934227,40.379328],[-79.93423,40.379414],[-79.933994,40.379577],[-79.933595,40.37988],[-79.933467,40.380106],[-79.933274,40.380719],[-79.933166,40.381192],[-79.932938,40.381403],[-79.932586,40.381975],[-79.932168,40.382584],[-79.93199,40.382686],[-79.931806,40.382737],[-79.931528,40.382789],[-79.931285,40.382824],[-79.931043,40.382815],[-79.930502,40.382705],[-79.930161,40.38257],[-79.929701,40.382399],[-79.929452,40.382322],[-79.928658,40.381942],[-79.928277,40.381607],[-79.92785,40.381246],[-79.927329,40.380895],[-79.927129,40.380616],[-79.926941,40.380336],[-79.926654,40.380127],[-79.926437,40.380003],[-79.926223,40.379972],[-79.926,40.38002],[-79.925925,40.380132],[-79.925917,40.380227],[-79.926034,40.380388],[-79.926381,40.380716],[-79.926906,40.380998],[-79.927024,40.381089],[-79.927198,40.381233],[-79.927351,40.381399],[-79.927477,40.381664],[-79.927525,40.381775],[-79.927604,40.381868],[-79.92773,40.381934],[-79.92799,40.382024],[-79.928244,40.382225],[-79.928391,40.382286],[-79.928704,40.382409],[-79.929286,40.38272],[-79.929515,40.382878],[-79.930592,40.38342],[-79.931243,40.383794],[-79.931702,40.384102],[-79.931925,40.384326],[-79.932043,40.384521],[-79.932106,40.384734],[-79.932109,40.385171],[-79.931959,40.38556],[-79.931904,40.385947],[-79.931803,40.386292],[-79.931791,40.386593],[-79.93179,40.38691],[-79.931674,40.387144],[-79.93157,40.387403],[-79.93142,40.387964],[-79.931335,40.388291],[-79.931219,40.388508],[-79.931231,40.388885],[-79.931308,40.389167],[-79.931406,40.389422],[-79.93139,40.389628],[-79.931228,40.389829],[-79.930877,40.390067],[-79.930522,40.390177],[-79.930466,40.39018],[-79.930518,40.390237],[-79.930689,40.390319],[-79.930847,40.390351],[-79.931005,40.390374],[-79.931255,40.39048],[-79.931324,40.390556],[-79.931385,40.390709],[-79.931393,40.390941],[-79.929636,40.389725],[-79.929128,40.390166],[-79.927943,40.391153],[-79.926968,40.391974]]]}}
]}
