{"type":"FeatureCollection","features":[
{"type":"Feature","properties":{"name":"East Liberty","reduction":"50% reduction for all uses except residential"},"geometry":{"type":"Polygon","coordinates":[[[-79.926487,40.462676],[-79.926216,40.463129],[-79.925526,40.464244],[-79.923805,40.463763],[-79.922305,40.46324],[-79.922354,40.46316],[-79.922558,40.462824],[-79.922664,40.462653],[-79.922712,40.462621],[-79.923357,40.461558],[-79.92023,40.460423],[-79.920142,40.460034],[-79.920236,40.460025],[-79.92059,40.459982],[-79.920836,40.459936],[-79.921167,40.459861],[-79.922294,40.459588],[-79.922601,40.459515],[-79.922929,40.459437],[-79.923104,40.459394],[-79.923273,40.459355],[-79.923617,40.459275],[-79.923964,40.45921],[-79.924117,40.459185],[-79.924466,40.459126],[-79.924527,40.459116],[-79.924876,40.459052],[-79.925107,40.458999],[-79.92522,40.458974],[-79.92558,40.458886],[-79.925688,40.45886],[-79.926031,40.458777],[-79.926374,40.458695],[-79.926717,40.458613],[-79.92706,40.458532],[-79.927108,40.45852],[-79.927988,40.460246],[-79.927471,40.461107],[-79.927286,40.461402],[-79.927396,40.461438],[-79.928198,40.461717],[-79.931162,40.462705],[-79.931063,40.462858],[-79.930982,40.462988],[-79.93091,40.463106],[-79.930891,40.463139],[-79.930847,40.463211],[-79.930718,40.463428],[-79.930676,40.463501],[-79.930556,40.463703],[-79.930349,40.464052],[-79.928405,40.463344],[-79.927848,40.463149],[-79.926487,40.462676]]]}},
{"type":"Feature","properties":{"name":"North Side","reduction":"25% reduction for all uses except residential"},"geometry":{"type":"Polygon","coordinates":[[[-80.003425,40.455452],[-80.003061,40.454433],[-80.002606,40.453035],[-80.002093,40.4515],[-80.00201,40.451247],[-80.001687,40.450278],[-80.002747,40.450063],[-80.002981,40.450012],[-80.003323,40.449942],[-80.004353,40.449734],[-80.004696,40.449665],[-80.005115,40.449591],[-80.005335,40.449553],[-80.005912,40.44948],[-80.006386,40.449454],[-80.00655,40.449446],[-80.006812,40.44946],[-80.007254,40.449489],[-80.007413,40.4495],[-80.007967,40.449607],[-80.008081,40.449636],[-80.008189,40.449976],[-80.008439,40.45075],[-80.008801,40.451869],[-80.008836,40.451969],[-80.008858,40.452079],[-80.009087,40.45274],[-80.009561,40.454254],[-80.008505,40.454453],[-80.006256,40.454909],[-80.005363,40.455073],[-80.003425,40.455452]]]}},
{"type":"Feature","properties":{"name":"SP-11 Lower Hill Planned Development","reduction":"100% reduction for all uses"},"geometry":{"type":"Polygon","coordinates":[[[-79.988112,40.443943],[-79.987609,40.44325],[-79.987218,40.442708],[-79.986977,40.442373],[-79.98598,40.440987],[-79.986545,40.440775],[-79.986953,40.440638],[-79.987382,40.440562],[-79.987821,40.440529],[-79.988369,40.44053],[-79.988375,40.44037],[-79.988403,40.44001],[-79.98716,40.439953],[-79.987157,40.439929],[-79.987096,40.439915],[-79.986956,40.439773],[-79.986826,40.439613],[-79.986817,40.439611],[-79.986671,40.439473],[-79.986673,40.439407],[-79.988224,40.439477],[-79.988231,40.439065],[-79.988681,40.439085],[-79.988684,40.439043],[-79.9887,40.438798],[-79.988709,40.438713],[-79.988713,40.438713],[-79.988825,40.438718],[-79.989321,40.438742],[-79.989655,40.438755],[-79.990672,40.438801],[-79.990753,40.438805],[-79.990947,40.438815],[-79.990942,40.439189],[-79.99102,40.439392],[-79.990813,40.439451],[-79.990472,40.43958],[-79.990545,40.439697],[-79.990421,40.439739],[-79.990535,40.439922],[-79.990533,40.439923],[-79.990533,40.439923],[-79.990439,40.439962],[-79.990453,40.439985],[-79.99035,40.440023],[-79.990372,40.44005],[-79.990558,40.440353],[-79.990645,40.440498],[-79.991525,40.440484],[-79.992085,40.440488],[-79.992515,40.440454],[-79.992929,40.440368],[-79.993093,40.44032],[-79.993205,40.440249],[-79.993274,40.440141],[-79.993887,40.441029],[-79.992472,40.441434],[-79.992179,40.441562],[-79.992038,40.441662],[-79.9918,40.441852],[-79.991572,40.442079],[-79.991462,40.442193],[-79.991137,40.442523],[-79.991075,40.442581],[-79.99093,40.442717],[-79.990907,40.442738],[-79.990773,40.442823],[-79.990686,40.442882],[-79.990652,40.4429],[-79.99059,40.442933],[-79.990258,40.443079],[-79.990144,40.443126],[-79.989839,40.443253],[-79.989217,40.44352],[-79.988825,40.443686],[-79.98861,40.443778],[-79.988318,40.443905],[-79.988269,40.443934],[-79.988183,40.444004],[-79.988139,40.444058],[-79.988112,40.443943]]]}},
{"type":"Feature","properties":{"name":"Uptown Public Realm District","reduction":"100% reduction for all uses"},"geometry":{"type":"Polygon","coordinates":[[[-79.985011,40.439224],[-79.98074,40.439063],[-79.976239,40.438879],[-79.976211,40.438893],[-79.976198,40.438898],[-79.976141,40.438828],[-79.976083,40.438823],[-79.975994,40.438815],[-79.975422,40.438766],[-79.975367,40.438762],[-79.975274,40.438752],[-79.975202,40.438747],[-79.975071,40.438737],[-79.974856,40.438726],[-79.974786,40.438722],[-79.974696,40.438813],[-79.974668,40.438939],[-79.974609,40.438938],[-79.97438,40.438932],[-79.974377,40.438949],[-79.974367,40.439008],[-79.974357,40.439062],[-79.974346,40.439121],[-79.974337,40.439175],[-79.974327,40.43923],[-79.974317,40.439284],[-79.974307,40.43934],[-79.974298,40.439393],[-79.974287,40.439452],[-79.974284,40.43947],[-79.974277,40.439509],[-79.974078,40.439485],[-79.973997,40.439417],[-79.974021,40.439295],[-79.973571,40.439248],[-79.973486,40.439302],[-79.973474,40.439333],[-79.973101,40.439299],[-79.973006,40.43929],[-79.973054,40.438966],[-79.972737,40.438282],[-79.972123,40.438025],[-79.971849,40.437857],[-79.971183,40.43762],[-79.971364,40.437291],[-79.971277,40.437263],[-79.970122,40.436887],[-79.970315,40.436538],[-79.972759,40.437127],[-79.973904,40.437179],[-79.973921,40.437003],[-79.974415,40.436617],[-79.981992,40.43571],[-79.981991,40.43579],[-79.981975,40.436151],[-79.981973,40.436193],[-79.981887,40.436189],[-79.981883,40.436236],[-79.981879,40.436291],[-79.981876,40.436338],[-79.981872,40.436381],[-79.981993,40.436388],[-79.982133,40.436395],[-79.982169,40.436397],[-79.98217,40.436371],[-79.982245,40.436374],[-79.982243,40.436421],[-79.98224,40.436469],[-79.982237,40.436527],[-79.982235,40.436573],[-79.98223,40.436651],[-79.982736,40.436674],[-79.98429,40.43675],[-79.984215,40.437627],[-79.988329,40.437828],[-79.988301,40.438266],[-79.990989,40.438372],[-79.991014,40.438125],[-79.991115,40.438128],[-79.991284,40.438135],[-79.991276,40.438209],[-79.991264,40.438329],[-79.991261,40.438378],[-79.992547,40.438442],[-79.993307,40.438253],[-79.993263,40.438679],[-79.993628,40.438601],[-79.993714,40.438929],[-79.993526,40.438923],[-79.993433,40.43892],[-79.993322,40.438917],[-79.993292,40.438915],[-79.99287,40.438896],[-79.99273,40.43889],[-79.992678,40.438887],[-79.992522,40.43888],[-79.99247,40.438878],[-79.992383,40.438874],[-79.992123,40.438863],[-79.992037,40.43886],[-79.991819,40.43885],[-79.991165,40.438823],[-79.991028,40.438818],[-79.990947,40.438815],[-79.990753,40.438805],[-79.990672,40.438801],[-79.989655,40.438755],[-79.989321,40.438742],[-79.988825,40.438718],[-79.988713,40.438713],[-79.988709,40.438713],[-79.9887,40.438798],[-79.988684,40.439043],[-79.988681,40.439085],[-79.988231,40.439065],[-79.988224,40.439477],[-79.986673,40.439407],[-79.984995,40.439352],[-79.985003,40.439289],[-79.985006,40.439269],[-79.985011,40.439224]]]}},
{"type":"Feature","properties":{"name":"Downtown","reduction":"100% reduction for all uses"},"geometry":{"type":"Polygon","coordinates":[[[-79.992179,40.441562],[-79.992472,40.441434],[-79.993887,40.441029],[-79.993274,40.440141],[-79.993714,40.438929],[-79.993716,40.438925],[-79.993738,40.43887],[-79.993876,40.438517],[-79.994014,40.438137],[-79.994036,40.438039],[-79.994166,40.437597],[-79.994315,40.436898],[-79.994479,40.436146],[-79.994537,40.435996],[-79.994556,40.435944],[-79.994579,40.435881],[-79.994626,40.435804],[-79.994721,40.435662],[-79.994849,40.435715],[-79.996082,40.436206],[-79.997276,40.434262],[-79.997283,40.434263],[-79.997393,40.434296],[-79.997459,40.434315],[-79.997727,40.434412],[-79.998375,40.434658],[-79.998788,40.434811],[-79.999179,40.434999],[-79.999405,40.435141],[-79.999534,40.435321],[-79.999779,40.435501],[-79.999837,40.435544],[-80.000293,40.435767],[-80.000481,40.435952],[-80.000794,40.436128],[-80.001019,40.436203],[-80.001081,40.436231],[-80.001124,40.436251],[-80.001165,40.436269],[-80.001188,40.436279],[-80.001265,40.436313],[-80.001286,40.436323],[-80.001422,40.436386],[-80.001587,40.436467],[-80.001743,40.436549],[-80.001974,40.436653],[-80.002064,40.436693],[-80.00242,40.436821],[-80.003254,40.43712],[-80.004258,40.437495],[-80.005014,40.437767],[-80.005572,40.437971],[-80.006003,40.438155],[-80.006032,40.438167],[-80.006149,40.438221],[-80.00636,40.438316],[-80.006428,40.438348],[-80.007004,40.438558],[-80.007584,40.438771],[-80.00769,40.438816],[-80.007886,40.438899],[-80.008886,40.439326],[-80.009072,40.439408],[-80.009305,40.439511],[-80.009398,40.439552],[-80.00943,40.439566],[-80.009444,40.439572],[-80.009534,40.439633],[-80.009548,40.439643],[-80.009612,40.439687],[-80.009645,40.43971],[-80.009696,40.439744],[-80.009753,40.439783],[-80.009765,40.439791],[-80.009777,40.439799],[-80.009851,40.43985],[-80.009866,40.43986],[-80.009942,40.439912],[-80.010189,40.440053],[-80.010537,40.440214],[-80.010692,40.440286],[-80.011181,40.440539],[-80.011685,40.440796],[-80.012247,40.441072],[-80.012453,40.441187],[-80.012508,40.441218],[-80.012596,40.44126],[-80.012891,40.4414],[-80.01299,40.44146],[-80.013107,40.44153],[-80.013189,40.441579],[-80.013276,40.441699],[-80.013298,40.441835],[-80.013293,40.441922],[-80.013241,40.442014],[-80.013231,40.44203],[-80.013158,40.442111],[-80.013042,40.442172],[-80.013013,40.44218],[-80.012887,40.442213],[-80.012555,40.442282],[-80.012394,40.442323],[-80.01225,40.44236],[-80.011766,40.44246],[-80.0112,40.442576],[-80.010795,40.442659],[-80.010387,40.442743],[-80.009496,40.442933],[-80.008972,40.443043],[-80.008958,40.443046],[-80.008945,40.44305],[-80.008901,40.443064],[-80.008891,40.443067],[-80.008863,40.443076],[-80.008849,40.44308],[-80.008834,40.443085],[-80.00881,40.44309],[-80.008735,40.443106],[-80.008719,40.44311],[-80.008661,40.443122],[-80.008648,40.443125],[-80.00861,40.443133],[-80.008596,40.443136],[-80.008578,40.44314],[-80.008498,40.443157],[-80.008373,40.443184],[-80.008218,40.443217],[-80.00819,40.443223],[-80.008092,40.443244],[-80.007893,40.443281],[-80.007622,40.443332],[-80.007523,40.44335],[-80.007422,40.443369],[-80.007212,40.443422],[-80.006899,40.4435],[-80.005755,40.443785],[-80.005735,40.44379],[-80.005697,40.443802],[-80.005648,40.443818],[-80.005526,40.443845],[-80.005275,40.443901],[-80.005192,40.443922],[-80.004884,40.444],[-80.004854,40.444007],[-80.004681,40.444042],[-80.004437,40.444092],[-80.003599,40.444297],[-80.003515,40.444318],[-80.003017,40.444443],[-80.002979,40.444451],[-80.002882,40.444468],[-80.00284,40.444475],[-80.002791,40.444485],[-80.002734,40.444495],[-80.00264,40.444526],[-80.002332,40.444612],[-80.001889,40.444761],[-80.001439,40.444901],[-80.001394,40.444917],[-80.001141,40.445004],[-80.001131,40.445007],[-80.001093,40.445018],[-80.000968,40.445055],[-80.000931,40.445066],[-80.000915,40.445069],[-80.000894,40.445074],[-80.000839,40.445086],[-79.999779,40.44543],[-79.999416,40.445548],[-79.999383,40.445558],[-79.999345,40.445569],[-79.999303,40.445581],[-79.999164,40.445623],[-79.999118,40.445636],[-79.999078,40.445648],[-79.998249,40.445973],[-79.997518,40.446261],[-79.996738,40.446569],[-79.996052,40.446844],[-79.995769,40.446949],[-79.995627,40.447002],[-79.995614,40.447007],[-79.995511,40.447085],[-79.99546,40.447124],[-79.99544,40.447139],[-79.99527,40.447268],[-79.994753,40.447573],[-79.994192,40.447965],[-79.993558,40.448328],[-79.992883,40.448798],[-79.992736,40.448889],[-79.992686,40.448919],[-79.992652,40.44894],[-79.992554,40.449001],[-79.992503,40.449033],[-79.992464,40.449057],[-79.992421,40.449083],[-79.992318,40.449147],[-79.991065,40.447985],[-79.990715,40.447626],[-79.990345,40.447086],[-79.990172,40.44671],[-79.99005,40.446277],[-79.990012,40.445949],[-79.990019,40.445674],[-79.990048,40.445441],[-79.990091,40.445261],[-79.990165,40.445068],[-79.990258,40.444846],[-79.99026,40.44484],[-79.990263,40.444835],[-79.990345,40.444644],[-79.990368,40.444601],[-79.990482,40.444408],[-79.990687,40.444076],[-79.990696,40.444064],[-79.991019,40.443634],[-79.991169,40.443463],[-79.991507,40.443017],[-79.991543,40.442969],[-79.991646,40.442832],[-79.991694,40.442764],[-79.992037,40.442211],[-79.992144,40.442028],[-79.99223,40.441841],[-79.992278,40.441735],[-79.992239,40.441671],[-79.992233,40.441656],[-79.992213,40.441608],[-79.992179,40.441562]]]}},
{"type":"Feature","properties":{"name":"UC-E Zoning Districts","reduction":"100% reduction for all uses"},"geometry":{"type":"MultiPolygon","coordinates":[[[[-79.95616,40.442281],[-79.956081,40.442214],[-79.956146,40.442168],[-79.956441,40.441957],[-79.956974,40.441572],[-79.956219,40.440963],[-79.95687,40.44049],[-79.956457,40.440162],[-79.956529,40.440112],[-79.956788,40.439934],[-79.956845,40.43989],[-79.9571,40.439705],[-79.957169,40.439655],[-79.956591,40.4392],[-79.958306,40.437998],[-79.95936,40.43885],[-79.959396,40.438824],[-79.959616,40.438663],[-79.959765,40.438561],[-79.960002,40.438385],[-79.959993,40.438378],[-79.96021,40.438225],[-79.960236,40.438208],[-79.960412,40.438351],[-79.960777,40.438096],[-79.960794,40.43811],[-79.960883,40.438182],[-79.961153,40.4384],[-79.961243,40.438473],[-79.961258,40.438485],[-79.962649,40.437463],[-79.962735,40.437528],[-79.963373,40.438041],[-79.963439,40.438096],[-79.963411,40.438114],[-79.963195,40.438296],[-79.963126,40.438355],[-79.963061,40.438404],[-79.962074,40.439139],[-79.962013,40.439183],[-79.961833,40.439317],[-79.961773,40.439362],[-79.961553,40.439524],[-79.961473,40.439582],[-79.960574,40.440244],[-79.960476,40.440317],[-79.960278,40.440468],[-79.960256,40.440485],[-79.960189,40.440537],[-79.960168,40.440555],[-79.960013,40.440671],[-79.959905,40.440753],[-79.959718,40.440885],[-79.959543,40.441008],[-79.959462,40.441066],[-79.959386,40.44112],[-79.95936,40.441139],[-79.959343,40.44115],[-79.959214,40.441243],[-79.959172,40.441274],[-79.959032,40.441374],[-79.958799,40.441542],[-79.958612,40.441675],[-79.958472,40.441776],[-79.958252,40.441934],[-79.95798,40.44213],[-79.957819,40.442246],[-79.957441,40.442522],[-79.957341,40.442466],[-79.957044,40.442299],[-79.956945,40.442244],[-79.956934,40.442238],[-79.956881,40.442277],[-79.95665,40.442445],[-79.956597,40.442485],[-79.95655,40.442519],[-79.956494,40.44256],[-79.95616,40.442281]]],[[[-79.965381,40.437952],[-79.965339,40.437671],[-79.965022,40.437705],[-79.964638,40.437757],[-79.964064,40.437827],[-79.964007,40.437837],[-79.9623,40.43647],[-79.962811,40.435707],[-79.963013,40.435688],[-79.963261,40.435672],[-79.9635,40.43566],[-79.96382,40.43567],[-79.964303,40.435745],[-79.964933,40.435897],[-79.965947,40.435961],[-79.965942,40.436246],[-79.965944,40.436293],[-79.965944,40.436342],[-79.965945,40.436404],[-79.965945,40.436437],[-79.965945,40.436479],[-79.96637,40.436669],[-79.966367,40.437186],[-79.966365,40.437297],[-79.966211,40.43732],[-79.966193,40.437393],[-79.966182,40.437594],[-79.966179,40.437658],[-79.966176,40.437706],[-79.966173,40.437758],[-79.966171,40.437799],[-79.966175,40.437809],[-79.966172,40.437818],[-79.96615,40.437879],[-79.966131,40.437933],[-79.96611,40.43799],[-79.96607,40.438102],[-79.966024,40.438231],[-79.965496,40.438257],[-79.9654,40.43826],[-79.965381,40.437952]]]]}},
{"type":"Feature","properties":{"name":"UC-MU and R-MU Zoning Districts","reduction":"50% reduction for all uses"},"geometry":{"type":"MultiPolygon","coordinates":[[[[-79.954672,40.439716],[-79.954461,40.439546],[-79.954387,40.439597],[-79.954126,40.439778],[-79.954027,40.439702],[-79.95398,40.439732],[-79.953914,40.439779],[-79.953859,40.439819],[-79.95381,40.439854],[-79.953738,40.439906],[-79.953692,40.439939],[-79.953672,40.439956],[-79.953888,40.440077],[-79.953979,40.440128],[-79.954031,40.440157],[-79.954081,40.440185],[-79.954129,40.440212],[-79.95418,40.440244],[-79.954272,40.440312],[-79.953993,40.440519],[-79.953929,40.440568],[-79.953777,40.440483],[-79.952581,40.440477],[-79.952536,40.440392],[-79.952432,40.440152],[-79.952263,40.43976],[-79.952291,40.439731],[-79.952338,40.43968],[-79.951539,40.439242],[-79.951881,40.438414],[-79.952667,40.436493],[-79.952766,40.436228],[-79.952824,40.436033],[-79.95308,40.434899],[-79.953189,40.434415],[-79.953303,40.433908],[-79.953386,40.43392],[-79.954005,40.434001],[-79.953989,40.434071],[-79.953973,40.434148],[-79.95404,40.434157],[-79.954026,40.434227],[-79.954174,40.434247],[-79.95431,40.434266],[-79.954572,40.434301],[-79.954659,40.434313],[-79.954683,40.434214],[-79.955399,40.434308],[-79.956075,40.434526],[-79.956064,40.434593],[-79.956006,40.434996],[-79.956035,40.435006],[-79.956316,40.4351],[-79.956411,40.435132],[-79.956449,40.435147],[-79.956568,40.434735],[-79.957729,40.43387],[-79.957792,40.433916],[-79.958043,40.434097],[-79.958339,40.434241],[-79.958418,40.434279],[-79.958449,40.434243],[-79.958533,40.434279],[-79.959085,40.434511],[-79.959037,40.434576],[-79.959682,40.434845],[-79.959649,40.434889],[-79.95961,40.43494],[-79.959569,40.434993],[-79.959535,40.435039],[-79.959496,40.435091],[-79.959459,40.43514],[-79.959422,40.435188],[-79.959385,40.435237],[-79.959343,40.435293],[-79.959307,40.435341],[-79.959288,40.435366],[-79.95913,40.435301],[-79.959112,40.435326],[-79.959096,40.435347],[-79.959078,40.435371],[-79.959061,40.435394],[-79.959043,40.435417],[-79.959195,40.435487],[-79.959189,40.435495],[-79.959156,40.43554],[-79.959118,40.435591],[-79.959084,40.435636],[-79.95905,40.435682],[-79.958969,40.435791],[-79.958894,40.4359],[-79.958193,40.435918],[-79.958201,40.435961],[-79.95826,40.436047],[-79.958423,40.436195],[-79.958702,40.436423],[-79.958853,40.436546],[-79.958987,40.436653],[-79.959391,40.436977],[-79.959526,40.437086],[-79.95978,40.437289],[-79.959808,40.437312],[-79.96054,40.437904],[-79.960777,40.438096],[-79.960412,40.438351],[-79.960236,40.438208],[-79.959577,40.437667],[-79.959174,40.437346],[-79.959202,40.437326],[-79.959137,40.437275],[-79.959033,40.437192],[-79.958931,40.437111],[-79.958831,40.437031],[-79.958806,40.437011],[-79.958749,40.437052],[-79.958706,40.437083],[-79.958666,40.437113],[-79.958621,40.437146],[-79.958575,40.43718],[-79.95853,40.437213],[-79.958452,40.43715],[-79.958379,40.437091],[-79.958301,40.437029],[-79.958253,40.43699],[-79.958177,40.436929],[-79.958092,40.436861],[-79.958004,40.43679],[-79.957916,40.436719],[-79.957807,40.436631],[-79.957724,40.436565],[-79.957622,40.436482],[-79.957531,40.436401],[-79.957458,40.436336],[-79.957396,40.43628],[-79.957335,40.436226],[-79.957263,40.436162],[-79.957229,40.436135],[-79.956845,40.43641],[-79.956601,40.436579],[-79.956568,40.436602],[-79.956575,40.436608],[-79.958306,40.437998],[-79.956591,40.4392],[-79.957169,40.439655],[-79.9571,40.439705],[-79.956845,40.43989],[-79.956788,40.439934],[-79.956529,40.440112],[-79.956457,40.440162],[-79.95687,40.44049],[-79.956219,40.440963],[-79.954824,40.439838],[-79.954672,40.439716]]],[[[-79.957577,40.435739],[-79.956786,40.435401],[-79.956655,40.435772],[-79.956537,40.43586],[-79.95756,40.435822],[-79.957569,40.435819],[-79.957578,40.435815],[-79.957586,40.435811],[-79.957592,40.435805],[-79.957597,40.435799],[-79.957601,40.435792],[-79.957604,40.435784],[-79.957604,40.435777],[-79.957603,40.435769],[-79.957601,40.435762],[-79.957597,40.435755],[-79.957591,40.435749],[-79.957585,40.435743],[-79.957577,40.435739]]],[[[-79.9623,40.43647],[-79.961501,40.43583],[-79.959603,40.435881],[-79.959675,40.435772],[-79.959685,40.435757],[-79.959716,40.435715],[-79.959754,40.435663],[-79.959792,40.435613],[-79.959831,40.43556],[-79.959864,40.435515],[-79.959906,40.435457],[-79.959941,40.435409],[-79.959978,40.435359],[-79.960015,40.435309],[-79.960054,40.435257],[-79.960089,40.435209],[-79.960126,40.435159],[-79.960162,40.43511],[-79.960192,40.435069],[-79.960237,40.435007],[-79.960755,40.435224],[-79.960924,40.435001],[-79.960994,40.435029],[-79.961175,40.435102],[-79.961277,40.435144],[-79.961361,40.435178],[-79.961375,40.435159],[-79.961569,40.435236],[-79.961641,40.435267],[-79.961607,40.435317],[-79.961672,40.435343],[-79.96194,40.435454],[-79.961972,40.435411],[-79.962005,40.435365],[-79.962041,40.435315],[-79.962085,40.435255],[-79.962119,40.435209],[-79.962153,40.435163],[-79.962188,40.435115],[-79.962198,40.435101],[-79.962495,40.435222],[-79.962685,40.434955],[-79.962724,40.434903],[-79.964909,40.435775],[-79.964846,40.435876],[-79.964303,40.435745],[-79.96382,40.43567],[-79.9635,40.43566],[-79.963261,40.435672],[-79.963013,40.435688],[-79.962811,40.435707],[-79.9623,40.43647]]]]}},
{"type":"Feature","properties":{"name":"Riverfront Zoning Districts","reduction":"50% reduction for all uses"},"geometry":{"type":"MultiPolygon","coordinates":[[[[-80.035441,40.464793],[-80.034301,40.463712],[-80.033672,40.463154],[-80.033415,40.462963],[-80.032135,40.46207],[-80.032134,40.46207],[-80.032108,40.462052],[-80.032075,40.46203],[-80.032031,40.462],[-80.032006,40.461983],[-80.031918,40.461923],[-80.031867,40.461888],[-80.03171,40.461776],[-80.031651,40.461737],[-80.031568,40.461682],[-80.031493,40.461635],[-80.031383,40.461563],[-80.031348,40.46154],[-80.027957,40.450951],[-80.02815,40.450774],[-80.028047,40.450353],[-80.027952,40.450273],[-80.027823,40.450165],[-80.027703,40.450064],[-80.027583,40.449963],[-80.027445,40.449867],[-80.027255,40.449754],[-80.027109,40.449677],[-80.026898,40.449573],[-80.026754,40.449505],[-80.026508,40.449391],[-80.02632,40.449333],[-80.02609,40.449298],[-80.025817,40.449279],[-80.018071,40.448891],[-80.01589,40.448834],[-80.011506,40.448707],[-80.010471,40.448904],[-80.010045,40.449001],[-80.009961,40.449016],[-80.008795,40.449238],[-80.008733,40.44925],[-80.008748,40.449311],[-80.008768,40.449391],[-80.008789,40.449472],[-80.008909,40.449835],[-80.008917,40.44986],[-80.008942,40.449935],[-80.008951,40.449961],[-80.008725,40.449853],[-80.008545,40.449784],[-80.008315,40.449697],[-80.007967,40.449607],[-80.007413,40.4495],[-80.007254,40.449489],[-80.006812,40.44946],[-80.00655,40.449446],[-80.006386,40.449454],[-80.005912,40.44948],[-80.005335,40.449553],[-80.005115,40.449591],[-80.004696,40.449665],[-80.004353,40.449734],[-80.003323,40.449942],[-80.002981,40.450012],[-80.002747,40.450063],[-80.001208,40.450375],[-80.001255,40.450517],[-80.001282,40.450598],[-80.001329,40.450741],[-80.001343,40.450784],[-80.001256,40.4508],[-80.000995,40.450848],[-80.000909,40.450865],[-80.00083,40.450821],[-80.000203,40.45094],[-79.999365,40.451094],[-79.998438,40.451261],[-79.99753,40.451619],[-79.99634,40.452087],[-79.993555,40.453918],[-79.993433,40.453961],[-79.992789,40.454467],[-79.992398,40.454812],[-79.991888,40.455266],[-79.991766,40.455366],[-79.991794,40.455389],[-79.991679,40.45549],[-79.991656,40.455533],[-79.991333,40.455789],[-79.991369,40.455828],[-79.991038,40.456098],[-79.990205,40.456524],[-79.987161,40.457932],[-79.986,40.458621],[-79.984944,40.459372],[-79.984453,40.459743],[-79.984426,40.459764],[-79.984303,40.459864],[-79.984235,40.459918],[-79.984127,40.46001],[-79.983994,40.460122],[-79.983887,40.460215],[-79.983872,40.460228],[-79.983741,40.460342],[-79.983636,40.460435],[-79.983528,40.46053],[-79.98347,40.460583],[-79.983389,40.460657],[-79.983283,40.460753],[-79.983161,40.460869],[-79.983051,40.460974],[-79.983029,40.460996],[-79.98292,40.461105],[-79.98281,40.461214],[-79.982702,40.461323],[-79.982678,40.461346],[-79.982572,40.461457],[-79.982467,40.461569],[-79.982408,40.461631],[-79.982305,40.461744],[-79.982201,40.461856],[-79.982098,40.461968],[-79.981994,40.46208],[-79.981891,40.462192],[-79.981787,40.462305],[-79.98177,40.462323],[-79.981667,40.462435],[-79.981564,40.462548],[-79.981462,40.462661],[-79.981461,40.462663],[-79.981363,40.462778],[-79.981266,40.462893],[-79.981173,40.463011],[-79.981099,40.463105],[-79.981015,40.463218],[-79.980922,40.463343],[-79.980867,40.463418],[-79.98078,40.463538],[-79.980747,40.463583],[-79.980653,40.463712],[-79.980568,40.46383],[-79.980516,40.463902],[-79.980429,40.464022],[-79.980341,40.464142],[-79.980315,40.464177],[-79.980226,40.464296],[-79.980198,40.464332],[-79.98012,40.46443],[-79.980011,40.464567],[-79.979936,40.464661],[-79.979837,40.464784],[-79.979749,40.464895],[-79.979655,40.465012],[-79.979604,40.465076],[-79.979526,40.465173],[-79.979591,40.465222],[-79.978667,40.466372],[-79.978236,40.466908],[-79.977542,40.46777],[-79.977332,40.468033],[-79.977096,40.468329],[-79.97697,40.468488],[-79.975739,40.470033],[-79.975719,40.470022],[-79.975685,40.470003],[-79.975615,40.469964],[-79.975297,40.469787],[-79.97527,40.469772],[-79.975096,40.469675],[-79.974981,40.469611],[-79.974681,40.469444],[-79.974578,40.469466],[-79.974554,40.469472],[-79.974112,40.469571],[-79.973748,40.469861],[-79.973401,40.470095],[-79.972855,40.470349],[-79.972229,40.470423],[-79.970543,40.46964],[-79.970372,40.469872],[-79.968671,40.472181],[-79.968337,40.472636],[-79.966156,40.475607],[-79.964811,40.477462],[-79.963334,40.479465],[-79.961603,40.48123],[-79.958749,40.483556],[-79.956819,40.484813],[-79.952364,40.487017],[-79.946636,40.488979],[-79.937981,40.491132],[-79.933336,40.491744],[-79.930503,40.491728],[-79.9265,40.49157],[-79.918113,40.489466],[-79.912023,40.48879],[-79.907522,40.487238],[-79.901467,40.486364],[-79.901489,40.487439],[-79.901491,40.487485],[-79.901504,40.487746],[-79.901604,40.488375],[-79.90161,40.488604],[-79.90161,40.488639],[-79.901611,40.488651],[-79.901611,40.488682],[-79.901613,40.488747],[-79.901618,40.488825],[-79.901626,40.488951],[-79.901629,40.488993],[-79.901611,40.488988],[-79.901558,40.488974],[-79.901541,40.48897],[-79.901509,40.488961],[-79.901416,40.488937],[-79.901385,40.488929],[-79.901322,40.488912],[-79.901133,40.488862],[-79.901071,40.488846],[-79.900899,40.488796],[-79.900752,40.488754],[-79.900384,40.488652],[-79.900213,40.488605],[-79.90004,40.488557],[-79.899522,40.488413],[-79.89935,40.488366],[-79.899176,40.488319],[-79.898656,40.488181],[-79.898523,40.488146],[-79.898487,40.488127],[-79.898321,40.488081],[-79.897985,40.487988],[-79.897824,40.487945],[-79.897658,40.487902],[-79.897607,40.487887],[-79.895484,40.487284],[-79.894392,40.487056],[-79.893315,40.486878],[-79.892212,40.486734],[-79.890985,40.48663],[-79.889807,40.486602],[-79.888782,40.48664],[-79.888055,40.486742],[-79.888043,40.486665],[-79.888034,40.486615],[-79.888027,40.486573],[-79.887389,40.486637],[-79.886174,40.486759],[-79.885571,40.486819],[-79.884571,40.486919],[-79.884568,40.48692],[-79.884566,40.486893],[-79.884559,40.486782],[-79.885363,40.486686],[-79.885542,40.486665],[-79.885749,40.48664],[-79.886333,40.486571],[-79.887086,40.486511],[-79.887109,40.486509],[-79.887783,40.486469],[-79.888178,40.486448],[-79.888165,40.486201],[-79.888163,40.486165],[-79.888114,40.485205],[-79.888114,40.485196],[-79.888114,40.485184],[-79.88814,40.48501],[-79.888203,40.483956],[-79.888216,40.48369],[-79.884475,40.483282],[-79.883918,40.483222],[-79.883854,40.483217],[-79.88381,40.48322],[-79.883956,40.482422],[-79.883971,40.482338],[-79.884036,40.482033],[-79.884119,40.481637],[-79.88666,40.481864],[-79.891035,40.482424],[-79.899266,40.483395],[-79.906033,40.484445],[-79.907033,40.484629],[-79.907851,40.48485],[-79.913361,40.486324],[-79.91951,40.487715],[-79.919678,40.487751],[-79.920084,40.487847],[-79.921555,40.488184],[-79.925261,40.489025],[-79.92728,40.489515],[-79.930124,40.48959],[-79.930285,40.489588],[-79.931666,40.489271],[-79.932226,40.489153],[-79.933281,40.489153],[-79.93334,40.489154],[-79.933737,40.489163],[-79.933909,40.489166],[-79.934101,40.489171],[-79.93436,40.489176],[-79.934466,40.489179],[-79.934855,40.489177],[-79.93509,40.48915],[-79.935104,40.489146],[-79.935224,40.489119],[-79.935408,40.489061],[-79.93554,40.489013],[-79.935605,40.488988],[-79.935804,40.488916],[-79.93587,40.488892],[-79.936024,40.488834],[-79.936493,40.488663],[-79.936645,40.488613],[-79.937159,40.488437],[-79.937767,40.488222],[-79.938031,40.488124],[-79.938655,40.487901],[-79.939041,40.487764],[-79.940295,40.487317],[-79.940315,40.48731],[-79.941327,40.486952],[-79.942219,40.486638],[-79.942272,40.486618],[-79.942432,40.486562],[-79.942486,40.486544],[-79.94275,40.486452],[-79.942903,40.486397],[-79.944152,40.485951],[-79.944569,40.485803],[-79.944721,40.485749],[-79.944916,40.485678],[-79.945626,40.48542],[-79.945955,40.485295],[-79.946301,40.485166],[-79.948041,40.484414],[-79.949935,40.483591],[-79.953445,40.481598],[-79.953741,40.481887],[-79.953808,40.481825],[-79.954125,40.481653],[-79.954059,40.481611],[-79.954373,40.481309],[-79.954868,40.480686],[-79.956082,40.478615],[-79.956235,40.478727],[-79.956556,40.478962],[-79.956639,40.478895],[-79.956969,40.478635],[-79.957023,40.478594],[-79.957068,40.478594],[-79.959176,40.47691],[-79.959254,40.476875],[-79.959863,40.476385],[-79.960101,40.476195],[-79.960565,40.475826],[-79.960185,40.475552],[-79.962659,40.473561],[-79.963312,40.474018],[-79.963375,40.473969],[-79.963621,40.473769],[-79.96364,40.473753],[-79.962935,40.473241],[-79.96296,40.47322],[-79.963084,40.473116],[-79.963099,40.473127],[-79.963358,40.472919],[-79.963421,40.472868],[-79.962901,40.472493],[-79.963865,40.471729],[-79.963802,40.471682],[-79.96365,40.471573],[-79.963574,40.47152],[-79.963588,40.471508],[-79.963788,40.47135],[-79.963835,40.471311],[-79.964137,40.471516],[-79.964584,40.471155],[-79.964387,40.471012],[-79.964361,40.471032],[-79.964325,40.471062],[-79.964289,40.471092],[-79.964248,40.471124],[-79.964212,40.471154],[-79.964197,40.471166],[-79.964151,40.471134],[-79.964108,40.471105],[-79.964064,40.471075],[-79.964022,40.471046],[-79.963981,40.471017],[-79.963939,40.470989],[-79.963894,40.470958],[-79.963884,40.470951],[-79.963849,40.470927],[-79.963808,40.470899],[-79.963765,40.470868],[-79.96372,40.470838],[-79.963677,40.470808],[-79.963656,40.470793],[-79.963646,40.470801],[-79.963604,40.470771],[-79.963558,40.470739],[-79.963512,40.470705],[-79.963469,40.470675],[-79.963282,40.470836],[-79.963231,40.470882],[-79.963274,40.470913],[-79.963232,40.47095],[-79.962902,40.471209],[-79.962874,40.471231],[-79.962412,40.470897],[-79.963251,40.470222],[-79.962241,40.469505],[-79.962775,40.469104],[-79.962757,40.46909],[-79.962664,40.469015],[-79.962385,40.46879],[-79.962293,40.468715],[-79.963752,40.467571],[-79.96408,40.467833],[-79.965194,40.468712],[-79.96608,40.467971],[-79.966076,40.467872],[-79.96613,40.467829],[-79.965993,40.467719],[-79.96595,40.467685],[-79.965913,40.467626],[-79.966387,40.466941],[-79.966989,40.466086],[-79.966628,40.465922],[-79.968559,40.463202],[-79.967728,40.462883],[-79.967246,40.462688],[-79.967207,40.462656],[-79.968778,40.461592],[-79.968706,40.461535],[-79.968493,40.461364],[-79.968428,40.461313],[-79.982793,40.451417],[-79.984442,40.452794],[-79.986587,40.454603],[-79.990804,40.451605],[-79.993519,40.449651],[-79.993737,40.449494],[-79.996155,40.448074],[-79.996778,40.447708],[-79.998656,40.446872],[-80.002144,40.445596],[-80.003241,40.445358],[-80.004372,40.445112],[-80.005298,40.444912],[-80.006273,40.4447],[-80.008374,40.444341],[-80.009593,40.444133],[-80.01326,40.443587],[-80.013604,40.443547],[-80.015434,40.443339],[-80.016852,40.443246],[-80.016963,40.443239],[-80.018485,40.443333],[-80.016049,40.441776],[-80.011118,40.438992],[-80.008573,40.437878],[-80.009327,40.436709],[-80.012648,40.438185],[-80.014581,40.439178],[-80.01687,40.440495],[-80.016823,40.440568],[-80.018003,40.441218],[-80.019445,40.44174],[-80.019824,40.441112],[-80.018984,40.440775],[-80.017548,40.439998],[-80.017731,40.439744],[-80.017907,40.439806],[-80.019109,40.440228],[-80.01951,40.440369],[-80.021182,40.441063],[-80.021229,40.441083],[-80.02479,40.442431],[-80.026263,40.442989],[-80.027913,40.443666],[-80.028316,40.443861],[-80.028397,40.4439],[-80.028503,40.443951],[-80.039901,40.452624],[-80.040169,40.452801],[-80.040486,40.453012],[-80.04074,40.453207],[-80.040939,40.453381],[-80.040969,40.453408],[-80.041143,40.45363],[-80.041297,40.453822],[-80.041307,40.453842],[-80.041424,40.454073],[-80.041527,40.454278],[-80.041632,40.454395],[-80.04174,40.454516],[-80.04192,40.454717],[-80.042588,40.455332],[-80.04281,40.4555],[-80.04305,40.455682],[-80.043732,40.456201],[-80.044475,40.456686],[-80.045219,40.457097],[-80.045536,40.457262],[-80.04556,40.457273],[-80.045587,40.457286],[-80.045615,40.457299],[-80.045642,40.457312],[-80.04567,40.457325],[-80.045688,40.457333],[-80.045726,40.457349],[-80.045744,40.457357],[-80.045763,40.457365],[-80.045801,40.457381],[-80.04582,40.457388],[-80.045839,40.457396],[-80.045858,40.457404],[-80.045883,40.457415],[-80.045905,40.457425],[-80.045927,40.457434],[-80.045942,40.457441],[-80.045964,40.457451],[-80.045986,40.457461],[-80.046008,40.45747],[-80.046022,40.457477],[-80.046044,40.457486],[-80.046059,40.457493],[-80.046102,40.457512],[-80.046147,40.457532],[-80.046201,40.457563],[-80.046224,40.457576],[-80.046258,40.457595],[-80.046299,40.457618],[-80.046334,40.457638],[-80.046374,40.457661],[-80.046401,40.457676],[-80.046449,40.457703],[-80.046477,40.457719],[-80.046517,40.457742],[-80.046552,40.457762],[-80.046593,40.457785],[-80.046627,40.457805],[-80.046667,40.457828],[-80.046713,40.457853],[-80.046748,40.457872],[-80.046787,40.457892],[-80.046827,40.457913],[-80.046867,40.457934],[-80.046907,40.457955],[-80.046946,40.457976],[-80.046986,40.457997],[-80.047026,40.458018],[-80.047065,40.458039],[-80.047115,40.458065],[-80.047139,40.458077],[-80.047166,40.458091],[-80.047216,40.458117],[-80.047266,40.458143],[-80.047316,40.458169],[-80.047366,40.458195],[-80.047417,40.458221],[-80.04744,40.458233],[-80.047467,40.458247],[-80.047517,40.458273],[-80.047541,40.458286],[-80.047567,40.458299],[-80.047607,40.458321],[-80.047646,40.458342],[-80.047686,40.458363],[-80.047726,40.458385],[-80.047765,40.458407],[-80.047804,40.458428],[-80.047844,40.45845],[-80.047883,40.458472],[-80.047922,40.458494],[-80.047962,40.458515],[-80.047998,40.458536],[-80.048035,40.458556],[-80.048072,40.458576],[-80.048108,40.458597],[-80.048145,40.458617],[-80.048181,40.458638],[-80.048218,40.458658],[-80.048254,40.458679],[-80.048291,40.458699],[-80.048327,40.45872],[-80.048372,40.458746],[-80.048417,40.458772],[-80.048462,40.458799],[-80.048507,40.458826],[-80.048552,40.458852],[-80.048596,40.458879],[-80.048641,40.458906],[-80.048685,40.458933],[-80.048729,40.458961],[-80.048773,40.458988],[-80.048808,40.45901],[-80.048841,40.459031],[-80.04888,40.459055],[-80.048914,40.459076],[-80.048953,40.459101],[-80.048986,40.459121],[-80.049025,40.459146],[-80.049066,40.459171],[-80.049099,40.459192],[-80.049138,40.459216],[-80.049171,40.459237],[-80.049246,40.459284],[-80.04929,40.459312],[-80.049328,40.459336],[-80.049362,40.459357],[-80.049401,40.459381],[-80.049434,40.459402],[-80.049473,40.459426],[-80.049499,40.459443],[-80.049537,40.459468],[-80.049571,40.459508],[-80.049609,40.459514],[-80.049642,40.459534],[-80.049681,40.459559],[-80.049712,40.459578],[-80.049745,40.459599],[-80.049784,40.459623],[-80.049817,40.459643],[-80.049856,40.459667],[-80.04989,40.459688],[-80.049929,40.459712],[-80.04995,40.459725],[-80.049989,40.459752],[-80.050044,40.459789],[-80.050071,40.459807],[-80.050109,40.459832],[-80.050133,40.459849],[-80.050178,40.45988],[-80.050207,40.4599],[-80.050244,40.459926],[-80.050276,40.459948],[-80.050313,40.459974],[-80.050333,40.459988],[-80.050365,40.46001],[-80.050403,40.460036],[-80.050429,40.460055],[-80.050472,40.460084],[-80.050496,40.460101],[-80.050532,40.460127],[-80.050544,40.460136],[-80.050581,40.460162],[-80.050613,40.460184],[-80.05065,40.46021],[-80.050684,40.460234],[-80.050716,40.460256],[-80.050753,40.460282],[-80.050779,40.4603],[-80.050816,40.460326],[-80.050848,40.460349],[-80.050885,40.460375],[-80.050907,40.46039],[-80.050943,40.460416],[-80.050975,40.460438],[-80.051013,40.460464],[-80.051024,40.460472],[-80.05107,40.460504],[-80.051093,40.46052],[-80.051124,40.460542],[-80.051162,40.460568],[-80.051176,40.460578],[-80.051208,40.4606],[-80.051245,40.460626],[-80.051277,40.460648],[-80.051314,40.460674],[-80.051326,40.460682],[-80.051363,40.460708],[-80.051395,40.46073],[-80.051432,40.460756],[-80.051466,40.46078],[-80.051498,40.460803],[-80.051535,40.460828],[-80.051557,40.460843],[-80.05159,40.460864],[-80.051628,40.460889],[-80.051653,40.460905],[-80.051699,40.460936],[-80.051719,40.460949],[-80.05177,40.460982],[-80.051791,40.460995],[-80.051809,40.461007],[-80.051819,40.461013],[-80.051856,40.461035],[-80.051913,40.461068],[-80.05194,40.461083],[-80.051971,40.461101],[-80.052022,40.461128],[-80.052061,40.461147],[-80.052091,40.461162],[-80.052148,40.461186],[-80.052183,40.4612],[-80.0522,40.461207],[-80.052243,40.461223],[-80.052289,40.461239],[-80.052326,40.461253],[-80.052372,40.461269],[-80.052396,40.461278],[-80.052431,40.461288],[-80.052466,40.461298],[-80.052517,40.461311],[-80.052569,40.461323],[-80.052604,40.461329],[-80.052651,40.461337],[-80.052689,40.461343],[-80.052714,40.461347],[-80.052758,40.461352],[-80.052799,40.461357],[-80.052829,40.461361],[-80.052869,40.461365],[-80.05291,40.461368],[-80.052938,40.46137],[-80.052985,40.461373],[-80.053047,40.461376],[-80.05308,40.461377],[-80.05313,40.461378],[-80.053181,40.461378],[-80.053232,40.461377],[-80.053266,40.461376],[-80.053311,40.461374],[-80.053371,40.461369],[-80.053405,40.461366],[-80.053433,40.461364],[-80.053491,40.461493],[-80.054538,40.463287],[-80.054687,40.463541],[-80.054927,40.46397],[-80.056847,40.463413],[-80.057142,40.463761],[-80.056963,40.463834],[-80.056639,40.463959],[-80.056166,40.464113],[-80.055564,40.464364],[-80.055343,40.464445],[-80.055042,40.464556],[-80.05502,40.464558],[-80.054182,40.464809],[-80.053638,40.464891],[-80.053543,40.464919],[-80.052597,40.465198],[-80.052389,40.465257],[-80.050716,40.465732],[-80.051058,40.466918],[-80.050424,40.468996],[-80.049653,40.469984],[-80.04834,40.470806],[-80.0471,40.471695],[-80.046864,40.47255],[-80.047363,40.474578],[-80.047853,40.475961],[-80.048366,40.477093],[-80.048394,40.477155],[-80.046458,40.477735],[-80.046441,40.47774],[-80.046426,40.477744],[-80.046401,40.477753],[-80.046382,40.477759],[-80.046368,40.477764],[-80.045907,40.47791],[-80.044528,40.478351],[-80.04429,40.478428],[-80.044068,40.478498],[-80.044009,40.478515],[-80.043954,40.478532],[-80.043835,40.47857],[-80.043778,40.478589],[-80.04371,40.478611],[-80.043098,40.477978],[-80.043525,40.477725],[-80.043532,40.477663],[-80.042671,40.476797],[-80.042229,40.476351],[-80.041461,40.475421],[-80.040086,40.473753],[-80.040081,40.473663],[-80.040166,40.473597],[-80.0401,40.472149],[-80.040073,40.471768],[-80.040006,40.471488],[-80.039879,40.471208],[-80.039741,40.470974],[-80.039255,40.470288],[-80.03874,40.46955],[-80.037621,40.467958],[-80.036906,40.466994],[-80.036858,40.466908],[-80.036818,40.466836],[-80.036407,40.466092],[-80.036016,40.465443],[-80.035441,40.464793]]],[[[-79.928262,40.400041],[-79.92916,40.399264],[-79.930857,40.39849],[-79.931053,40.398402],[-79.931385,40.398254],[-79.931568,40.398168],[-79.932203,40.397933],[-79.932789,40.397719],[-79.933011,40.397639],[-79.932994,40.397499],[-79.932982,40.397396],[-79.932974,40.397325],[-79.932911,40.396785],[-79.932905,40.396732],[-79.932902,40.396703],[-79.932885,40.396543],[-79.93282,40.395995],[-79.932814,40.395949],[-79.932811,40.39593],[-79.932701,40.394999],[-79.932686,40.394867],[-79.932681,40.39482],[-79.932622,40.394221],[-79.932564,40.393636],[-79.932557,40.393561],[-79.932558,40.393561],[-79.932805,40.393546],[-79.93285,40.393543],[-79.932963,40.393538],[-79.933175,40.393533],[-79.933329,40.39353],[-79.933464,40.393534],[-79.933586,40.393537],[-79.933955,40.393557],[-79.934312,40.393615],[-79.9351,40.393713],[-79.935234,40.393716],[-79.936055,40.393735],[-79.938458,40.39398],[-79.938508,40.394145],[-79.938536,40.39421],[-79.938589,40.394414],[-79.938597,40.394464],[-79.938659,40.394626],[-79.938725,40.394821],[-79.938796,40.395034],[-79.937029,40.395149],[-79.936716,40.395169],[-79.93694,40.395211],[-79.93699,40.395225],[-79.937115,40.395275],[-79.937262,40.395403],[-79.937387,40.395512],[-79.937499,40.39567],[-79.937561,40.395835],[-79.937622,40.396178],[-79.937634,40.396248],[-79.937732,40.396794],[-79.937761,40.396958],[-79.938343,40.396986],[-79.938639,40.396998],[-79.9393,40.397029],[-79.940475,40.397098],[-79.941112,40.397135],[-79.9419,40.397242],[-79.942593,40.397336],[-79.94375,40.397719],[-79.943944,40.397783],[-79.945503,40.39847],[-79.946681,40.399273],[-79.946808,40.39936],[-79.947237,40.399703],[-79.947377,40.399815],[-79.947461,40.399886],[-79.947699,40.400076],[-79.948138,40.40043],[-79.949024,40.401314],[-79.949918,40.402409],[-79.950028,40.402568],[-79.950852,40.403759],[-79.951624,40.405375],[-79.952204,40.407253],[-79.952616,40.408862],[-79.95271,40.409358],[-79.951291,40.409693],[-79.950973,40.409773],[-79.950654,40.40985],[-79.950566,40.409874],[-79.950518,40.409886],[-79.950467,40.409897],[-79.950439,40.409831],[-79.949255,40.407388],[-79.949235,40.407392],[-79.949087,40.406971],[-79.949054,40.406977],[-79.948683,40.406858],[-79.948867,40.407473],[-79.948243,40.40761],[-79.948126,40.407635],[-79.947285,40.40488],[-79.946112,40.405022],[-79.94554,40.405088],[-79.945201,40.40347],[-79.943246,40.403735],[-79.943228,40.403671],[-79.943097,40.403277],[-79.943005,40.403001],[-79.94272,40.40244],[-79.942618,40.402403],[-79.942072,40.401687],[-79.941193,40.400994],[-79.940644,40.400629],[-79.939788,40.400142],[-79.939305,40.399877],[-79.938089,40.399574],[-79.937733,40.399936],[-79.937711,40.400007],[-79.937411,40.399834],[-79.936783,40.399721],[-79.935759,40.399489],[-79.933606,40.399883],[-79.93214,40.400425],[-79.931833,40.400543],[-79.930665,40.401099],[-79.929786,40.401597],[-79.928729,40.402357],[-79.927921,40.403067],[-79.927352,40.403533],[-79.926996,40.403912],[-79.925675,40.405456],[-79.924295,40.407175],[-79.923829,40.407795],[-79.922843,40.409197],[-79.922054,40.410301],[-79.92117,40.411366],[-79.920713,40.411825],[-79.92039,40.412118],[-79.920273,40.412034],[-79.920188,40.41197],[-79.919738,40.411632],[-79.91854,40.410796],[-79.918575,40.410765],[-79.918758,40.410604],[-79.919603,40.409774],[-79.920311,40.409084],[-79.921115,40.408306],[-79.921201,40.408224],[-79.922106,40.407019],[-79.922447,40.406567],[-79.923567,40.405127],[-79.92406,40.404495],[-79.924718,40.40378],[-79.925535,40.402892],[-79.926246,40.40207],[-79.927228,40.400934],[-79.928262,40.400041]]],[[[-79.955331,40.410543],[-79.955344,40.410542],[-79.955358,40.410577],[-79.955526,40.411032],[-79.955589,40.411223],[-79.955655,40.411698],[-79.955649,40.413887],[-79.955688,40.414558],[-79.955773,40.415302],[-79.955863,40.415689],[-79.955808,40.41569],[-79.955392,40.415698],[-79.953124,40.415751],[-79.952958,40.410667],[-79.954043,40.410611],[-79.954529,40.410584],[-79.954554,40.410583],[-79.954669,40.410577],[-79.955101,40.410554],[-79.955331,40.410543]]],[[[-79.992061,40.434633],[-79.989735,40.434456],[-79.989734,40.434456],[-79.989157,40.434423],[-79.985311,40.434693],[-79.98325,40.435099],[-79.982809,40.435115],[-79.982347,40.435051],[-79.982073,40.435018],[-79.981652,40.434972],[-79.98117,40.434981],[-79.980729,40.435051],[-79.978577,40.435383],[-79.977689,40.435513],[-79.97642,40.435666],[-79.975128,40.435777],[-79.974019,40.435814],[-79.973347,40.435826],[-79.973021,40.435824],[-79.972602,40.435812],[-79.971679,40.435769],[-79.970953,40.435713],[-79.970205,40.435659],[-79.969366,40.435482],[-79.967791,40.435073],[-79.967818,40.434987],[-79.968022,40.434346],[-79.96904,40.434558],[-79.970904,40.434947],[-79.971155,40.434227],[-79.970989,40.434169],[-79.971013,40.434106],[-79.971083,40.433925],[-79.97111,40.433855],[-79.971482,40.432897],[-79.967848,40.432005],[-79.968325,40.430997],[-79.968537,40.430591],[-79.968728,40.430193],[-79.969377,40.428793],[-79.969409,40.428728],[-79.969761,40.428821],[-79.970896,40.429121],[-79.970769,40.429575],[-79.970678,40.430002],[-79.972856,40.430136],[-79.973736,40.430175],[-79.974451,40.43022],[-79.974828,40.430245],[-79.974853,40.430246],[-79.974846,40.430327],[-79.974831,40.430492],[-79.974815,40.430656],[-79.974812,40.430683],[-79.976037,40.430758],[-79.976086,40.430339],[-79.976137,40.429854],[-79.977506,40.42995],[-79.977449,40.430388],[-79.978962,40.430484],[-79.980381,40.430569],[-79.980427,40.430127],[-79.981907,40.430211],[-79.981922,40.430154],[-79.982658,40.430172],[-79.98416,40.430137],[-79.985059,40.430115],[-79.985384,40.430107],[-79.985406,40.430731],[-79.985803,40.430722],[-79.985802,40.430697],[-79.985801,40.430622],[-79.9858,40.430587],[-79.985799,40.430552],[-79.985798,40.430516],[-79.985797,40.430482],[-79.985796,40.43043],[-79.985724,40.430432],[-79.985724,40.430424],[-79.985723,40.430331],[-79.985721,40.430174],[-79.985719,40.430107],[-79.986154,40.430097],[-79.987557,40.430068],[-79.988643,40.430045],[-79.988577,40.42871],[-79.992242,40.428625],[-79.99406,40.428604],[-79.994618,40.428701],[-79.995117,40.428787],[-79.996438,40.429237],[-80.000471,40.430612],[-80.000002,40.431421],[-79.999716,40.431892],[-79.999577,40.432078],[-79.999481,40.432207],[-79.998698,40.433379],[-79.998015,40.433163],[-79.996643,40.432767],[-79.995829,40.433995],[-79.995724,40.434111],[-79.995683,40.434166],[-79.995671,40.434187],[-79.995656,40.434216],[-79.99563,40.434266],[-79.995601,40.434314],[-79.994721,40.435662],[-79.992061,40.434633]]]]}},
{"type":"Feature","properties":{"name":"SP Districts & PUDs","reduction":"Parking Demand Analysis Required, see Sec. 914.02.B"},"geometry":{"type":"MultiPolygon","coordinates":[[[[-79.967008,40.434845],[-79.96347,40.433341],[-79.96192,40.432663],[-79.960574,40.432001],[-79.959931,40.431694],[-79.95925,40.431291],[-79.958937,40.431055],[-79.957742,40.429958],[-79.957523,40.429745],[-79.957131,40.429364],[-79.956741,40.428985],[-79.956628,40.428876],[-79.956471,40.428717],[-79.956375,40.428625],[-79.955629,40.427886],[-79.95491,40.427128],[-79.954879,40.427096],[-79.954545,40.426739],[-79.954397,40.426582],[-79.953888,40.426029],[-79.953572,40.425641],[-79.952775,40.424592],[-79.952446,40.424159],[-79.952056,40.423637],[-79.951874,40.423703],[-79.951062,40.422616],[-79.950907,40.422408],[-79.950804,40.422265],[-79.950878,40.422234],[-79.950969,40.422199],[-79.950501,40.421568],[-79.949984,40.420909],[-79.9493,40.419998],[-79.9489,40.419259],[-79.948659,40.418754],[-79.948204,40.418895],[-79.947866,40.418231],[-79.947295,40.417113],[-79.947128,40.416783],[-79.947113,40.416755],[-79.947053,40.416636],[-79.946987,40.416508],[-79.946921,40.41638],[-79.946851,40.416247],[-79.946787,40.416126],[-79.946719,40.415998],[-79.946673,40.41591],[-79.946603,40.415778],[-79.946538,40.415656],[-79.946468,40.415523],[-79.946404,40.415401],[-79.946335,40.415268],[-79.946272,40.415146],[-79.946204,40.415013],[-79.94614,40.41489],[-79.9461,40.414814],[-79.946033,40.414687],[-79.945966,40.41456],[-79.9459,40.414432],[-79.945833,40.414305],[-79.945768,40.414177],[-79.945706,40.414057],[-79.945639,40.413921],[-79.945576,40.413792],[-79.945524,40.413682],[-79.945463,40.413553],[-79.945401,40.413424],[-79.945339,40.413296],[-79.945274,40.413167],[-79.945232,40.41305],[-79.945202,40.412964],[-79.945162,40.412833],[-79.945154,40.4128],[-79.945119,40.412666],[-79.945111,40.412634],[-79.945089,40.412492],[-79.945083,40.41242],[-79.945072,40.412284],[-79.945066,40.412214],[-79.945052,40.412073],[-79.945051,40.412069],[-79.945041,40.411972],[-79.945031,40.411934],[-79.945005,40.411837],[-79.944932,40.411703],[-79.944877,40.411602],[-79.944795,40.411449],[-79.944727,40.41132],[-79.944785,40.411307],[-79.944957,40.411266],[-79.944928,40.411138],[-79.944908,40.411041],[-79.944895,40.410978],[-79.944884,40.41092],[-79.944855,40.410778],[-79.944833,40.410667],[-79.944815,40.410577],[-79.944806,40.410532],[-79.944796,40.410483],[-79.944778,40.410397],[-79.944769,40.410351],[-79.944753,40.410268],[-79.944735,40.410183],[-79.944718,40.410098],[-79.944696,40.409991],[-79.944674,40.409881],[-79.944614,40.409582],[-79.944564,40.409334],[-79.94452,40.409115],[-79.944509,40.409063],[-79.944499,40.409014],[-79.944489,40.408961],[-79.944476,40.408896],[-79.944465,40.408841],[-79.944455,40.408794],[-79.944443,40.408734],[-79.944421,40.408626],[-79.944401,40.408529],[-79.944391,40.408479],[-79.945911,40.408135],[-79.948126,40.407635],[-79.948243,40.40761],[-79.948867,40.407473],[-79.948683,40.406858],[-79.949054,40.406977],[-79.949087,40.406971],[-79.949235,40.407392],[-79.949255,40.407388],[-79.950439,40.409831],[-79.950467,40.409897],[-79.950518,40.409886],[-79.950566,40.409874],[-79.950654,40.40985],[-79.950973,40.409773],[-79.951291,40.409693],[-79.95271,40.409358],[-79.952958,40.410667],[-79.953124,40.415751],[-79.955808,40.41569],[-79.955863,40.415689],[-79.956382,40.417473],[-79.958688,40.421476],[-79.958959,40.421716],[-79.960177,40.422535],[-79.959503,40.423139],[-79.959459,40.423218],[-79.959452,40.423306],[-79.959496,40.423389],[-79.95988,40.423821],[-79.961519,40.424949],[-79.962559,40.42407],[-79.963007,40.424384],[-79.963655,40.424806],[-79.96381,40.42491],[-79.964362,40.425278],[-79.964592,40.425431],[-79.965577,40.426085],[-79.966284,40.426554],[-79.967003,40.427066],[-79.969806,40.427857],[-79.969601,40.428295],[-79.969538,40.428429],[-79.969409,40.428728],[-79.969377,40.428793],[-79.968728,40.430193],[-79.968537,40.430591],[-79.968325,40.430997],[-79.967848,40.432005],[-79.971482,40.432897],[-79.97111,40.433855],[-79.971083,40.433925],[-79.971013,40.434106],[-79.970989,40.434169],[-79.971155,40.434227],[-79.970904,40.434947],[-79.970904,40.434947],[-79.970904,40.434947],[-79.96904,40.434558],[-79.968022,40.434346],[-79.967818,40.434987],[-79.967791,40.435073],[-79.967008,40.434845]]],[[[-79.930451,40.375477],[-79.92998,40.375063],[-79.927347,40.376308],[-79.927297,40.375782],[-79.927294,40.375758],[-79.927267,40.375473],[-79.927256,40.375361],[-79.927238,40.375166],[-79.927216,40.374954],[-79.927216,40.374952],[-79.927215,40.374952],[-79.928869,40.374814],[-79.928959,40.374806],[-79.929054,40.374798],[-79.930721,40.374659],[-79.931182,40.374621],[-79.931558,40.374589],[-79.932104,40.374544],[-79.932527,40.374511],[-79.938103,40.374084],[-79.938104,40.374968],[-79.938104,40.375281],[-79.93728,40.375347],[-79.936616,40.375402],[-79.935217,40.375511],[-79.934142,40.375595],[-79.934029,40.375603],[-79.933612,40.376034],[-79.933921,40.376357],[-79.93392,40.376743],[-79.93361,40.376888],[-79.933004,40.377175],[-79.933,40.377339],[-79.932982,40.377616],[-79.932482,40.377727],[-79.932443,40.377736],[-79.931697,40.377901],[-79.931813,40.378152],[-79.931894,40.378354],[-79.932126,40.378934],[-79.9322,40.379327],[-79.932208,40.379373],[-79.931261,40.379457],[-79.931641,40.380948],[-79.930863,40.381797],[-79.929974,40.381413],[-79.929081,40.381035],[-79.929057,40.380975],[-79.928996,40.380861],[-79.928996,40.380859],[-79.928661,40.380342],[-79.928287,40.379775],[-79.927833,40.379076],[-79.927278,40.37828],[-79.927613,40.377463],[-79.928777,40.377122],[-79.92904,40.377043],[-79.92898,40.376775],[-79.929256,40.376263],[-79.929298,40.376174],[-79.929407,40.376087],[-79.930428,40.375546],[-79.930451,40.375477]]],[[[-79.97707,40.384725],[-79.97728,40.384497],[-79.97734,40.384426],[-79.977405,40.384464],[-79.97751,40.384521],[-79.977661,40.384358],[-79.977728,40.38429],[-79.978092,40.38478],[-79.977749,40.385122],[-79.977436,40.385461],[-79.977307,40.385437],[-79.976565,40.385414],[-79.976475,40.385394],[-79.976573,40.38528],[-79.976705,40.385129],[-79.976873,40.384944],[-79.976927,40.384887],[-79.976973,40.384832],[-79.97707,40.384725]]],[[[-80.009393,40.39223],[-80.009397,40.39218],[-80.009417,40.391847],[-80.009418,40.391841],[-80.009419,40.391827],[-80.009503,40.391835],[-80.009631,40.391838],[-80.010792,40.391795],[-80.010797,40.391816],[-80.010868,40.392209],[-80.01088,40.39227],[-80.009956,40.392329],[-80.009382,40.392349],[-80.009393,40.39223]]],[[[-80.028118,40.404445],[-80.02812,40.403896],[-80.029123,40.40391],[-80.029026,40.404631],[-80.028957,40.404624],[-80.028614,40.404586],[-80.028585,40.404583],[-80.028595,40.404484],[-80.028565,40.404459],[-80.02819,40.404447],[-80.028118,40.404445]]],[[[-80.026536,40.405388],[-80.026567,40.405312],[-80.02698,40.405425],[-80.026991,40.40543],[-80.027179,40.405514],[-80.027384,40.405674],[-80.027528,40.405809],[-80.026546,40.406009],[-80.026527,40.405957],[-80.026412,40.40564],[-80.02661,40.405603],[-80.026536,40.405388]]],[[[-79.943516,40.408601],[-79.943685,40.408572],[-79.943848,40.409159],[-79.943311,40.409273],[-79.942757,40.409392],[-79.942732,40.409324],[-79.942632,40.409051],[-79.942548,40.408848],[-79.942526,40.408796],[-79.943207,40.408655],[-79.943516,40.408601]]],[[[-79.926267,40.409622],[-79.92614,40.409474],[-79.926096,40.409434],[-79.926036,40.409362],[-79.925992,40.409309],[-79.925942,40.409236],[-79.925913,40.409196],[-79.925857,40.409114],[-79.925795,40.408951],[-79.925767,40.40881],[-79.925763,40.408717],[-79.925758,40.40861],[-79.925775,40.408489],[-79.925783,40.408429],[-79.925805,40.408354],[-79.925823,40.408288],[-79.925921,40.408091],[-79.92603,40.408107],[-79.926446,40.40817],[-79.926442,40.408254],[-79.926464,40.408386],[-79.926478,40.408476],[-79.926512,40.408572],[-79.926603,40.408771],[-79.926728,40.408958],[-79.926898,40.409127],[-79.927105,40.40928],[-79.927278,40.40937],[-79.927404,40.40942],[-79.927605,40.409449],[-79.927747,40.409441],[-79.92787,40.409415],[-79.927983,40.40937],[-79.928105,40.409293],[-79.928158,40.409239],[-79.928203,40.409176],[-79.928632,40.409367],[-79.92893,40.409499],[-79.92942,40.409718],[-79.927896,40.410318],[-79.927162,40.409869],[-79.926568,40.40984],[-79.926457,40.409856],[-79.926456,40.409855],[-79.926333,40.4097],[-79.926267,40.409622]]],[[[-80.008246,40.409381],[-80.008635,40.409087],[-80.008644,40.409095],[-80.008914,40.409347],[-80.008935,40.409369],[-80.008937,40.409371],[-80.009069,40.409505],[-80.009089,40.409526],[-80.009113,40.40955],[-80.009158,40.409596],[-80.009269,40.409709],[-80.009282,40.409722],[-80.009371,40.409813],[-80.009383,40.409825],[-80.009399,40.40984],[-80.009415,40.409857],[-80.009459,40.409902],[-80.009503,40.409946],[-80.009546,40.40999],[-80.009598,40.410044],[-80.009613,40.410059],[-80.009664,40.410111],[-80.00971,40.410157],[-80.009753,40.410201],[-80.009798,40.410247],[-80.009841,40.41029],[-80.009907,40.410358],[-80.009931,40.410382],[-80.009967,40.410418],[-80.010054,40.410508],[-80.010101,40.410555],[-80.010309,40.410767],[-80.010319,40.410776],[-80.010344,40.410802],[-80.010391,40.410843],[-80.009825,40.411327],[-80.009517,40.411712],[-80.009293,40.411524],[-80.008322,40.410575],[-80.007625,40.409837],[-80.008246,40.409381]]],[[[-79.991077,40.414424],[-79.991076,40.414353],[-79.992507,40.414316],[-79.99251,40.414386],[-79.992524,40.414654],[-79.992527,40.414687],[-79.991082,40.414727],[-79.991081,40.414695],[-79.991077,40.414424]]],[[[-80.033085,40.417205],[-80.032255,40.417022],[-80.032274,40.417255],[-80.031915,40.417176],[-80.03087,40.416686],[-80.030725,40.416634],[-80.030764,40.41659],[-80.030747,40.416213],[-80.030728,40.415804],[-80.030627,40.4158],[-80.03058,40.415044],[-80.030579,40.415011],[-80.030888,40.415036],[-80.031155,40.415059],[-80.03131,40.414459],[-80.032096,40.414489],[-80.032079,40.414075],[-80.032073,40.413931],[-80.032055,40.412863],[-80.031353,40.412891],[-80.030845,40.412906],[-80.030586,40.412915],[-80.030839,40.412112],[-80.030925,40.411863],[-80.031298,40.410783],[-80.031526,40.410217],[-80.031657,40.409892],[-80.031692,40.40983],[-80.031935,40.409395],[-80.031953,40.409364],[-80.031963,40.409347],[-80.032634,40.40953],[-80.033862,40.410093],[-80.034284,40.410457],[-80.034233,40.41049],[-80.034204,40.410508],[-80.03393,40.410685],[-80.033519,40.410951],[-80.033383,40.410919],[-80.033253,40.410954],[-80.032368,40.411901],[-80.032103,40.412191],[-80.032111,40.412777],[-80.032419,40.41294],[-80.035588,40.414674],[-80.03578,40.414473],[-80.035843,40.414507],[-80.037555,40.415459],[-80.037333,40.41569],[-80.037819,40.416074],[-80.038629,40.416713],[-80.038693,40.416768],[-80.038633,40.416804],[-80.038423,40.416914],[-80.038157,40.417028],[-80.037928,40.417101],[-80.03766,40.417158],[-80.037588,40.417007],[-80.037015,40.416874],[-80.036638,40.416914],[-80.036366,40.416942],[-80.036127,40.416967],[-80.036084,40.417019],[-80.035713,40.416812],[-80.03542,40.416648],[-80.034837,40.416322],[-80.034241,40.415988],[-80.033689,40.416557],[-80.033696,40.416618],[-80.035101,40.417399],[-80.034604,40.417429],[-80.034254,40.417462],[-80.034038,40.417461],[-80.033794,40.417442],[-80.033439,40.417399],[-80.032919,40.417375],[-80.032973,40.417322],[-80.033085,40.417205]]],[[[-80.029755,40.418524],[-80.029765,40.418283],[-80.030005,40.418293],[-80.030072,40.418322],[-80.030129,40.418375],[-80.030321,40.418622],[-80.030472,40.418836],[-80.030587,40.419055],[-80.030618,40.419165],[-80.030637,40.419317],[-80.03064,40.419391],[-80.030612,40.419561],[-80.030568,40.419751],[-80.030464,40.420035],[-80.030401,40.420217],[-80.030387,40.42037],[-80.030386,40.420575],[-80.030317,40.421022],[-80.030253,40.421022],[-80.030069,40.421022],[-80.029987,40.421022],[-80.02985,40.421021],[-80.029651,40.421021],[-80.02974,40.418884],[-80.029755,40.418524]]],[[[-79.925007,40.422548],[-79.925072,40.422307],[-79.925165,40.422304],[-79.925622,40.422299],[-79.925653,40.422298],[-79.925652,40.422186],[-79.925685,40.422185],[-79.92622,40.42218],[-79.926225,40.422274],[-79.926239,40.422567],[-79.926252,40.422814],[-79.926254,40.422869],[-79.926263,40.423037],[-79.926268,40.423126],[-79.925039,40.423206],[-79.925007,40.422548]]],[[[-80.003823,40.422248],[-80.004952,40.422223],[-80.005025,40.423864],[-80.003869,40.423904],[-80.003823,40.422248]]],[[[-79.907595,40.426256],[-79.907483,40.425695],[-79.906828,40.425902],[-79.906626,40.425979],[-79.906526,40.42601],[-79.906328,40.426059],[-79.906319,40.42606],[-79.906248,40.426069],[-79.906244,40.426065],[-79.906176,40.425986],[-79.906077,40.425872],[-79.905972,40.425751],[-79.905634,40.425435],[-79.904823,40.424471],[-79.90438,40.423358],[-79.904484,40.423324],[-79.905223,40.423034],[-79.905758,40.423099],[-79.906159,40.42315],[-79.906398,40.423182],[-79.906635,40.423212],[-79.90687,40.423241],[-79.907045,40.423263],[-79.907062,40.423344],[-79.907098,40.423521],[-79.907163,40.423813],[-79.90723,40.424122],[-79.907299,40.424441],[-79.907312,40.424502],[-79.907557,40.424227],[-79.907639,40.424135],[-79.90763,40.424102],[-79.907595,40.423999],[-79.907583,40.423951],[-79.907541,40.423776],[-79.907488,40.423562],[-79.907328,40.422855],[-79.907165,40.422218],[-79.907133,40.422081],[-79.907064,40.421794],[-79.907,40.421529],[-79.906486,40.41939],[-79.906471,40.419324],[-79.906261,40.418449],[-79.90624,40.418364],[-79.911476,40.417561],[-79.91277,40.417021],[-79.913896,40.416386],[-79.913924,40.416366],[-79.915273,40.417335],[-79.916131,40.416544],[-79.916145,40.416532],[-79.916175,40.416576],[-79.916411,40.416603],[-79.916644,40.416629],[-79.917123,40.415722],[-79.917171,40.415637],[-79.917107,40.415612],[-79.916554,40.415385],[-79.916636,40.415277],[-79.916686,40.415219],[-79.916785,40.415102],[-79.916823,40.41508],[-79.916925,40.415001],[-79.917008,40.414935],[-79.918343,40.413905],[-79.918404,40.413856],[-79.920358,40.412309],[-79.920477,40.412219],[-79.920853,40.412763],[-79.920924,40.412861],[-79.921262,40.4133],[-79.921056,40.41339],[-79.92124,40.413632],[-79.921581,40.414103],[-79.921636,40.414187],[-79.922209,40.414159],[-79.922404,40.414134],[-79.922491,40.414117],[-79.92258,40.414104],[-79.922668,40.414097],[-79.92276,40.414099],[-79.922839,40.414106],[-79.92292,40.414111],[-79.922995,40.41412],[-79.923058,40.414136],[-79.923148,40.41406],[-79.923188,40.414086],[-79.923316,40.414175],[-79.923321,40.414178],[-79.9234,40.414234],[-79.923541,40.414333],[-79.92345,40.414413],[-79.922796,40.414991],[-79.922603,40.415161],[-79.922466,40.415277],[-79.922415,40.415321],[-79.922417,40.415345],[-79.922684,40.415353],[-79.922915,40.415414],[-79.922923,40.415433],[-79.922893,40.415481],[-79.922691,40.41579],[-79.922704,40.415825],[-79.923294,40.416045],[-79.923305,40.416077],[-79.923179,40.416273],[-79.922929,40.416181],[-79.922925,40.41618],[-79.922053,40.415859],[-79.921816,40.416225],[-79.922342,40.41642],[-79.922156,40.417088],[-79.922555,40.417784],[-79.922512,40.417835],[-79.922434,40.417928],[-79.922355,40.418023],[-79.922871,40.418279],[-79.922951,40.418314],[-79.922807,40.41855],[-79.922747,40.418711],[-79.922699,40.418913],[-79.922082,40.418705],[-79.922025,40.418881],[-79.922009,40.419082],[-79.922014,40.419257],[-79.922034,40.419429],[-79.922052,40.419532],[-79.922069,40.419614],[-79.922077,40.419673],[-79.922086,40.419722],[-79.922096,40.419774],[-79.92212,40.419912],[-79.922133,40.419982],[-79.922136,40.420017],[-79.92213,40.420068],[-79.922115,40.420119],[-79.922099,40.420151],[-79.92209,40.420164],[-79.922082,40.420173],[-79.921799,40.420017],[-79.921522,40.419589],[-79.921417,40.419397],[-79.921257,40.419178],[-79.921146,40.419088],[-79.920297,40.419189],[-79.918679,40.419927],[-79.918659,40.419926],[-79.918501,40.419727],[-79.918301,40.419684],[-79.918227,40.419671],[-79.918178,40.419664],[-79.918138,40.419661],[-79.918096,40.419661],[-79.918037,40.419663],[-79.917988,40.419668],[-79.917933,40.419678],[-79.91788,40.419691],[-79.91783,40.419704],[-79.917784,40.419719],[-79.917752,40.419734],[-79.917684,40.419765],[-79.917453,40.419895],[-79.917277,40.41999],[-79.916932,40.420467],[-79.918179,40.421383],[-79.918248,40.421441],[-79.918161,40.421479],[-79.918052,40.421544],[-79.917967,40.421594],[-79.917945,40.421613],[-79.917856,40.421688],[-79.917745,40.421781],[-79.917699,40.42182],[-79.917626,40.421887],[-79.917598,40.421923],[-79.917578,40.42195],[-79.917479,40.421912],[-79.917479,40.421912],[-79.917406,40.421898],[-79.917213,40.421859],[-79.917025,40.421824],[-79.916611,40.421745],[-79.916532,40.421729],[-79.916006,40.421626],[-79.916006,40.421626],[-79.916002,40.421625],[-79.915721,40.421571],[-79.915708,40.421569],[-79.915704,40.421568],[-79.915464,40.421524],[-79.915396,40.421555],[-79.915129,40.421674],[-79.91486,40.421794],[-79.91486,40.421794],[-79.914597,40.421911],[-79.914396,40.422001],[-79.913823,40.422256],[-79.913589,40.422361],[-79.91323,40.422521],[-79.91371,40.422765],[-79.913687,40.422818],[-79.913851,40.422902],[-79.914019,40.422988],[-79.914251,40.423106],[-79.914563,40.423265],[-79.914584,40.423276],[-79.914258,40.423285],[-79.914323,40.423711],[-79.914257,40.423753],[-79.913636,40.42376],[-79.913696,40.424257],[-79.91338,40.424275],[-79.913198,40.424321],[-79.913097,40.424385],[-79.9129,40.424261],[-79.912813,40.424177],[-79.912774,40.424202],[-79.912765,40.424208],[-79.912748,40.424218],[-79.912631,40.424286],[-79.91259,40.424282],[-79.912531,40.424276],[-79.912443,40.424268],[-79.912383,40.424262],[-79.912358,40.42435],[-79.91235,40.424392],[-79.912463,40.424396],[-79.912549,40.4244],[-79.912515,40.424454],[-79.912497,40.424484],[-79.912454,40.424559],[-79.912442,40.424618],[-79.912389,40.424898],[-79.912396,40.425024],[-79.912405,40.425175],[-79.91246,40.4253],[-79.912504,40.425397],[-79.912238,40.425487],[-79.912386,40.425756],[-79.911576,40.425661],[-79.911501,40.425991],[-79.910742,40.425883],[-79.909378,40.425688],[-79.908872,40.425657],[-79.908349,40.425822],[-79.907595,40.426256]]],[[[-79.911935,40.424675],[-79.911637,40.424651],[-79.911615,40.424724],[-79.912126,40.424757],[-79.912133,40.424692],[-79.911935,40.424675]]],[[[-79.907934,40.426598],[-79.907964,40.426568],[-79.908915,40.426411],[-79.909254,40.42632],[-79.909562,40.426225],[-79.909828,40.426151],[-79.910029,40.426128],[-79.910302,40.426146],[-79.91064,40.426191],[-79.911102,40.426275],[-79.911776,40.426321],[-79.912199,40.426367],[-79.912438,40.426445],[-79.912629,40.426575],[-79.912737,40.426659],[-79.912694,40.426695],[-79.912664,40.426721],[-79.912168,40.426739],[-79.912115,40.42674],[-79.911304,40.426753],[-79.9111,40.426917],[-79.9111,40.426917],[-79.911043,40.426892],[-79.910912,40.426834],[-79.910849,40.426806],[-79.910783,40.426777],[-79.910723,40.426751],[-79.910723,40.426751],[-79.910657,40.426721],[-79.910148,40.426515],[-79.909952,40.426873],[-79.909921,40.426931],[-79.909852,40.426964],[-79.909851,40.426964],[-79.909722,40.427033],[-79.909616,40.427163],[-79.909583,40.427192],[-79.909485,40.427276],[-79.909469,40.42729],[-79.909469,40.42729],[-79.909469,40.42729],[-79.909371,40.427246],[-79.909198,40.427168],[-79.908526,40.426865],[-79.908237,40.426734],[-79.908223,40.426728],[-79.908182,40.426709],[-79.908139,40.42669],[-79.907934,40.426598]]],[[[-80.03389,40.421687],[-80.033874,40.420799],[-80.033873,40.420708],[-80.03387,40.420331],[-80.033867,40.420074],[-80.033973,40.420058],[-80.034209,40.420043],[-80.034313,40.420037],[-80.034472,40.420037],[-80.034672,40.420037],[-80.035013,40.420048],[-80.035479,40.420087],[-80.035673,40.420108],[-80.035736,40.419865],[-80.033827,40.418913],[-80.03237,40.418185],[-80.032277,40.418138],[-80.032276,40.417801],[-80.032786,40.417838],[-80.033003,40.417855],[-80.033008,40.417742],[-80.033699,40.417881],[-80.033701,40.417881],[-80.033857,40.417909],[-80.035004,40.418142],[-80.035355,40.417765],[-80.035659,40.417442],[-80.03565,40.417386],[-80.036087,40.417357],[-80.036098,40.417414],[-80.036156,40.417718],[-80.036752,40.417814],[-80.03724,40.417798],[-80.037649,40.417785],[-80.038184,40.417768],[-80.038345,40.417693],[-80.040582,40.416585],[-80.040714,40.416521],[-80.040892,40.416435],[-80.041037,40.416365],[-80.04121,40.416282],[-80.041383,40.416199],[-80.04155,40.416118],[-80.041719,40.416036],[-80.041886,40.415956],[-80.042037,40.415883],[-80.042282,40.415858],[-80.04246,40.41584],[-80.042549,40.415831],[-80.042627,40.415823],[-80.042633,40.415823],[-80.042154,40.416594],[-80.042144,40.416599],[-80.041992,40.416693],[-80.041974,40.416704],[-80.041746,40.416847],[-80.041552,40.41697],[-80.041346,40.417102],[-80.041626,40.417353],[-80.041657,40.417381],[-80.041662,40.417385],[-80.041653,40.417399],[-80.041591,40.417499],[-80.041007,40.418433],[-80.041002,40.418436],[-80.040808,40.41855],[-80.040802,40.418554],[-80.040657,40.418639],[-80.040497,40.41874],[-80.040664,40.418989],[-80.040567,40.419151],[-80.039798,40.42037],[-80.039652,40.420464],[-80.039425,40.420604],[-80.039356,40.420646],[-80.038491,40.42054],[-80.03788,40.420447],[-80.037513,40.420364],[-80.037079,40.420301],[-80.037049,40.420423],[-80.038731,40.421215],[-80.038824,40.421001],[-80.039334,40.42114],[-80.03915,40.421436],[-80.039066,40.421574],[-80.039026,40.421639],[-80.038954,40.421741],[-80.038924,40.421782],[-80.03862,40.422214],[-80.03852,40.422359],[-80.038295,40.422742],[-80.037621,40.423891],[-80.037397,40.424275],[-80.03716,40.424617],[-80.036668,40.425409],[-80.036652,40.425435],[-80.03665,40.425434],[-80.036027,40.425191],[-80.035937,40.425156],[-80.036375,40.424452],[-80.036576,40.42413],[-80.036596,40.424093],[-80.036634,40.424025],[-80.033917,40.423083],[-80.033915,40.423008],[-80.03389,40.421687]]],[[[-80.007445,40.428268],[-80.007444,40.428211],[-80.007429,40.427874],[-80.007315,40.427877],[-80.007106,40.427882],[-80.007102,40.427822],[-80.007099,40.42777],[-80.007094,40.427692],[-80.007092,40.427641],[-80.007091,40.427622],[-80.007087,40.427557],[-80.007018,40.42756],[-80.007012,40.427471],[-80.007005,40.427378],[-80.006989,40.427191],[-80.006686,40.427196],[-80.006682,40.427144],[-80.006672,40.427066],[-80.006674,40.427048],[-80.006586,40.426858],[-80.006554,40.426802],[-80.006798,40.426733],[-80.006914,40.42667],[-80.006957,40.426727],[-80.007254,40.427067],[-80.00726,40.427063],[-80.007289,40.427094],[-80.007318,40.427124],[-80.007364,40.427176],[-80.007525,40.427165],[-80.007526,40.427196],[-80.007529,40.427276],[-80.007531,40.427337],[-80.007531,40.42734],[-80.007533,40.427406],[-80.007536,40.427477],[-80.007538,40.427548],[-80.007542,40.427659],[-80.007547,40.42781],[-80.007549,40.427875],[-80.007576,40.428181],[-80.007581,40.428233],[-80.007445,40.428268]]],[[[-80.007533,40.429568],[-80.007592,40.429503],[-80.007922,40.429122],[-80.007997,40.429163],[-80.008142,40.429241],[-80.008227,40.429287],[-80.008279,40.429314],[-80.008329,40.429342],[-80.008382,40.42937],[-80.008433,40.429399],[-80.008491,40.429428],[-80.008543,40.429456],[-80.008602,40.429488],[-80.008754,40.429571],[-80.008905,40.429652],[-80.008956,40.42968],[-80.00881,40.429848],[-80.008558,40.430133],[-80.007533,40.429568]]],[[[-79.914503,40.432649],[-79.914508,40.432582],[-79.914509,40.432561],[-79.914511,40.432506],[-79.914513,40.43245],[-79.914515,40.432383],[-79.914517,40.43233],[-79.914518,40.432318],[-79.914517,40.432298],[-79.914509,40.432297],[-79.914509,40.432297],[-79.91449,40.432297],[-79.91449,40.432282],[-79.914491,40.43227],[-79.91451,40.43227],[-79.91451,40.43227],[-79.915042,40.432267],[-79.915181,40.432266],[-79.915173,40.432314],[-79.915118,40.432632],[-79.915114,40.432656],[-79.914503,40.432649]]],[[[-80.005433,40.43157],[-80.00551,40.431469],[-80.004945,40.431267],[-80.004488,40.431086],[-80.004774,40.430733],[-80.004766,40.430716],[-80.004928,40.430527],[-80.004824,40.430479],[-80.004802,40.430507],[-80.004649,40.43069],[-80.004647,40.430709],[-80.004336,40.430689],[-80.004268,40.43066],[-80.004263,40.430638],[-80.004499,40.430367],[-80.004546,40.430315],[-80.004619,40.430347],[-80.004654,40.430362],[-80.004724,40.430142],[-80.004684,40.430008],[-80.005143,40.430197],[-80.005165,40.430165],[-80.005379,40.429868],[-80.005414,40.429819],[-80.005495,40.429853],[-80.005459,40.429902],[-80.005249,40.4302],[-80.005227,40.430231],[-80.005382,40.430297],[-80.005405,40.430266],[-80.005618,40.42997],[-80.005652,40.429925],[-80.006037,40.430089],[-80.006004,40.430135],[-80.005794,40.430431],[-80.005771,40.430462],[-80.006193,40.430648],[-80.006419,40.430566],[-80.006226,40.430799],[-80.006226,40.430799],[-80.005911,40.431185],[-80.005785,40.431221],[-80.005511,40.431544],[-80.005474,40.431587],[-80.005433,40.43157]]],[[[-79.923655,40.435351],[-79.923655,40.435349],[-79.923521,40.434772],[-79.923497,40.434669],[-79.925196,40.434446],[-79.9252,40.43456],[-79.925211,40.435044],[-79.92523,40.435259],[-79.925106,40.435266],[-79.924867,40.43528],[-79.924833,40.435281],[-79.924659,40.435292],[-79.924558,40.435297],[-79.924537,40.43519],[-79.924429,40.4352],[-79.924449,40.435299],[-79.924414,40.435302],[-79.924261,40.435312],[-79.923979,40.43533],[-79.923737,40.435346],[-79.923655,40.435351]]],[[[-79.928488,40.437985],[-79.929188,40.437936],[-79.929203,40.438033],[-79.929268,40.438551],[-79.929273,40.438582],[-79.928415,40.4387],[-79.928411,40.438667],[-79.928393,40.438528],[-79.928334,40.438089],[-79.928319,40.437997],[-79.928488,40.437985]]],[[[-79.923626,40.439214],[-79.923622,40.43913],[-79.923614,40.438961],[-79.923132,40.438973],[-79.923023,40.438977],[-79.923005,40.438557],[-79.922987,40.438064],[-79.92361,40.438073],[-79.923825,40.438073],[-79.923829,40.438153],[-79.923874,40.439116],[-79.923879,40.439211],[-79.923626,40.439214]]],[[[-80.019198,40.438701],[-80.019382,40.438458],[-80.019427,40.438402],[-80.019185,40.438284],[-80.019228,40.438235],[-80.019246,40.438212],[-80.019418,40.438035],[-80.019338,40.438005],[-80.019162,40.438201],[-80.019117,40.438247],[-80.018928,40.438149],[-80.018854,40.43811],[-80.018742,40.438052],[-80.018639,40.437998],[-80.018331,40.437837],[-80.018229,40.437784],[-80.0183,40.437701],[-80.018514,40.437455],[-80.018586,40.437373],[-80.01859,40.437356],[-80.018634,40.437174],[-80.018685,40.436965],[-80.018779,40.436978],[-80.019198,40.437037],[-80.019235,40.437042],[-80.019203,40.437181],[-80.019237,40.437185],[-80.019658,40.437239],[-80.019739,40.437247],[-80.019698,40.437439],[-80.019761,40.437448],[-80.02023,40.437509],[-80.02069,40.437574],[-80.020763,40.437582],[-80.020817,40.437379],[-80.020886,40.437388],[-80.021346,40.437444],[-80.021351,40.437421],[-80.021368,40.43735],[-80.021393,40.437254],[-80.021393,40.437254],[-80.021408,40.437256],[-80.021828,40.437317],[-80.02192,40.437328],[-80.021748,40.438039],[-80.02166,40.438027],[-80.021251,40.437967],[-80.021251,40.437967],[-80.021216,40.437962],[-80.021185,40.438092],[-80.021169,40.438159],[-80.021154,40.438227],[-80.02113,40.438242],[-80.021067,40.438527],[-80.020542,40.438464],[-80.020462,40.438843],[-80.019792,40.438559],[-80.019755,40.43861],[-80.019574,40.438855],[-80.019198,40.438701]]],[[[-80.019635,40.43766],[-80.019562,40.43765],[-80.019143,40.437592],[-80.019109,40.437587],[-80.019099,40.437629],[-80.01958,40.437883],[-80.019635,40.43766]]],[[[-79.935582,40.440498],[-79.935636,40.440346],[-79.935824,40.439741],[-79.935716,40.439719],[-79.935506,40.439677],[-79.935621,40.439368],[-79.935705,40.439142],[-79.93572,40.439101],[-79.937305,40.439426],[-79.937735,40.439516],[-79.937821,40.43957],[-79.938162,40.439803],[-79.93724,40.440496],[-79.937183,40.440498],[-79.937165,40.440511],[-79.937056,40.440595],[-79.936995,40.440641],[-79.936904,40.44071],[-79.936878,40.44073],[-79.936811,40.44078],[-79.93675,40.440827],[-79.93668,40.440879],[-79.936637,40.440912],[-79.936591,40.440947],[-79.936533,40.44099],[-79.93631,40.441152],[-79.936237,40.441205],[-79.935582,40.440498]]],[[[-79.981047,40.441113],[-79.981186,40.439421],[-79.981222,40.439423],[-79.981372,40.439431],[-79.981421,40.439434],[-79.981471,40.439436],[-79.981521,40.439439],[-79.9818,40.439453],[-79.982241,40.440059],[-79.982268,40.440096],[-79.982307,40.440079],[-79.982578,40.439964],[-79.982639,40.439938],[-79.982911,40.440324],[-79.981047,40.441113]]],[[[-79.898051,40.442725],[-79.898055,40.442643],[-79.898213,40.442648],[-79.898218,40.442407],[-79.89822,40.442349],[-79.898907,40.442368],[-79.898904,40.442423],[-79.898906,40.442545],[-79.898901,40.442668],[-79.899264,40.442673],[-79.89923,40.442761],[-79.899095,40.442756],[-79.898684,40.442742],[-79.898338,40.442732],[-79.89832,40.442732],[-79.898302,40.442731],[-79.898051,40.442725]]],[[[-80.012648,40.438185],[-80.009327,40.436709],[-80.008573,40.437878],[-80.008558,40.437871],[-80.006722,40.437087],[-80.002195,40.435153],[-79.998698,40.433379],[-79.999481,40.432207],[-79.999577,40.432078],[-79.999716,40.431892],[-80.000002,40.431421],[-80.000471,40.430612],[-80.001639,40.431013],[-80.002929,40.431643],[-80.003965,40.432172],[-80.004496,40.432448],[-80.007513,40.434273],[-80.008712,40.434816],[-80.009277,40.435131],[-80.011833,40.436927],[-80.013392,40.437797],[-80.017548,40.439998],[-80.018984,40.440775],[-80.019824,40.441112],[-80.019445,40.44174],[-80.018003,40.441218],[-80.016823,40.440568],[-80.01687,40.440495],[-80.014581,40.439178],[-80.012648,40.438185]]],[[[-79.918057,40.443544],[-79.918341,40.443497],[-79.918429,40.443813],[-79.918514,40.444118],[-79.918537,40.444201],[-79.918521,40.444204],[-79.918055,40.444285],[-79.917779,40.444334],[-79.917563,40.443624],[-79.917704,40.443603],[-79.918057,40.443544]]],[[[-80.046322,40.442394],[-80.045925,40.442289],[-80.045876,40.442329],[-80.045786,40.442341],[-80.045692,40.442261],[-80.045538,40.442129],[-80.045406,40.44203],[-80.045309,40.441957],[-80.046176,40.441259],[-80.04653,40.441108],[-80.046562,40.441177],[-80.046686,40.441728],[-80.046804,40.441769],[-80.046898,40.441801],[-80.046966,40.441824],[-80.047054,40.442207],[-80.047071,40.442279],[-80.047098,40.442421],[-80.047077,40.442596],[-80.046945,40.44256],[-80.046322,40.442394]]],[[[-79.896696,40.445616],[-79.896846,40.445258],[-79.896898,40.445273],[-79.897037,40.444946],[-79.897979,40.445265],[-79.897612,40.445907],[-79.896806,40.445651],[-79.896696,40.445616]]],[[[-79.975619,40.444446],[-79.975506,40.444289],[-79.975247,40.443928],[-79.975165,40.443821],[-79.975048,40.443668],[-79.974646,40.443114],[-79.974508,40.442906],[-79.974391,40.442643],[-79.974323,40.442388],[-79.974307,40.442087],[-79.974321,40.441771],[-79.974279,40.441504],[-79.974193,40.441244],[-79.974028,40.440978],[-79.973951,40.440862],[-79.973817,40.440682],[-79.973784,40.440654],[-79.973864,40.440614],[-79.974405,40.440328],[-79.97473,40.440158],[-79.974778,40.439829],[-79.974466,40.439801],[-79.974471,40.439752],[-79.974481,40.439664],[-79.974533,40.439554],[-79.974677,40.439477],[-79.974983,40.43936],[-79.975376,40.43921],[-79.975726,40.439222],[-79.976054,40.439235],[-79.976177,40.43924],[-79.976282,40.439245],[-79.977912,40.439311],[-79.978331,40.439881],[-79.978672,40.44032],[-79.979691,40.441713],[-79.979568,40.441767],[-79.979739,40.442018],[-79.979702,40.442034],[-79.979384,40.442163],[-79.979242,40.442226],[-79.97925,40.44224],[-79.979289,40.442303],[-79.979388,40.442412],[-79.979544,40.442544],[-79.979675,40.442706],[-79.979276,40.44288],[-79.979232,40.442898],[-79.979102,40.442954],[-79.979059,40.442973],[-79.979023,40.442988],[-79.978918,40.443032],[-79.978884,40.443048],[-79.97881,40.443079],[-79.978588,40.443175],[-79.978515,40.443207],[-79.978375,40.443267],[-79.978267,40.443314],[-79.978063,40.443022],[-79.977599,40.443201],[-79.977815,40.443507],[-79.977602,40.443597],[-79.976963,40.44387],[-79.976817,40.443933],[-79.976751,40.443961],[-79.976524,40.444058],[-79.975845,40.444348],[-79.975619,40.444446]]],[[[-79.96892,40.44447],[-79.968935,40.444397],[-79.968941,40.444322],[-79.96894,40.444247],[-79.96893,40.444173],[-79.968913,40.4441],[-79.968896,40.444052],[-79.968866,40.443982],[-79.968828,40.443914],[-79.968813,40.443892],[-79.968798,40.443871],[-79.968791,40.44386],[-79.968755,40.443814],[-79.968715,40.44377],[-79.968671,40.443728],[-79.968654,40.443713],[-79.968589,40.44366],[-79.968519,40.443611],[-79.968444,40.443567],[-79.968364,40.443527],[-79.96828,40.443493],[-79.968193,40.443464],[-79.968103,40.44344],[-79.968011,40.443422],[-79.967918,40.44341],[-79.967823,40.443404],[-79.967683,40.443401],[-79.967543,40.443403],[-79.96685,40.443822],[-79.966491,40.443948],[-79.966423,40.443975],[-79.966066,40.443385],[-79.966111,40.443368],[-79.966251,40.443329],[-79.966444,40.443276],[-79.966817,40.443188],[-79.967007,40.443144],[-79.967172,40.443106],[-79.967209,40.443097],[-79.967816,40.442957],[-79.967838,40.442952],[-79.967815,40.442888],[-79.967711,40.442626],[-79.967702,40.442599],[-79.968092,40.442513],[-79.96812,40.442475],[-79.967995,40.442243],[-79.967968,40.442193],[-79.968424,40.442055],[-79.968336,40.441834],[-79.968218,40.441637],[-79.968177,40.441525],[-79.96814,40.441444],[-79.968069,40.441289],[-79.968013,40.441214],[-79.968005,40.441204],[-79.967949,40.441155],[-79.967914,40.441102],[-79.967904,40.441087],[-79.967855,40.440921],[-79.967838,40.440861],[-79.967794,40.440695],[-79.967664,40.440197],[-79.967621,40.440031],[-79.967608,40.439957],[-79.967596,40.439908],[-79.967584,40.439857],[-79.967578,40.439809],[-79.967563,40.439762],[-79.967552,40.439708],[-79.967554,40.439672],[-79.967097,40.439739],[-79.96709,40.439713],[-79.967076,40.439655],[-79.967064,40.439607],[-79.967053,40.439559],[-79.967041,40.439511],[-79.967029,40.439461],[-79.967018,40.439413],[-79.967006,40.439365],[-79.966993,40.439317],[-79.966982,40.439268],[-79.96697,40.439218],[-79.966957,40.439166],[-79.966944,40.439117],[-79.966932,40.439069],[-79.966921,40.43902],[-79.966907,40.438955],[-79.966553,40.439003],[-79.966524,40.439006],[-79.96648,40.438697],[-79.966377,40.438534],[-79.966251,40.438321],[-79.966323,40.438055],[-79.966609,40.437764],[-79.966916,40.437633],[-79.967437,40.437701],[-79.967779,40.437793],[-79.970526,40.438735],[-79.970081,40.439352],[-79.970159,40.439411],[-79.97031,40.439524],[-79.970441,40.43965],[-79.970491,40.439714],[-79.970688,40.439666],[-79.970791,40.439645],[-79.971079,40.439588],[-79.97114,40.439575],[-79.971267,40.439551],[-79.971325,40.439545],[-79.971369,40.439542],[-79.971388,40.439543],[-79.971412,40.439544],[-79.972161,40.441451],[-79.972001,40.443023],[-79.972325,40.443023],[-79.972343,40.444396],[-79.969863,40.444408],[-79.969857,40.444643],[-79.96858,40.445432],[-79.968513,40.445386],[-79.968495,40.445355],[-79.968555,40.445235],[-79.968863,40.444619],[-79.968896,40.444546],[-79.96892,40.44447]]],[[[-80.077757,40.441461],[-80.078121,40.441357],[-80.078379,40.441278],[-80.078418,40.441349],[-80.078748,40.441987],[-80.078689,40.442472],[-80.078622,40.443023],[-80.078496,40.443754],[-80.077429,40.444163],[-80.077426,40.444165],[-80.077311,40.443914],[-80.076991,40.443212],[-80.076708,40.442592],[-80.076609,40.442374],[-80.076839,40.442346],[-80.07734,40.442256],[-80.077976,40.442076],[-80.078001,40.442037],[-80.077793,40.441546],[-80.077757,40.441461]]],[[[-79.983122,40.445674],[-79.983583,40.445473],[-79.983562,40.445447],[-79.983333,40.44514],[-79.98328,40.44507],[-79.984859,40.444421],[-79.984238,40.443577],[-79.983979,40.443225],[-79.984612,40.442956],[-79.984104,40.442259],[-79.984044,40.442283],[-79.983798,40.442379],[-79.983561,40.442478],[-79.983478,40.442537],[-79.983256,40.442231],[-79.983244,40.442214],[-79.98321,40.442228],[-79.982495,40.442528],[-79.980805,40.443227],[-79.980521,40.44347],[-79.980456,40.443399],[-79.980416,40.443293],[-79.980434,40.442949],[-79.980486,40.442373],[-79.98098,40.442161],[-79.981036,40.441462],[-79.981576,40.441239],[-79.982268,40.4422],[-79.982652,40.44204],[-79.982855,40.441955],[-79.982927,40.441924],[-79.98311,40.441869],[-79.983424,40.441735],[-79.983743,40.441604],[-79.983801,40.441581],[-79.983453,40.441077],[-79.985426,40.440234],[-79.985507,40.440345],[-79.98575,40.440678],[-79.985832,40.44079],[-79.985868,40.440839],[-79.985976,40.440988],[-79.986013,40.441038],[-79.986064,40.441107],[-79.986186,40.441274],[-79.986255,40.44137],[-79.986977,40.442373],[-79.987218,40.442708],[-79.987609,40.44325],[-79.988112,40.443943],[-79.988139,40.444058],[-79.987227,40.444456],[-79.986953,40.444074],[-79.986655,40.444193],[-79.986513,40.444011],[-79.986371,40.444068],[-79.986194,40.443831],[-79.986079,40.44388],[-79.986274,40.44415],[-79.986086,40.444229],[-79.986125,40.444288],[-79.985902,40.444372],[-79.98619,40.444774],[-79.986128,40.444798],[-79.985812,40.444928],[-79.985756,40.444853],[-79.985712,40.444794],[-79.985657,40.444721],[-79.985598,40.444746],[-79.98542,40.444506],[-79.98504,40.444668],[-79.985144,40.444818],[-79.984925,40.444913],[-79.98494,40.444933],[-79.98494,40.444933],[-79.98497,40.444974],[-79.984999,40.445012],[-79.98514,40.44495],[-79.985216,40.444916],[-79.985453,40.445228],[-79.984015,40.445826],[-79.983961,40.445754],[-79.983836,40.445587],[-79.983816,40.445596],[-79.983768,40.445617],[-79.983893,40.445783],[-79.983948,40.445857],[-79.983427,40.446082],[-79.983373,40.446006],[-79.983254,40.445849],[-79.983149,40.445709],[-79.983122,40.445674]]],[[[-79.981302,40.446978],[-79.98125,40.447],[-79.981196,40.446927],[-79.981085,40.446786],[-79.981028,40.446714],[-79.980801,40.44681],[-79.980718,40.446843],[-79.980501,40.446558],[-79.980588,40.446521],[-79.980804,40.446432],[-79.980748,40.446362],[-79.98068,40.446275],[-79.980617,40.446197],[-79.980326,40.446318],[-79.979689,40.445447],[-79.979689,40.445447],[-79.979778,40.445409],[-79.980045,40.445291],[-79.980077,40.445277],[-79.98011,40.445323],[-79.980122,40.445318],[-79.980148,40.445307],[-79.980403,40.445197],[-79.980478,40.445166],[-79.980325,40.444953],[-79.9804,40.444921],[-79.980596,40.444842],[-79.980602,40.444849],[-79.980703,40.444808],[-79.980788,40.444773],[-79.981007,40.444684],[-79.981089,40.44465],[-79.981182,40.444778],[-79.981406,40.445086],[-79.981322,40.445118],[-79.981018,40.445242],[-79.98105,40.445284],[-79.981138,40.445401],[-79.981164,40.445435],[-79.981233,40.445526],[-79.981251,40.445519],[-79.981426,40.445759],[-79.981477,40.445834],[-79.981835,40.445681],[-79.981837,40.445683],[-79.981844,40.445693],[-79.981901,40.445772],[-79.982075,40.446011],[-79.982084,40.446023],[-79.981987,40.446062],[-79.981723,40.446175],[-79.981725,40.446178],[-79.981795,40.44627],[-79.981829,40.446315],[-79.982092,40.446207],[-79.98219,40.446169],[-79.982133,40.446091],[-79.982405,40.445979],[-79.982428,40.44601],[-79.982657,40.446315],[-79.982708,40.446384],[-79.982667,40.446401],[-79.98249,40.446476],[-79.982432,40.446501],[-79.982356,40.446533],[-79.982127,40.446629],[-79.982052,40.446662],[-79.981902,40.446725],[-79.981676,40.446821],[-79.981452,40.446914],[-79.981302,40.446978]]],[[[-79.981894,40.446464],[-79.981842,40.446396],[-79.981791,40.446413],[-79.981791,40.446413],[-79.981665,40.446463],[-79.981723,40.446539],[-79.981844,40.446484],[-79.981844,40.446484],[-79.981894,40.446464]]],[[[-79.981412,40.4461],[-79.98133,40.445999],[-79.981267,40.445923],[-79.981196,40.445954],[-79.981258,40.446028],[-79.981341,40.44613],[-79.981412,40.4461]]],[[[-80.034019,40.446198],[-80.034431,40.445929],[-80.034738,40.446203],[-80.034333,40.446472],[-80.034019,40.446198]]],[[[-79.922198,40.451106],[-79.922128,40.450919],[-79.922124,40.450909],[-79.92216,40.450904],[-79.922338,40.450885],[-79.922856,40.450835],[-79.922962,40.450827],[-79.923246,40.450797],[-79.923662,40.450733],[-79.923697,40.450729],[-79.924288,40.450882],[-79.924405,40.450912],[-79.924988,40.450679],[-79.925152,40.45093],[-79.924883,40.451044],[-79.924862,40.45101],[-79.924767,40.45105],[-79.924795,40.451092],[-79.924706,40.451131],[-79.924736,40.451173],[-79.924744,40.451185],[-79.924863,40.451364],[-79.92493,40.451466],[-79.924974,40.451536],[-79.924945,40.451547],[-79.92437,40.451779],[-79.924281,40.451815],[-79.923974,40.45194],[-79.923654,40.452069],[-79.922711,40.452453],[-79.92268,40.452374],[-79.922562,40.452064],[-79.922465,40.451809],[-79.922338,40.451475],[-79.92227,40.451293],[-79.922198,40.451106]]],[[[-79.95157,40.451191],[-79.951679,40.451149],[-79.952143,40.450986],[-79.952171,40.450976],[-79.952297,40.451171],[-79.95233,40.451159],[-79.95292,40.450954],[-79.952992,40.450929],[-79.953339,40.451511],[-79.952687,40.451709],[-79.9526,40.451737],[-79.952011,40.451912],[-79.951616,40.451266],[-79.95157,40.451191]]],[[[-79.999633,40.451928],[-79.999518,40.451948],[-79.999495,40.451881],[-79.999474,40.451823],[-79.999257,40.451215],[-79.999241,40.451171],[-79.999222,40.45112],[-79.999365,40.451094],[-80.000204,40.45094],[-80.000215,40.450971],[-80.000396,40.451518],[-80.000926,40.45141],[-80.001073,40.451382],[-80.001088,40.45143],[-80.001101,40.451472],[-80.001149,40.451625],[-80.001157,40.451651],[-79.999633,40.451928]]],[[[-80.047119,40.448834],[-80.047235,40.448507],[-80.047374,40.44812],[-80.047897,40.447879],[-80.047897,40.447879],[-80.047934,40.447896],[-80.048137,40.447991],[-80.048228,40.448034],[-80.048285,40.448061],[-80.048354,40.448093],[-80.048736,40.44827],[-80.048824,40.448162],[-80.048741,40.447999],[-80.048514,40.447597],[-80.048475,40.447536],[-80.048678,40.447451],[-80.048812,40.447376],[-80.049342,40.446711],[-80.04928,40.446673],[-80.049139,40.446606],[-80.048912,40.446498],[-80.048889,40.446474],[-80.048702,40.446369],[-80.049134,40.446204],[-80.049182,40.446192],[-80.049475,40.446119],[-80.050329,40.445911],[-80.051352,40.445122],[-80.052214,40.443939],[-80.052217,40.443935],[-80.052236,40.443943],[-80.052549,40.443997],[-80.052881,40.444055],[-80.053132,40.444099],[-80.053452,40.444154],[-80.053564,40.444174],[-80.0532,40.444673],[-80.052758,40.445277],[-80.052834,40.445357],[-80.053087,40.445643],[-80.053462,40.445377],[-80.05346,40.445297],[-80.05397,40.445286],[-80.05411,40.445283],[-80.054144,40.445217],[-80.054199,40.445217],[-80.054247,40.445216],[-80.054494,40.445383],[-80.05467,40.445501],[-80.054813,40.445598],[-80.055001,40.445724],[-80.055164,40.445946],[-80.055151,40.446391],[-80.055147,40.44653],[-80.055138,40.446809],[-80.055126,40.447215],[-80.055127,40.447267],[-80.053825,40.447255],[-80.053354,40.447795],[-80.052596,40.448049],[-80.052301,40.448155],[-80.052158,40.448291],[-80.051074,40.449303],[-80.050987,40.449319],[-80.050897,40.449477],[-80.050716,40.449791],[-80.050692,40.449832],[-80.050675,40.449861],[-80.050656,40.449895],[-80.050632,40.449935],[-80.050615,40.449965],[-80.050596,40.449999],[-80.050575,40.450035],[-80.050558,40.450064],[-80.050536,40.450099],[-80.050565,40.450174],[-80.050345,40.450555],[-80.050658,40.45092],[-80.050425,40.451378],[-80.04978,40.451261],[-80.049342,40.451183],[-80.04735,40.450831],[-80.046725,40.450721],[-80.046478,40.450675],[-80.046463,40.450672],[-80.046482,40.450617],[-80.046593,40.450306],[-80.047119,40.448834]]],[[[-79.990941,40.447664],[-79.991287,40.447446],[-79.991343,40.447533],[-79.991433,40.447656],[-79.99153,40.447775],[-79.991634,40.447891],[-79.991746,40.448002],[-79.991844,40.448088],[-79.991959,40.448192],[-79.992429,40.448612],[-79.992591,40.448758],[-79.992708,40.448862],[-79.992722,40.448876],[-79.992736,40.448889],[-79.993519,40.449651],[-79.990804,40.451605],[-79.986587,40.454603],[-79.985749,40.453897],[-79.985718,40.453871],[-79.985415,40.453615],[-79.984732,40.453039],[-79.984442,40.452794],[-79.984535,40.452733],[-79.985356,40.45218],[-79.986368,40.451476],[-79.986476,40.451403],[-79.987499,40.450766],[-79.988625,40.450057],[-79.988761,40.449975],[-79.988833,40.449928],[-79.988183,40.449401],[-79.990941,40.447664]]],[[[-79.866638,40.452696],[-79.867142,40.452446],[-79.867439,40.452306],[-79.867672,40.452144],[-79.867859,40.452154],[-79.868034,40.452165],[-79.868284,40.45218],[-79.868342,40.452182],[-79.868377,40.452182],[-79.868685,40.452201],[-79.868744,40.452203],[-79.868744,40.452203],[-79.868745,40.452203],[-79.869121,40.452222],[-79.869171,40.452224],[-79.869356,40.452233],[-79.869383,40.452234],[-79.869977,40.452261],[-79.871365,40.452333],[-79.871734,40.45235],[-79.872483,40.452385],[-79.873182,40.452416],[-79.873279,40.452372],[-79.87324,40.452294],[-79.872583,40.449383],[-79.872616,40.449383],[-79.872688,40.449375],[-79.873155,40.449421],[-79.873951,40.449493],[-79.874146,40.44951],[-79.87423,40.449519],[-79.874502,40.449546],[-79.876486,40.449748],[-79.876564,40.449755],[-79.876581,40.451246],[-79.876508,40.451249],[-79.87616,40.45125],[-79.876019,40.451251],[-79.875878,40.451253],[-79.875809,40.451253],[-79.875621,40.451255],[-79.875539,40.451256],[-79.875425,40.451257],[-79.875347,40.451258],[-79.875233,40.451259],[-79.875144,40.45126],[-79.875025,40.451261],[-79.874821,40.451263],[-79.87462,40.451266],[-79.874618,40.451266],[-79.874446,40.451266],[-79.874081,40.451262],[-79.874038,40.451561],[-79.874034,40.451595],[-79.873998,40.451885],[-79.874241,40.451889],[-79.87443,40.451888],[-79.874456,40.451888],[-79.874649,40.451887],[-79.874675,40.451887],[-79.874856,40.451886],[-79.874868,40.451886],[-79.875063,40.451885],[-79.875081,40.451885],[-79.875275,40.451884],[-79.875292,40.451884],[-79.875479,40.451884],[-79.875489,40.451883],[-79.875674,40.451882],[-79.875878,40.451877],[-79.87649,40.451876],[-79.876429,40.451912],[-79.876356,40.451955],[-79.876223,40.452033],[-79.876143,40.45208],[-79.876015,40.452155],[-79.8758,40.452282],[-79.875724,40.452327],[-79.87558,40.452411],[-79.875506,40.452455],[-79.875475,40.452473],[-79.875434,40.452497],[-79.875344,40.45255],[-79.875274,40.452594],[-79.875278,40.452745],[-79.875282,40.45284],[-79.875291,40.453036],[-79.875297,40.453162],[-79.875293,40.453321],[-79.875301,40.453531],[-79.875306,40.45368],[-79.875307,40.45373],[-79.87531,40.453819],[-79.875317,40.454012],[-79.875323,40.45421],[-79.875326,40.454299],[-79.875328,40.454367],[-79.875332,40.454482],[-79.875335,40.454559],[-79.875339,40.454697],[-79.875344,40.454837],[-79.875348,40.454961],[-79.875351,40.45506],[-79.875353,40.455127],[-79.87536,40.455316],[-79.875364,40.45545],[-79.875367,40.455519],[-79.875369,40.455585],[-79.875371,40.455654],[-79.875376,40.455794],[-79.875383,40.456007],[-79.875385,40.45606],[-79.875387,40.456124],[-79.875394,40.45634],[-79.875398,40.456473],[-79.875401,40.456569],[-79.875403,40.456616],[-79.875408,40.456765],[-79.875412,40.456898],[-79.875414,40.456961],[-79.875419,40.457105],[-79.875424,40.457236],[-79.87539,40.45726],[-79.87279,40.457261],[-79.872763,40.457233],[-79.871775,40.457229],[-79.871469,40.457151],[-79.868281,40.456359],[-79.865846,40.455753],[-79.865979,40.455105],[-79.866247,40.453797],[-79.866264,40.453714],[-79.866265,40.453713],[-79.86651,40.453597],[-79.866629,40.453544],[-79.866723,40.453503],[-79.866747,40.453439],[-79.866824,40.453296],[-79.866876,40.453138],[-79.866863,40.452998],[-79.866792,40.452878],[-79.866709,40.452784],[-79.866638,40.452696]]],[[[-79.93395,40.456465],[-79.933944,40.456454],[-79.933709,40.456545],[-79.933634,40.456573],[-79.933488,40.456301],[-79.933543,40.456264],[-79.933773,40.456111],[-79.933778,40.456106],[-79.933981,40.45593],[-79.93406,40.455861],[-79.934206,40.455735],[-79.934429,40.455541],[-79.934561,40.455424],[-79.935052,40.455784],[-79.935186,40.455977],[-79.93535,40.456285],[-79.935362,40.456307],[-79.935274,40.456334],[-79.935256,40.456369],[-79.935461,40.456753],[-79.935506,40.456838],[-79.93517,40.456939],[-79.935014,40.456986],[-79.934456,40.457154],[-79.934368,40.45718],[-79.934336,40.457189],[-79.93433,40.457191],[-79.934282,40.457094],[-79.934151,40.456846],[-79.933963,40.45649],[-79.93395,40.456465]]],[[[-80.073605,40.449388],[-80.073403,40.449063],[-80.073184,40.448713],[-80.073152,40.448661],[-80.073152,40.448661],[-80.075462,40.44822],[-80.076353,40.44805],[-80.076463,40.448032],[-80.076537,40.448015],[-80.076531,40.447988],[-80.076538,40.447987],[-80.076549,40.447985],[-80.077216,40.447688],[-80.077225,40.447693],[-80.077254,40.447668],[-80.077247,40.447662],[-80.077321,40.447603],[-80.077367,40.447566],[-80.077658,40.447757],[-80.07806,40.44802],[-80.078138,40.448075],[-80.078309,40.448501],[-80.0785,40.448515],[-80.078666,40.448551],[-80.078834,40.448602],[-80.079003,40.448694],[-80.079423,40.448998],[-80.079367,40.449045],[-80.078561,40.449711],[-80.078881,40.449939],[-80.078564,40.450201],[-80.078561,40.450257],[-80.078807,40.450439],[-80.078777,40.450464],[-80.078475,40.450713],[-80.078987,40.451063],[-80.079058,40.451117],[-80.078578,40.451513],[-80.078608,40.451534],[-80.078646,40.451562],[-80.079632,40.452327],[-80.080148,40.452727],[-80.080424,40.452941],[-80.081147,40.453502],[-80.081965,40.454126],[-80.081999,40.45415],[-80.08007,40.455761],[-80.080048,40.45574],[-80.077684,40.453463],[-80.077667,40.453448],[-80.077557,40.453356],[-80.077345,40.453169],[-80.076851,40.452733],[-80.076605,40.452534],[-80.076338,40.452359],[-80.075772,40.452007],[-80.075855,40.451935],[-80.076426,40.451469],[-80.076393,40.451445],[-80.076237,40.451332],[-80.076082,40.451224],[-80.075803,40.451019],[-80.075726,40.450964],[-80.075496,40.450785],[-80.075469,40.450766],[-80.075267,40.450623],[-80.07517,40.450554],[-80.075093,40.4505],[-80.07484,40.450303],[-80.074558,40.450076],[-80.074324,40.449925],[-80.074176,40.449817],[-80.074142,40.449788],[-80.073883,40.449602],[-80.073605,40.449388]]],[[[-79.872209,40.459805],[-79.872198,40.458595],[-79.874065,40.458616],[-79.875225,40.458629],[-79.874507,40.459271],[-79.874482,40.459293],[-79.874151,40.459587],[-79.873889,40.459821],[-79.873811,40.459891],[-79.873739,40.459773],[-79.873634,40.459615],[-79.873256,40.45936],[-79.873204,40.459327],[-79.872456,40.459964],[-79.872209,40.459805]]],[[[-79.917807,40.457754],[-79.917737,40.457706],[-79.917546,40.457577],[-79.917415,40.457489],[-79.917226,40.457655],[-79.9169,40.457944],[-79.916742,40.458098],[-79.91669,40.458184],[-79.916667,40.458225],[-79.916633,40.458344],[-79.916619,40.458424],[-79.915357,40.457483],[-79.915257,40.457555],[-79.915215,40.457585],[-79.914752,40.457928],[-79.914198,40.458337],[-79.913883,40.458209],[-79.913876,40.458207],[-79.913822,40.458185],[-79.91379,40.458172],[-79.913946,40.458056],[-79.914818,40.457409],[-79.914852,40.457384],[-79.915081,40.457202],[-79.914744,40.456966],[-79.914178,40.456557],[-79.914054,40.456467],[-79.914372,40.456429],[-79.914978,40.455901],[-79.915042,40.455848],[-79.91542,40.456108],[-79.915445,40.456125],[-79.916287,40.455323],[-79.916275,40.45527],[-79.916557,40.454987],[-79.917011,40.455297],[-79.917476,40.455623],[-79.917818,40.455351],[-79.918194,40.455053],[-79.918249,40.455052],[-79.918771,40.455421],[-79.919218,40.455549],[-79.918977,40.456081],[-79.919343,40.456323],[-79.919411,40.456347],[-79.9197,40.456423],[-79.919669,40.456486],[-79.919517,40.456812],[-79.919501,40.456842],[-79.920086,40.457013],[-79.92007,40.457046],[-79.919917,40.457351],[-79.919894,40.457396],[-79.921233,40.457817],[-79.921187,40.457862],[-79.920943,40.458098],[-79.920362,40.458659],[-79.920369,40.458663],[-79.919888,40.459074],[-79.919859,40.459099],[-79.919515,40.458883],[-79.919337,40.45881],[-79.919084,40.458635],[-79.918325,40.458111],[-79.918072,40.457937],[-79.917941,40.457846],[-79.917807,40.457754]]],[[[-79.887524,40.461171],[-79.88752,40.460969],[-79.887365,40.460972],[-79.886803,40.460976],[-79.886799,40.460803],[-79.886276,40.460808],[-79.886276,40.460677],[-79.885844,40.460682],[-79.885768,40.460685],[-79.885773,40.459744],[-79.885848,40.459743],[-79.886255,40.459737],[-79.886253,40.459669],[-79.886249,40.459553],[-79.886246,40.459468],[-79.886243,40.4594],[-79.886241,40.459331],[-79.886219,40.459312],[-79.886158,40.459312],[-79.886152,40.459291],[-79.886133,40.459223],[-79.886463,40.459227],[-79.886466,40.459223],[-79.886533,40.459177],[-79.886282,40.458975],[-79.887446,40.458635],[-79.887936,40.458499],[-79.887979,40.458428],[-79.88782,40.458092],[-79.887763,40.45796],[-79.887617,40.457624],[-79.887571,40.457518],[-79.887603,40.45751],[-79.887711,40.457482],[-79.887589,40.457212],[-79.887584,40.4572],[-79.887559,40.45715],[-79.887526,40.457085],[-79.887524,40.45708],[-79.887407,40.456833],[-79.887526,40.456555],[-79.887535,40.456536],[-79.887564,40.456468],[-79.88774,40.456508],[-79.888007,40.457087],[-79.888417,40.457181],[-79.888394,40.45725],[-79.888388,40.457265],[-79.888329,40.457437],[-79.888381,40.457449],[-79.888443,40.457462],[-79.888499,40.457474],[-79.888581,40.457492],[-79.888667,40.457511],[-79.888695,40.457517],[-79.888718,40.457522],[-79.888693,40.457582],[-79.888712,40.457616],[-79.889211,40.45773],[-79.8892,40.457758],[-79.889106,40.458001],[-79.88908,40.458069],[-79.888385,40.457911],[-79.888621,40.458423],[-79.888612,40.459332],[-79.888512,40.46125],[-79.888425,40.461251],[-79.887995,40.46125],[-79.88799,40.461169],[-79.887524,40.461171]]],[[[-80.062891,40.461253],[-80.062377,40.460395],[-80.062559,40.460424],[-80.062736,40.45989],[-80.062553,40.459591],[-80.062333,40.459472],[-80.062081,40.458708],[-80.062166,40.458365],[-80.062091,40.458282],[-80.06237,40.458324],[-80.062491,40.458362],[-80.062698,40.458428],[-80.063171,40.458578],[-80.063415,40.458655],[-80.06396,40.458829],[-80.064062,40.458858],[-80.064224,40.458909],[-80.064669,40.45905],[-80.06509,40.459185],[-80.064898,40.459576],[-80.065029,40.459827],[-80.064897,40.459871],[-80.065245,40.460506],[-80.062891,40.461253]]],[[[-79.991893,40.463654],[-79.991732,40.463648],[-79.991587,40.46366],[-79.991497,40.463685],[-79.991406,40.463465],[-79.991225,40.46308],[-79.991982,40.462844],[-79.992154,40.46279],[-79.992176,40.462833],[-79.992367,40.463215],[-79.992393,40.463267],[-79.991939,40.463412],[-79.991965,40.463461],[-79.992093,40.4637],[-79.99189,40.463692],[-79.991893,40.463654]]],[[[-79.919543,40.46199],[-79.918768,40.461706],[-79.918418,40.461737],[-79.918303,40.461747],[-79.918349,40.462066],[-79.91819,40.462072],[-79.918173,40.461947],[-79.91735,40.462022],[-79.917358,40.462077],[-79.917368,40.462167],[-79.917394,40.46233],[-79.917401,40.462381],[-79.916929,40.462424],[-79.916981,40.462759],[-79.916998,40.462874],[-79.916912,40.462937],[-79.916876,40.462896],[-79.91679,40.462798],[-79.916591,40.462568],[-79.916541,40.462499],[-79.916466,40.462394],[-79.916379,40.462273],[-79.916286,40.4621],[-79.916263,40.462055],[-79.916074,40.461678],[-79.915898,40.461143],[-79.915812,40.460879],[-79.915799,40.460809],[-79.916697,40.46067],[-79.918659,40.460507],[-79.918912,40.460539],[-79.919045,40.460586],[-79.91973,40.460834],[-79.920486,40.461109],[-79.921004,40.460218],[-79.921064,40.460114],[-79.921145,40.459996],[-79.921232,40.460053],[-79.921569,40.460206],[-79.922175,40.460446],[-79.922625,40.460563],[-79.9227,40.460637],[-79.922677,40.460682],[-79.922065,40.461682],[-79.92131,40.462886],[-79.920982,40.463287],[-79.920422,40.464182],[-79.919907,40.465078],[-79.919631,40.464977],[-79.918941,40.464727],[-79.918812,40.464656],[-79.918773,40.464635],[-79.918603,40.464522],[-79.918567,40.464496],[-79.918357,40.464343],[-79.918319,40.464307],[-79.91777,40.463792],[-79.917636,40.463667],[-79.917409,40.463454],[-79.919612,40.462016],[-79.919543,40.46199]]],[[[-79.929148,40.46508],[-79.929096,40.465173],[-79.929064,40.465161],[-79.929033,40.46515],[-79.928911,40.465105],[-79.928816,40.46507],[-79.928745,40.465044],[-79.928676,40.465018],[-79.928588,40.464986],[-79.928521,40.464961],[-79.928516,40.46497],[-79.928512,40.464977],[-79.928471,40.464963],[-79.928433,40.46495],[-79.928345,40.46492],[-79.928314,40.464909],[-79.928319,40.464902],[-79.928325,40.464892],[-79.928289,40.46488],[-79.928237,40.464863],[-79.928241,40.464857],[-79.928224,40.464851],[-79.928135,40.46482],[-79.928045,40.464789],[-79.928031,40.464785],[-79.927977,40.464766],[-79.92791,40.464743],[-79.927845,40.46472],[-79.927781,40.464698],[-79.927778,40.464703],[-79.927747,40.464692],[-79.927713,40.46468],[-79.927723,40.464663],[-79.927743,40.464628],[-79.927895,40.464367],[-79.927936,40.464298],[-79.927937,40.464296],[-79.927992,40.464202],[-79.928102,40.464013],[-79.928196,40.463864],[-79.928811,40.462843],[-79.927865,40.462499],[-79.927247,40.463512],[-79.926893,40.464093],[-79.926381,40.463915],[-79.926355,40.463845],[-79.926658,40.46336],[-79.926691,40.463305],[-79.926216,40.463129],[-79.927471,40.461107],[-79.927913,40.461252],[-79.928496,40.461464],[-79.928857,40.460872],[-79.928951,40.4609],[-79.929304,40.461026],[-79.929386,40.461014],[-79.930234,40.461312],[-79.930279,40.461377],[-79.930125,40.46163],[-79.930486,40.461712],[-79.930571,40.461731],[-79.930434,40.461955],[-79.9314,40.462332],[-79.931392,40.462344],[-79.931369,40.462383],[-79.931362,40.462396],[-79.931354,40.46241],[-79.931266,40.462544],[-79.931162,40.462705],[-79.931063,40.462858],[-79.930982,40.462988],[-79.93091,40.463106],[-79.930891,40.463139],[-79.930847,40.463211],[-79.930718,40.463428],[-79.930676,40.463501],[-79.930556,40.463703],[-79.930349,40.464052],[-79.930196,40.46431],[-79.930077,40.464513],[-79.929942,40.464734],[-79.929629,40.465247],[-79.929629,40.465247],[-79.929534,40.465215],[-79.929456,40.465188],[-79.929148,40.46508]]],[[[-79.932973,40.470732],[-79.932953,40.470717],[-79.932909,40.470686],[-79.932854,40.470659],[-79.932829,40.470653],[-79.932996,40.470382],[-79.933432,40.470537],[-79.933635,40.470208],[-79.934936,40.470681],[-79.934996,40.470665],[-79.935153,40.47041],[-79.935185,40.470359],[-79.935459,40.470459],[-79.935637,40.470161],[-79.935236,40.470012],[-79.935249,40.469989],[-79.935386,40.469762],[-79.935389,40.469757],[-79.935389,40.469757],[-79.935417,40.469713],[-79.935982,40.469917],[-79.936018,40.469861],[-79.936049,40.469817],[-79.93626,40.46951],[-79.936345,40.469386],[-79.936129,40.46931],[-79.935853,40.469213],[-79.935783,40.469186],[-79.93593,40.468948],[-79.93793,40.469229],[-79.937708,40.470123],[-79.937799,40.470208],[-79.938173,40.470254],[-79.938146,40.470362],[-79.938677,40.470451],[-79.938703,40.47035],[-79.938765,40.470312],[-79.938898,40.469759],[-79.938957,40.469716],[-79.939181,40.46873],[-79.940489,40.468907],[-79.94048,40.468945],[-79.940461,40.469028],[-79.940381,40.469414],[-79.942008,40.469646],[-79.941965,40.469839],[-79.942644,40.469938],[-79.942586,40.470202],[-79.942476,40.470393],[-79.942535,40.470539],[-79.94259,40.470676],[-79.942617,40.470739],[-79.942735,40.471018],[-79.942763,40.471085],[-79.935892,40.472687],[-79.9358,40.472669],[-79.93562,40.472621],[-79.935456,40.47257],[-79.935302,40.472522],[-79.935016,40.472411],[-79.934843,40.472344],[-79.934814,40.472326],[-79.934574,40.472174],[-79.934545,40.472155],[-79.934353,40.471984],[-79.93433,40.471964],[-79.933713,40.47139],[-79.933694,40.471373],[-79.933496,40.471197],[-79.93336,40.471076],[-79.933078,40.470825],[-79.932973,40.470732]]],[[[-80.017241,40.475553],[-80.017272,40.475545],[-80.017302,40.476017],[-80.017302,40.476019],[-80.01739,40.477321],[-80.015662,40.477394],[-80.015652,40.477047],[-80.015688,40.477008],[-80.015835,40.476817],[-80.015873,40.476728],[-80.015878,40.476643],[-80.015884,40.476571],[-80.015877,40.476478],[-80.015849,40.476414],[-80.015788,40.476329],[-80.015703,40.476264],[-80.015424,40.476091],[-80.015138,40.475923],[-80.015046,40.47586],[-80.015125,40.475779],[-80.015295,40.475598],[-80.017241,40.475553]]],[[[-79.891201,40.489601],[-79.891152,40.489586],[-79.891141,40.489604],[-79.890279,40.489352],[-79.890285,40.48934],[-79.890191,40.489314],[-79.890186,40.489325],[-79.889332,40.489077],[-79.890207,40.487099],[-79.890212,40.487088],[-79.890216,40.487088],[-79.890225,40.487088],[-79.890844,40.48712],[-79.890845,40.48712],[-79.890846,40.48712],[-79.89096,40.48674],[-79.890961,40.486735],[-79.890961,40.486735],[-79.89096,40.486735],[-79.89097,40.486691],[-79.890985,40.48663],[-79.892212,40.486734],[-79.893315,40.486878],[-79.894392,40.487056],[-79.895484,40.487284],[-79.895441,40.487367],[-79.894611,40.489097],[-79.893951,40.49042],[-79.892788,40.490083],[-79.891192,40.489619],[-79.891201,40.489601]]],[[[-80.011551,40.496324],[-80.01134,40.496314],[-80.011307,40.496726],[-80.011305,40.49677],[-80.011169,40.496758],[-80.011194,40.496302],[-80.010998,40.496275],[-80.010522,40.496217],[-80.010555,40.496652],[-80.010558,40.496696],[-80.009724,40.496665],[-80.009563,40.496642],[-80.009187,40.496528],[-80.008586,40.496298],[-80.007888,40.496039],[-80.008019,40.495569],[-80.007933,40.495342],[-80.007583,40.49508],[-80.007275,40.49484],[-80.007203,40.494656],[-80.007206,40.494513],[-80.007288,40.494387],[-80.007361,40.494426],[-80.00748,40.494493],[-80.007567,40.494525],[-80.007579,40.4945],[-80.007691,40.494566],[-80.007878,40.494565],[-80.008484,40.494575],[-80.008537,40.494359],[-80.008539,40.494326],[-80.008551,40.49425],[-80.008739,40.494267],[-80.008998,40.494255],[-80.009044,40.494374],[-80.009133,40.494607],[-80.009403,40.494605],[-80.009571,40.494607],[-80.009846,40.494607],[-80.009922,40.494607],[-80.010122,40.494607],[-80.01083,40.494608],[-80.011895,40.494605],[-80.012056,40.49519],[-80.012324,40.496073],[-80.012508,40.496714],[-80.012108,40.496778],[-80.011529,40.496776],[-80.01153,40.496735],[-80.011531,40.496697],[-80.011551,40.496324]]]]}}
]}
